{"version":"0.4","title":"Home 1","type":"page","content":[{"id":"236ebf10","settings":{"layout":"full_width","gap":"no","content_position":"middle","html_tag":"div","padding":{"unit":"em","top":"0","right":"0","bottom":"0","left":"0","isLinked":false}},"elements":[{"id":"6cadb7d2","settings":{"_column_size":100},"elements":[{"id":"4d7a81d4","settings":{"nav_item_lists":[{"nav":"About","link":"#about","_id":"80ce0b8","show_dropdown":"yes","sub_nav":"How It Works\nWhy XooApp\nWatch Video\nReviews\n<div class=\"dropdown-divider\"><\/div>\nPress About Us","priority":""},{"nav":"Screens","link":"#screens","_id":"6f21b50","show_dropdown":"","sub_nav":"","priority":""},{"nav":"Our Team","link":"#our_team","_id":"0002162","show_dropdown":"","sub_nav":"","priority":""},{"nav":"Features","link":"#features","_id":"338912a","show_dropdown":"","sub_nav":"","priority":""},{"nav":"Blog","link":"#blog","_id":"135bf74","show_dropdown":"","sub_nav":"","priority":""}],"social_button":"yes","social_icon_list":[{"social":"fa fa-facebook","_id":"bec443c","social_link":{"url":"","is_external":"","nofollow":""}},{"social":"fa fa-twitter","_id":"c3dfe5c","social_link":{"url":"","is_external":"","nofollow":""}},{"social":"fa fa-dribbble","_id":"818892f","social_link":{"url":"","is_external":"","nofollow":""}}],"title_typography_typography":"custom","title_typography_font_weight":"500"},"elements":[],"isInner":false,"widgetType":"xooapp_header","elType":"widget"}],"isInner":false,"elType":"column"}],"isInner":false,"elType":"section"},{"id":"79ac14b3","settings":{"structure":"20","background_background":"classic","background_image":{"url":"http:\/\/jthemes.org\/wp\/xooapp\/wp-content\/uploads\/2018\/10\/hero-1.jpg","id":36},"background_position":"center center","padding":{"unit":"px","top":"160","right":"0","bottom":"100","left":"0","isLinked":false},"content_position":"middle","margin_mobile":{"unit":"px","top":"0","right":0,"bottom":"0","left":0,"isLinked":false},"padding_mobile":{"unit":"px","top":"80","right":"0","bottom":"0","left":"0","isLinked":false},"padding_tablet":{"unit":"px","top":"0","right":"0","bottom":"0","left":"0","isLinked":true}},"elements":[{"id":"3f124e0c","settings":{"_column_size":50,"_inline_size":null,"margin_mobile":{"unit":"px","top":"0","right":"0","bottom":"0","left":"0","isLinked":false},"padding_mobile":{"unit":"px","top":"0","right":"0","bottom":"0","left":"0","isLinked":false}},"elements":[{"id":"12449cc7","settings":{"title":"Your Secure Mobile Storage\n","align":"left","subheading_title":"","title_color":"#ffffff","title_margin":{"unit":"px","top":"0","right":"0","bottom":"0","left":"0","isLinked":false},"sub_title_color":"#ffffff","sub_typography_typography":"custom","subtitle_margin":{"unit":"px","top":"0","right":"0","bottom":"0","left":"0","isLinked":false},"subtitle_padding":{"unit":"px","top":"0","right":"0","bottom":"0","left":"0","isLinked":false},"section_margin":{"unit":"px","top":"0","right":"0","bottom":"0","left":"0","isLinked":false},"subtitle_margin_mobile":{"unit":"px","top":"0","right":"0","bottom":"0","left":"0","isLinked":false},"subtitle_padding_mobile":{"unit":"px","top":"0","right":"0","bottom":"0","left":"0","isLinked":false},"section_padding":{"unit":"px","top":"0","right":"0","bottom":"0","left":"0","isLinked":false},"_margin":{"unit":"px","top":"-30","right":"0","bottom":"0","left":"0","isLinked":false},"_margin_tablet":{"unit":"px","top":"0","right":"0","bottom":"0","left":"0","isLinked":false},"_margin_mobile":{"unit":"px","top":"40","right":"0","bottom":"0","left":"0","isLinked":false},"_padding":{"unit":"px","top":"0","right":"0","bottom":"0","left":"0","isLinked":false},"_padding_tablet":{"unit":"px","top":"0","right":"0","bottom":"0","left":"0","isLinked":false},"_padding_mobile":{"unit":"px","top":"0","right":"0","bottom":"0","left":"0","isLinked":false},"_animation":"fadeInUp","_animation_delay":300,"align_mobile":"center","title_margin_mobile":{"unit":"px","top":"0","right":"0","bottom":"0","left":"0","isLinked":false},"section_margin_mobile":{"unit":"px","top":"0","right":"0","bottom":"0","left":"0","isLinked":false},"section_padding_mobile":{"unit":"px","top":"0","right":"0","bottom":"0","left":"0","isLinked":false},"header_size":"h1"},"elements":[],"isInner":false,"widgetType":"xooapp-section-heading","elType":"widget"},{"id":"29775fd8","settings":{"editor":"<p>Semper lacus cursus porta, feugiat primis luctus ultrice tellus potenti neque dolor primis magna congue nullam in tempor sapien, eget orci gravida justo<\/p>","text_color":"#ffffff","typography_typography":"custom","typography_font_size":{"unit":"px","size":21},"_animation":"fadeInUp","_animation_delay":400,"align_mobile":"center","align_tablet":"left","_margin_mobile":{"unit":"px","top":"0","right":"0","bottom":"0","left":"0","isLinked":false},"_padding_mobile":{"unit":"px","top":"0","right":"0","bottom":"0","left":"0","isLinked":false},"typography_font_size_mobile":{"unit":"px","size":16}},"elements":[],"isInner":false,"widgetType":"text-editor","elType":"widget"},{"id":"7b22f82c","settings":{"app_image_one":{"url":"http:\/\/jthemes.org\/wp\/xooapp\/wp-content\/uploads\/2018\/10\/appstore-tra-white.png","id":145},"app_image_two":{"url":"http:\/\/jthemes.org\/wp\/xooapp\/wp-content\/uploads\/2018\/10\/googleplay-tra-white.png","id":148},"_padding":{"unit":"px","top":"0","right":"0","bottom":"0","left":"0","isLinked":true},"_animation":"fadeInUp","_animation_delay":500,"_margin_tablet":{"unit":"px","top":"0","right":"0","bottom":"0","left":"0","isLinked":false},"_padding_tablet":{"unit":"px","top":"0","right":"0","bottom":"0","left":"0","isLinked":false},"align_mobile":"center"},"elements":[],"isInner":false,"widgetType":"xooapp_app_info","elType":"widget"},{"id":"2a4fb30","settings":{"title":"* Requires iOS 7.0 or higher\n","size":"small","header_size":"p","title_color":"#ffffff","typography_typography":"custom","typography_font_family":"Roboto","typography_font_weight":"300","typography_font_style":"italic","_animation":"fadeInUp","_animation_delay":500,"align_mobile":"center"},"elements":[],"isInner":false,"widgetType":"xooapp-heading","elType":"widget"}],"isInner":false,"elType":"column"},{"id":"6681de54","settings":{"_column_size":50,"_inline_size":null,"margin_mobile":{"unit":"px","top":"0","right":"0","bottom":"0","left":"0","isLinked":true},"padding_mobile":{"unit":"px","top":"0","right":"0","bottom":"0","left":"0","isLinked":false}},"elements":[{"id":"5dff6ad0","settings":{"image":{"url":"http:\/\/jthemes.org\/wp\/xooapp\/wp-content\/uploads\/2018\/10\/hero-7-img-1.png","id":45},"_padding":{"unit":"em","top":"","right":"","bottom":"","left":"","isLinked":false},"align":"right","_animation":"fadeInRight","_animation_delay":400,"image_size":"full","align_mobile":"center","_padding_mobile":{"unit":"px","top":"0","right":"0","bottom":"0","left":"0","isLinked":false},"_margin":{"unit":"px","top":"0","right":"0","bottom":"0","left":"0","isLinked":false}},"elements":[],"isInner":false,"widgetType":"image","elType":"widget"}],"isInner":false,"elType":"column"}],"isInner":false,"elType":"section"},{"id":"9b43dc7","settings":{"structure":"30","background_color":"#ffffff","background_color_stop":{"unit":"%","size":22},"background_gradient_angle":{"unit":"deg","size":160},"html_tag":"div","_element_id":"about","padding":{"unit":"px","top":"80","right":"0","bottom":"0","left":"0","isLinked":false}},"elements":[{"id":"588322c7","settings":{"_column_size":33,"_inline_size":null},"elements":[{"id":"783d12df","settings":{"title_text":"Global Experience","description_text":"Semper lacus cursus porta, feugiat primis ultrice in ligula risus auctor tempus feugiat dolor, felis lacinia risus porta","icon":"pe-7s-global","title_size":"h5","secondary_color":"#ffffff","icon_space":{"unit":"px","size":0},"_animation":"fadeInUp","_animation_delay":300,"icon_size":{"unit":"px","size":80},"view":"framed","primary_color":"#ff4444","icon_padding":{"unit":"px","size":0},"position":"left","text_align":"center","title_bottom_space":{"unit":"px","size":10},"description_color":"#0c0c0c","description_typography_typography":"custom","shape":"square","border_width":{"unit":"px","top":"0","right":"0","bottom":"0","left":"0","isLinked":true},"description_typography_font_family":"Roboto","description_typography_font_weight":"300","_padding":{"unit":"px","top":"0","right":"20","bottom":"0","left":"20","isLinked":false},"title_typography_typography":"custom","title_typography_font_size":{"unit":"px","size":20}},"elements":[],"isInner":false,"widgetType":"feature-box","elType":"widget"}],"isInner":false,"elType":"column"},{"id":"410f5d29","settings":{"_column_size":33,"_inline_size":null},"elements":[{"id":"721e341e","settings":{"title_text":"Secure Payments","description_text":"Feugiat primis ultrice semper lacus cursus porta, in ligula risus auctor tempus feugiat dolor, felis lacinia risus porta\n\n","title_size":"h5","icon":"pe-7s-safe","title_color":"#0c0c0c","_animation":"fadeInUp","_animation_delay":400,"icon_size":{"unit":"px","size":80},"position":"left","text_align":"center","content_vertical_alignment":"middle","description_color":"#0c0c0c","description_typography_typography":"custom","description_typography_font_weight":"300","_padding":{"unit":"px","top":"0","right":"20","bottom":"0","left":"20","isLinked":false},"title_typography_typography":"custom","title_typography_font_size":{"unit":"px","size":20}},"elements":[],"isInner":false,"widgetType":"feature-box","elType":"widget"}],"isInner":false,"elType":"column"},{"id":"10d47519","settings":{"_column_size":33,"_inline_size":null},"elements":[{"id":"562be968","settings":{"title_text":"Notifications","description_text":"Porta semper lacus cursus, feugiat primis ultrice in ligula risus auctor tempus feugiat dolor, felis lacinia risus porta","title_typography_typography":"custom","title_size":"h5","icon":"pe-7s-bell","_animation":"fadeInUp","_animation_delay":500,"icon_size":{"unit":"px","size":80},"text_align":"center","description_color":"#0c0c0c","description_typography_typography":"custom","description_typography_font_weight":"300","_padding":{"unit":"px","top":"0","right":"20","bottom":"0","left":"20","isLinked":false},"title_typography_font_size":{"unit":"px","size":20}},"elements":[],"isInner":false,"widgetType":"feature-box","elType":"widget"}],"isInner":false,"elType":"column"}],"isInner":false,"elType":"section"},{"id":"10ada153","settings":{"margin":{"unit":"px","top":"","right":0,"bottom":"","left":0,"isLinked":true},"heading_color":"#c9c9c9","color_text":"#848484","html_tag":"div","gap":"no","content_position":"middle","_element_id":"how_it_works","padding":{"unit":"px","top":"100","right":"0","bottom":"60","left":"0","isLinked":false}},"elements":[{"id":"2f1203c","settings":{"_column_size":100},"elements":[{"id":"75b00a27","settings":{"structure":"20","html_tag":"div","gap":"no","content_position":"middle"},"elements":[{"id":"6955ed60","settings":{"_column_size":50,"_inline_size":null},"elements":[{"id":"69688a17","settings":{"image":{"id":41,"url":"http:\/\/jthemes.org\/wp\/xooapp\/wp-content\/uploads\/2018\/10\/hero-5-img.png"},"_animation":"fadeInLeft","_margin_mobile":{"unit":"px","top":"0","right":"0","bottom":"30","left":"0","isLinked":false},"_padding_mobile":{"unit":"px","top":"0","right":"0","bottom":"0","left":"0","isLinked":false}},"elements":[],"isInner":false,"widgetType":"image","elType":"widget"}],"isInner":true,"elType":"column"},{"id":"715be098","settings":{"_column_size":50,"_inline_size":null,"padding":{"unit":"px","top":"0","right":"45","bottom":"0","left":"45","isLinked":false}},"elements":[{"id":"1b846857","settings":{"title":"Most Efficient Mobile Wallet","size":"xxl","title_color":"#0c0c0c","typography_typography":"custom","_animation":"fadeInLeft","_animation_delay":300},"elements":[],"isInner":false,"widgetType":"xooapp-heading","elType":"widget"},{"id":"3b5a7321","settings":{"editor":"<p>An enim nullam tempor sapien gravida donec enim ipsum porta justo integer at odio velna vitae auctor integer congue magna at pretium purus pretium ligula rutrum luctus risus<\/p><h5>Feature Integration<\/h5><p>An nullam tempor sapien, eget gravida donec enim ipsum porta justo integer at odio velna vitae auctor integer congue<\/p><h5>Multiple Discussions<\/h5><p>Justo integer at odio velna vitae auctor integer congue magna undo impedit. Gravida magna lacus odio ac risus<\/p>","typography_typography":"custom","_animation":"fadeInLeft","_animation_delay":400},"elements":[],"isInner":false,"widgetType":"text-editor","elType":"widget"}],"isInner":true,"elType":"column"}],"isInner":true,"elType":"section"}],"isInner":false,"elType":"column"}],"isInner":false,"elType":"section"},{"id":"42a2e008","settings":{"layout":"full_width","gap":"no","padding":{"unit":"px","top":"100","right":"0","bottom":"0","left":"0","isLinked":false},"background_color":"#715fef","html_tag":"div","background_background":"classic","background_image":{"url":"http:\/\/jthemes.org\/wp\/xooapp\/wp-content\/uploads\/2018\/10\/tra-bg-2.png","id":98},"background_attachment":"fixed","background_repeat":"no-repeat","background_size":"cover","padding_mobile":{"unit":"px","top":"50","right":"0","bottom":"50","left":"0","isLinked":false}},"elements":[{"id":"44d56bc8","settings":{"_column_size":100,"background_background":"classic"},"elements":[{"id":"678c544","settings":{"structure":"20","background_background":"classic","color_text":"#ffffff","padding":{"unit":"px","top":"0","right":"0","bottom":"0","left":"0","isLinked":false},"background_position":"center center","content_position":"middle","html_tag":"div","gap":"no","padding_tablet":{"unit":"px","top":"60","right":"0","bottom":"0","left":"0","isLinked":false},"background_attachment":"fixed","background_repeat":"no-repeat","background_size":"cover"},"elements":[{"id":"6bf4b78c","settings":{"_column_size":50,"_inline_size":null,"margin":{"unit":"px","top":"0","right":"0","bottom":"40","left":"0","isLinked":false},"padding":{"unit":"px","top":"0","right":"45","bottom":"0","left":"45","isLinked":false}},"elements":[{"id":"6f118a81","settings":{"title":"Available On All Your Devices","size":"xxl","align":"left","title_color":"#ffffff","typography_typography":"custom","_margin":{"unit":"px","top":"0","right":"0","bottom":"0","left":"0","isLinked":false},"_padding":{"unit":"px","top":"0","right":"0","bottom":"0","left":"0","isLinked":false},"_animation":"fadeInRight","_animation_delay":300},"elements":[],"isInner":false,"widgetType":"xooapp-heading","elType":"widget"},{"id":"5d2dc194","settings":{"editor":"An orci nullam tempor sapien, eget gravida integer donec ipsum porta justo at odio integer congue magna undo auctor gravida velna magna orci lacus odio ac risus auctor faucibus orci ligula massa luctus et ultrices posuere cubilia\n<div class=\"app-devices white-color\"><i class=\"fa fa-tablet f-tablet\"><\/i><i class=\"fa fa-mobile f-phone\"><\/i>\n<div class=\"app-devices-desc\">\n<p class=\"p-small\">Available on iPhone, iPad and all Android devices from 5.5<\/p>\n\n<\/div>\n<\/div>","text_color":"#ffffff","typography_typography":"custom","typography_font_weight":"300","_animation":"fadeInRight","_animation_delay":400},"elements":[],"isInner":false,"widgetType":"text-editor","elType":"widget"}],"isInner":true,"elType":"column"},{"id":"2b8c10fd","settings":{"_column_size":50,"_inline_size":null},"elements":[{"id":"54aa58d","settings":{"image":{"id":70,"url":"http:\/\/jthemes.org\/wp\/xooapp\/wp-content\/uploads\/2018\/10\/image-14-1.png"},"image_size":"full","align":"center","_margin":{"unit":"px","top":"0","right":"0","bottom":"-80","left":"0","isLinked":false},"_padding":{"unit":"px","top":"0","right":"15","bottom":"0","left":"15","isLinked":false},"_animation":"fadeInLeft","_animation_delay":500,"_margin_mobile":{"unit":"px","top":"0","right":"0","bottom":"0","left":"0","isLinked":false}},"elements":[],"isInner":false,"widgetType":"image","elType":"widget"}],"isInner":true,"elType":"column"}],"isInner":true,"elType":"section"}],"isInner":false,"elType":"column"}],"isInner":false,"elType":"section"},{"id":"659e8b22","settings":{"content_width":{"unit":"px","size":0},"layout":"full_width","gap":"no","padding":{"unit":"px","top":"180","right":"0","bottom":"100","left":"0","isLinked":false},"html_tag":"div","_element_id":"screens","padding_mobile":{"unit":"px","top":"50","right":"0","bottom":"50","left":"0","isLinked":false}},"elements":[{"id":"62168e94","settings":{"_column_size":100},"elements":[{"id":"17e50088","settings":{"content_position":"top","html_tag":"div"},"elements":[{"id":"6a5d2c5a","settings":{"_column_size":100,"_inline_size":null},"elements":[{"id":"4124bf5a","settings":{"title":"Unique App Screens","subheading_title":"Aliquam a augue suscipit, luctus neque purus ipsum neque dolor \nprimis libero tempus, tempor posuere ligula varius","align":"center","sub_align":"center","title_color":"#0c0c0c","sub_title_color":"#0c0c0c","sub_typography_typography":"custom","_padding":{"unit":"px","top":"0","right":"0","bottom":"0","left":"0","isLinked":false},"_margin":{"unit":"px","top":"0","right":"0","bottom":"60","left":"0","isLinked":false},"typography_line_height":{"unit":"em","size":1.6999999999999999555910790149937383830547332763671875},"typography_letter_spacing":{"unit":"px","size":0},"text_shadow_text_shadow":{"horizontal":0,"vertical":0,"blur":0,"color":"rgba(255,255,255,0.3)"},"sub_text_shadow_text_shadow_type":"yes","sub_text_shadow_text_shadow":{"horizontal":0,"vertical":0,"blur":10,"color":""},"subtitle_margin":{"unit":"px","top":"","right":"","bottom":"","left":"","isLinked":false},"subtitle_padding":{"unit":"px","top":"","right":"","bottom":"","left":"","isLinked":false},"title_margin":{"unit":"%","top":"","right":"","bottom":"","left":"","isLinked":false},"section_margin":{"unit":"%","top":"","right":"","bottom":"","left":"","isLinked":false},"section_padding":{"unit":"%","top":"","right":"","bottom":"","left":"","isLinked":false}},"elements":[],"isInner":false,"widgetType":"xooapp-section-heading","elType":"widget"}],"isInner":true,"elType":"column"}],"isInner":true,"elType":"section"},{"id":"28ea2977","settings":{"carousel":[{"id":117,"url":"http:\/\/jthemes.org\/wp\/xooapp\/wp-content\/uploads\/2018\/10\/screen-1.jpg"},{"id":118,"url":"http:\/\/jthemes.org\/wp\/xooapp\/wp-content\/uploads\/2018\/10\/screen-2.jpg"},{"id":119,"url":"http:\/\/jthemes.org\/wp\/xooapp\/wp-content\/uploads\/2018\/10\/screen-3.jpg"},{"id":120,"url":"http:\/\/jthemes.org\/wp\/xooapp\/wp-content\/uploads\/2018\/10\/screen-4.jpg"},{"id":121,"url":"http:\/\/jthemes.org\/wp\/xooapp\/wp-content\/uploads\/2018\/10\/screen-5.jpg"},{"id":122,"url":"http:\/\/jthemes.org\/wp\/xooapp\/wp-content\/uploads\/2018\/10\/screen-6.jpg"},{"id":123,"url":"http:\/\/jthemes.org\/wp\/xooapp\/wp-content\/uploads\/2018\/10\/screen-7.jpg"},{"id":124,"url":"http:\/\/jthemes.org\/wp\/xooapp\/wp-content\/uploads\/2018\/10\/screen-8.jpg"}],"thumbnail_size":"full","_margin":{"unit":"px","top":"0","right":"0","bottom":"0","left":"0","isLinked":false}},"elements":[],"isInner":false,"widgetType":"app-screenshot-carousel","elType":"widget"}],"isInner":false,"elType":"column"}],"isInner":false,"elType":"section"},{"id":"e10b169","settings":{"background_background":"classic","background_color":"#efefef","html_tag":"div","_element_id":"our_team"},"elements":[{"id":"3e4447a2","settings":{"_column_size":100,"padding":{"unit":"px","top":"90","right":"0","bottom":"100","left":"0","isLinked":false}},"elements":[{"id":"1d55b9ef","settings":{"title":"Our Executive Team","align":"center","subheading_title":"Aliquam a augue suscipit, luctus neque purus ipsum neque dolor primis libero tempus, tempor posuere ligula varius","title_color":"#0c0c0c","sub_typography_typography":"custom","sub_typography_line_height":{"unit":"px","size":""},"sub_text_shadow_text_shadow":{"horizontal":0,"vertical":0,"blur":0,"color":"rgba(0,0,0,0.3)"},"typography_line_height":{"unit":"em","size":1.600000000000000088817841970012523233890533447265625},"sub_title_color":"#0c0c0c","_padding":{"unit":"px","top":"0","right":"0","bottom":"0","left":"0","isLinked":false},"title_margin":{"unit":"px","top":"0","right":"0","bottom":"0","left":"0","isLinked":false}},"elements":[],"isInner":false,"widgetType":"xooapp-section-heading","elType":"widget"},{"id":"7d6c4b60","settings":{"structure":"40","html_tag":"div"},"elements":[{"id":"5090f138","settings":{"_column_size":25,"_inline_size":null,"_inline_size_tablet":50},"elements":[{"id":"5ea032a0","settings":{"team_image":{"id":93,"url":"http:\/\/jthemes.org\/wp\/xooapp\/wp-content\/uploads\/2018\/10\/team-1.jpg"},"team_name":"Jonathan Barnes","designation":"Founder","social_list":[{"social_name":"Facebook","social_icon":"fa fa-facebook","_id":"480bfe2","social_link":"#","list_color":""},{"social_name":"Twitter","social_icon":"fa fa-twitter","_id":"2b96165","social_link":"#","list_color":""},{"social_name":"Dribbble","social_icon":"fa fa-dribbble","_id":"c4b3cd3","social_link":"#","list_color":""}],"primary_color":"#ffffff","_animation":"fadeInUp","_animation_delay":300},"elements":[],"isInner":false,"widgetType":"xooapp-team","elType":"widget"}],"isInner":true,"elType":"column"},{"id":"62f40f4","settings":{"_column_size":25,"_inline_size":null,"_inline_size_tablet":50},"elements":[{"id":"574383b6","settings":{"team_image":{"id":94,"url":"http:\/\/jthemes.org\/wp\/xooapp\/wp-content\/uploads\/2018\/10\/team-2.jpg"},"team_name":"Hannah Harper","designation":"Project Manager","social_list":[{"social_name":"Facebook","social_icon":"fa fa-facebook","_id":"480bfe2","social_link":"#","list_color":"#c4c4c4"},{"social_name":"Twitter","social_icon":"fa fa-twitter","_id":"2b96165","social_link":"#","list_color":""},{"social_name":"Dribbble","social_icon":"fa fa-dribbble","_id":"c4b3cd3","social_link":"#","list_color":""}],"primary_color":"#ffffff","_animation":"fadeInUp","_animation_delay":400},"elements":[],"isInner":false,"widgetType":"xooapp-team","elType":"widget"}],"isInner":true,"elType":"column"},{"id":"4c70fdb5","settings":{"_column_size":25,"_inline_size":null,"_inline_size_tablet":50},"elements":[{"id":"32c22946","settings":{"team_image":{"id":95,"url":"http:\/\/jthemes.org\/wp\/xooapp\/wp-content\/uploads\/2018\/10\/team-3.jpg"},"team_name":"Matthew Anderson","designation":"Programmer","social_list":[{"social_name":"Facebook","social_icon":"fa fa-facebook","_id":"480bfe2","social_link":"#","list_color":"#606060"},{"social_name":"Twitter","social_icon":"fa fa-twitter","_id":"2b96165","social_link":"#","list_color":""},{"social_name":"Dribbble","social_icon":"fa fa-dribbble","_id":"c4b3cd3","social_link":"#","list_color":""}],"primary_color":"#ffffff","_animation":"fadeInUp","_animation_delay":500},"elements":[],"isInner":false,"widgetType":"xooapp-team","elType":"widget"}],"isInner":true,"elType":"column"},{"id":"22de3eee","settings":{"_column_size":25,"_inline_size":null,"_inline_size_tablet":50},"elements":[{"id":"5af307fb","settings":{"team_image":{"id":96,"url":"http:\/\/jthemes.org\/wp\/xooapp\/wp-content\/uploads\/2018\/10\/team-4.jpg"},"team_name":"Megan Coleman","designation":"Graphic Designer","social_list":[{"social_name":"Facebook","social_icon":"fa fa-facebook","_id":"480bfe2","social_link":"#","list_color":""},{"social_name":"Twitter","social_icon":"fa fa-twitter","_id":"2b96165","social_link":"#","list_color":""},{"social_name":"Dribbble","social_icon":"fa fa-dribbble","_id":"c4b3cd3","social_link":"#","list_color":""}],"primary_color":"#ffffff","_animation":"fadeInUp","_animation_delay":700},"elements":[],"isInner":false,"widgetType":"xooapp-team","elType":"widget"}],"isInner":true,"elType":"column"}],"isInner":true,"elType":"section"},{"id":"158b3905","settings":{"margin_tablet":{"unit":"px","top":"0","right":0,"bottom":"0","left":0,"isLinked":false},"padding_tablet":{"unit":"px","top":"0","right":"0","bottom":"0","left":"0","isLinked":false},"padding":{"unit":"px","top":"30","right":"0","bottom":"0","left":"0","isLinked":false}},"elements":[{"id":"4add0d11","settings":{"_column_size":100,"_inline_size":null},"elements":[{"id":"52dca0df","settings":{"title":"<strong>We Are Hiring!<\/strong> Become part of our talented team","header_size":"h4","align":"center","subheading_title":"Gravida enim tempor sapien eget gravida donec enim ipsum porta justo at odio velna auctor congue vitae magna at risus enim ipsum porta justo integer","title_color":"#0c0c0c","sub_title_color":"#0c0c0c","sub_header_size":"span","typography_typography":"custom","typography_font_weight":"400","sub_typography_typography":"custom","sub_typography_font_size":{"unit":"px","size":18},"typography_font_size":{"unit":"px","size":30},"typography_line_height":{"unit":"em","size":2},"_margin":{"unit":"px","top":"0","right":"0","bottom":"0","left":"0","isLinked":false},"title_margin":{"unit":"px","top":"","right":"","bottom":"","left":"","isLinked":false},"title_margin_mobile":{"unit":"px","top":"0","right":"0","bottom":"10","left":"0","isLinked":false},"subtitle_margin":{"unit":"%","top":"","right":"","bottom":"","left":"","isLinked":true},"subtitle_padding":{"unit":"px","top":"0","right":"0","bottom":"0","left":"0","isLinked":false},"section_margin":{"unit":"px","top":"0","right":"0","bottom":"0","left":"0","isLinked":false},"_margin_mobile":{"unit":"px","top":"0","right":"0","bottom":"0","left":"0","isLinked":false},"_padding_mobile":{"unit":"px","top":"0","right":"0","bottom":"0","left":"0","isLinked":false},"typography_font_size_mobile":{"unit":"px","size":20},"typography_line_height_mobile":{"unit":"em","size":1.100000000000000088817841970012523233890533447265625},"sub_typography_font_size_mobile":{"unit":"px","size":16},"subtitle_margin_mobile":{"unit":"px","top":"20","right":"0","bottom":"0","left":"0","isLinked":false},"section_padding_mobile":{"unit":"%","top":"","right":"","bottom":"","left":"","isLinked":false}},"elements":[],"isInner":false,"widgetType":"xooapp-section-heading","elType":"widget"},{"id":"619e8daf","settings":{"text":"Join Our Team","align":"center","size":"md"},"elements":[],"isInner":false,"widgetType":"button","elType":"widget"}],"isInner":true,"elType":"column"}],"isInner":true,"elType":"section"}],"isInner":false,"elType":"column"}],"isInner":false,"elType":"section"},{"id":"22cfa737","settings":{"structure":"20","padding":{"unit":"px","top":"100","right":"0","bottom":"100","left":"0","isLinked":false},"html_tag":"div","_element_id":"why_xooapp","gap":"no","content_position":"middle","padding_mobile":{"unit":"px","top":"50","right":"0","bottom":"50","left":"0","isLinked":false}},"elements":[{"id":"42ebda4c","settings":{"_column_size":50,"_inline_size":null},"elements":[{"id":"314eb75e","settings":{"team_name":"Jonathan Barnes","designation":"Founder","social_list":[{"social_name":"Facebook","social_icon":"fa fa-facebook","_id":"a8a8d0f","social_link":"Social Link","list_color":""},{"social_name":"Twitter","social_icon":"fa fa-twitter","_id":"5d33090","social_link":"Social Link","list_color":""},{"social_name":"Dribbble","social_icon":"fa fa-dribbble","_id":"f620987","social_link":"Social Link","list_color":""}],"counter_list":[{"counter_name":"Happy Client","counter_icon":"pe-7s-smile","counter_number":"1154","_id":"570bf68","width":{"unit":"px","top":"0","right":"1","bottom":"1","left":"0","isLinked":false},"color":"#2d2d2d","border_type":"solid","border_width":{"unit":"px","top":"0","right":"1","bottom":"1","left":"0","isLinked":false},"border_color":"#dddddd"},{"counter_name":"Tickets Closed","counter_icon":"pe-7s-help2","counter_number":"409","_id":"d1b975c","width":{"unit":"px","top":"","right":"","bottom":"","left":"","isLinked":true},"color":"","border_type":"solid","border_width":{"unit":"px","top":"0","right":"0","bottom":"1","left":"0","isLinked":false},"border_color":"#dddddd"},{"counter_name":"Followers","counter_icon":"pe-7s-users","counter_number":"869","_id":"bf65d72","width":{"unit":"px","top":"","right":"","bottom":"","left":"","isLinked":true},"color":"","border_type":"solid","border_width":{"unit":"px","top":"0","right":"1","bottom":"0","left":"0","isLinked":false},"border_color":"#dddddd"},{"counter_name":"Cups of Coffee","counter_icon":"pe-7s-coffee","counter_number":"901","_id":"e8a2c00","width":{"unit":"px","top":"","right":"","bottom":"","left":"","isLinked":true},"color":"","border_type":"","border_width":{"unit":"px","top":"1","right":"0","bottom":"0","left":"1","isLinked":false},"border_color":"#dddddd"}],"number_color":"#0c0c0c","description_color":"#0c0c0c","description_typography_typography":"custom","_animation":"fadeInUp","_animation_delay":300},"elements":[],"isInner":false,"widgetType":"xooapp-counter","elType":"widget"}],"isInner":false,"elType":"column"},{"id":"4add9f40","settings":{"_column_size":50,"_inline_size":null},"elements":[{"id":"23fdbdcc","settings":{"image":{"url":"http:\/\/jthemes.org\/wp\/xooapp\/wp-content\/uploads\/2018\/10\/image-06.png","id":62},"align":"center","_padding":{"unit":"px","top":"0","right":"0","bottom":"0","left":"60","isLinked":false},"_padding_tablet":{"unit":"px","top":"0","right":"0","bottom":"0","left":"0","isLinked":false},"_padding_mobile":{"unit":"px","top":"0","right":"0","bottom":"0","left":"0","isLinked":false},"_animation":"fadeInRight","animation_duration":"slow","_animation_delay":33},"elements":[],"isInner":false,"widgetType":"image","elType":"widget"}],"isInner":false,"elType":"column"}],"isInner":false,"elType":"section"},{"id":"2e637fe2","settings":{"background_background":"classic","background_color":"#262626","background_image":{"id":98,"url":"http:\/\/jthemes.org\/wp\/xooapp\/wp-content\/uploads\/2018\/10\/tra-bg-2.png"},"background_position":"bottom center","background_attachment":"fixed","background_repeat":"no-repeat","padding":{"unit":"px","top":"100","right":"0","bottom":"150","left":"0","isLinked":false},"html_tag":"div","_element_id":"watch_video"},"elements":[{"id":"6be6654b","settings":{"_column_size":100},"elements":[{"id":"13683ac4","settings":{"title":"How XooApp Works\n","align":"center","subheading_title":"Aliquam a augue suscipit, luctus neque purus ipsum neque dolor primis libero tempus, tempor posuere ligula varius","title_color":"#ffffff","typography_line_height":{"unit":"em","size":1.5},"sub_title_color":"#ffffff","sub_typography_typography":"custom","_margin":{"unit":"px","top":"","right":"","bottom":"","left":"","isLinked":false},"_padding":{"unit":"px","top":"0","right":"0","bottom":"30","left":"0","isLinked":false},"typography_font_size":{"unit":"px","size":60},"title_margin":{"unit":"px","top":"0","right":"0","bottom":"0","left":"0","isLinked":false}},"elements":[],"isInner":false,"widgetType":"xooapp-section-heading","elType":"widget"},{"id":"7d3da4e8","settings":{"banner_title":"Modern, Powerful and Creative","banner_button_text":"Discover More","banner_button_link":"#","video_link":"https:\/\/www.youtube.com\/watch?v=kuceVNBTJio","banner_bg_img":{"id":107,"url":"http:\/\/jthemes.org\/wp\/xooapp\/wp-content\/uploads\/2018\/10\/hero-1-img.png"}},"elements":[],"isInner":false,"widgetType":"xooapp_video_content","elType":"widget"}],"isInner":false,"elType":"column"}],"isInner":false,"elType":"section"},{"id":"6a7298d8","settings":{"gap":"no","html_tag":"div","background_background":"classic","background_image":{"url":"http:\/\/jthemes.org\/wp\/xooapp\/wp-content\/uploads\/2018\/10\/tra-waves.png","id":99},"background_position":"bottom center","background_repeat":"no-repeat","background_size":"cover","padding":{"unit":"px","top":"100","right":"0","bottom":"100","left":"0","isLinked":false},"_element_id":"features","padding_mobile":{"unit":"px","top":"50","right":"0","bottom":"50","left":"0","isLinked":false}},"elements":[{"id":"3a8f5d6c","settings":{"_column_size":100,"margin":{"unit":"px","top":"0","right":"0","bottom":"0","left":"0","isLinked":false},"padding":{"unit":"px","top":"0","right":"0","bottom":"0","left":"0","isLinked":false}},"elements":[{"id":"3c57e572","settings":{"margin":{"unit":"px","top":"0","right":0,"bottom":"0","left":0,"isLinked":false},"padding":{"unit":"px","top":"0","right":"0","bottom":"0","left":"0","isLinked":false},"padding_tablet":{"unit":"px","top":"0","right":"0","bottom":"0","left":"0","isLinked":false},"padding_mobile":{"unit":"px","top":"0","right":"0","bottom":"0","left":"0","isLinked":false}},"elements":[{"id":"421fc94c","settings":{"_column_size":100,"_inline_size":null,"margin":{"unit":"px","top":"0","right":"0","bottom":"0","left":"0","isLinked":false},"padding":{"unit":"px","top":"0","right":"0","bottom":"0","left":"0","isLinked":false}},"elements":[{"id":"6d17e1e4","settings":{"title":"Features In This App","subheading_title":"Aliquam a augue suscipit, luctus neque purus ipsum neque dolor primis libero tempus, tempor posuere ligula varius","title_margin":{"unit":"px","top":"0","right":"0","bottom":"0","left":"0","isLinked":false},"typography_typography":"custom","sub_typography_typography":"custom","subtitle_margin":{"unit":"%","top":"","right":"","bottom":"","left":"","isLinked":false},"section_padding":{"unit":"px","top":"","right":"","bottom":"","left":"","isLinked":false}},"elements":[],"isInner":false,"widgetType":"xooapp-section-heading","elType":"widget"}],"isInner":true,"elType":"column"}],"isInner":true,"elType":"section"},{"id":"4e04f92b","settings":{"structure":"40","gap":"extended","padding_mobile":{"unit":"em","top":"","right":"","bottom":"","left":"","isLinked":false}},"elements":[{"id":"37dcc12d","settings":{"_column_size":25,"_inline_size":null,"_inline_size_tablet":50},"elements":[{"id":"7eb14770","settings":{"icon":"pe-7s-piggy","feature_style":"fbox-3 purple-hover","title_text":"Free Trial","description_text":"Ligula risus auctor tempus dolor lacinia","primary_color":"#555555","hover_primary_color":"#783bb1","icon_size":{"unit":"px","size":80},"text_align":"center","title_color":"#0c0c0c","title_typography_typography":"custom","title_typography_font_size":{"unit":"px","size":20},"description_color":"#0c0c0c","_padding":{"unit":"%","top":"0","right":"0","bottom":"0","left":"0","isLinked":false},"_margin":{"unit":"%","top":"","right":"","bottom":"","left":"","isLinked":false},"_animation":"fadeInUp","_animation_delay":300},"elements":[],"isInner":false,"widgetType":"feature-box","elType":"widget"},{"id":"55443d0c","settings":{"icon":"pe-7s-mail-open-file","feature_style":"fbox-3 purple-hover","title_text":"Mailer Engine","description_text":"Feugiat primis in lacinia risus an auctor","primary_color":"","hover_primary_color":"#783bb1","icon_size":{"unit":"px","size":80},"text_align":"center","title_color":"#0c0c0c","title_typography_typography":"custom","title_typography_font_size":{"unit":"px","size":20},"description_color":"#0c0c0c","_padding":{"unit":"px","top":"0","right":"0","bottom":"0","left":"0","isLinked":false},"shape":"square","font_gradient_primary_color":"","_animation":"fadeInUp","_animation_delay":300},"elements":[],"isInner":false,"widgetType":"feature-box","elType":"widget"}],"isInner":true,"elType":"column"},{"id":"607aaca3","settings":{"_column_size":25,"_inline_size":null,"_inline_size_tablet":50},"elements":[{"id":"543138d5","settings":{"icon":"pe-7s-vector","feature_style":"fbox-3 purple-hover","title_text":"Unique Design","description_text":"Dolor feugiat felis lacinia risus an auctor portao.","primary_color":"#0c0c0c","hover_primary_color":"#783bb1","icon_size":{"unit":"px","size":80},"text_align":"center","title_color":"#0c0c0c","title_typography_typography":"custom","title_typography_font_size":{"unit":"px","size":20},"description_color":"#0c0c0c","_padding":{"unit":"px","top":"0","right":"0","bottom":"0","left":"0","isLinked":false},"_animation":"fadeInUp","_animation_delay":350},"elements":[],"isInner":false,"widgetType":"feature-box","elType":"widget"},{"id":"76b7f1c5","settings":{"icon":"pe-7s-bell","feature_style":"fbox-3 purple-hover","title_text":"Notifications","description_text":"Semper lacus cursus porta primis ultrice","primary_color":"#0c0c0c","hover_primary_color":"#783bb1","icon_size":{"unit":"px","size":80},"text_align":"center","title_color":"#0c0c0c","title_typography_typography":"custom","title_typography_font_size":{"unit":"px","size":20},"description_color":"#0c0c0c","_padding":{"unit":"px","top":"0","right":"0","bottom":"0","left":"0","isLinked":false},"_animation":"fadeInUp","_animation_delay":350},"elements":[],"isInner":false,"widgetType":"feature-box","elType":"widget"}],"isInner":true,"elType":"column"},{"id":"4a7cdb7f","settings":{"_column_size":25,"_inline_size":null,"_inline_size_tablet":50},"elements":[{"id":"5d015f19","settings":{"icon":"pe-7s-target","feature_style":"fbox-3 purple-hover","title_text":"Cross-Platform","description_text":"Ligula auctor tempus unt dolor feugiat felis","primary_color":"#555555","hover_primary_color":"#783bb1","icon_size":{"unit":"px","size":80},"text_align":"center","title_color":"#0c0c0c","title_typography_typography":"custom","title_typography_font_size":{"unit":"px","size":20},"description_color":"#0c0c0c","_padding":{"unit":"px","top":"0","right":"0","bottom":"0","left":"0","isLinked":false},"_animation":"fadeInUp","_animation_delay":400},"elements":[],"isInner":false,"widgetType":"feature-box","elType":"widget"},{"id":"6df8c6bb","settings":{"icon":"pe-7s-refresh-2","feature_style":"fbox-3 purple-hover","title_text":"Free Updates","description_text":"Cursus porta in ultrice risus auctor porta","primary_color":"#555555","hover_primary_color":"#783bb1","icon_size":{"unit":"px","size":80},"text_align":"center","title_color":"#0c0c0c","title_typography_typography":"custom","title_typography_font_size":{"unit":"px","size":20},"description_color":"#0c0c0c","_padding":{"unit":"px","top":"0","right":"0","bottom":"0","left":"0","isLinked":false},"_animation":"fadeInUp","_animation_delay":400},"elements":[],"isInner":false,"widgetType":"feature-box","elType":"widget"}],"isInner":true,"elType":"column"},{"id":"ee2b68e","settings":{"_column_size":25,"_inline_size":null,"_inline_size_tablet":50},"elements":[{"id":"f359ec0","settings":{"icon":"pe-7s-edit","feature_style":"fbox-3 purple-hover","title_text":"User Friendly","description_text":"Dolor feugiat felis lacinia risus an auctor portao.","primary_color":"#555555","hover_primary_color":"#783bb1","icon_size":{"unit":"px","size":80},"text_align":"center","title_color":"#0c0c0c","title_typography_typography":"custom","title_typography_font_size":{"unit":"px","size":20},"description_color":"#0c0c0c","_padding":{"unit":"px","top":"0","right":"0","bottom":"0","left":"0","isLinked":false},"_animation":"fadeInUp","_animation_delay":450},"elements":[],"isInner":false,"widgetType":"feature-box","elType":"widget"},{"id":"3a939775","settings":{"icon":"pe-7s-help2","feature_style":"fbox-3 purple-hover","title_text":"Fast Support","description_text":"Risus auctor dolor feugiat felis an auctor","primary_color":"#555555","hover_primary_color":"#783bb1","icon_size":{"unit":"px","size":80},"text_align":"center","title_color":"#0c0c0c","title_typography_typography":"custom","title_typography_font_size":{"unit":"px","size":20},"description_color":"#0c0c0c","_padding":{"unit":"px","top":"0","right":"0","bottom":"0","left":"0","isLinked":false},"_animation":"fadeInUp","_animation_delay":450},"elements":[],"isInner":false,"widgetType":"feature-box","elType":"widget"}],"isInner":true,"elType":"column"}],"isInner":true,"elType":"section"}],"isInner":false,"elType":"column"}],"isInner":false,"elType":"section"},{"id":"67837f54","settings":{"background_background":"classic","background_color":"#f0f0f0","padding":{"unit":"px","top":"100","right":"0","bottom":"100","left":"0","isLinked":false},"html_tag":"div","_element_id":"reviews","gap":"no","margin_tablet":{"unit":"px","top":"0","right":0,"bottom":"0","left":0,"isLinked":false},"padding_tablet":{"unit":"px","top":"0","right":"0","bottom":"0","left":"0","isLinked":false},"margin_mobile":{"unit":"%","top":"","right":0,"bottom":"","left":0,"isLinked":false},"padding_mobile":{"unit":"em","top":"","right":"","bottom":"","left":"","isLinked":false}},"elements":[{"id":"774d9fb","settings":{"_column_size":100,"_inline_size":null},"elements":[{"id":"785d1125","settings":{"title":"Customers Feedback","subheading_title":"Aliquam a augue suscipit, luctus neque purus ipsum neque dolor  primis libero tempus, tempor posuere ligula varius","title_color":"#0c0c0c","sub_title_color":"#0c0c0c","sub_typography_typography":"custom","title_margin":{"unit":"px","top":"","right":"","bottom":"","left":"","isLinked":false},"subtitle_margin":{"unit":"%","top":"","right":"","bottom":"","left":"","isLinked":true},"subtitle_padding":{"unit":"%","top":"","right":"","bottom":"","left":"","isLinked":false},"align":"center","_margin":{"unit":"px","top":"0","right":"0","bottom":"0","left":"0","isLinked":false}},"elements":[],"isInner":false,"widgetType":"xooapp-section-heading","elType":"widget"},{"id":"5bd05ec2","settings":{"html_tag":"div","margin":{"unit":"px","top":"","right":0,"bottom":"","left":0,"isLinked":false},"padding":{"unit":"px","top":"0","right":"0","bottom":"0","left":"0","isLinked":false},"margin_mobile":{"unit":"px","top":"-50","right":0,"bottom":"0","left":0,"isLinked":false},"padding_mobile":{"unit":"px","top":"0","right":"0","bottom":"0","left":"0","isLinked":false}},"elements":[{"id":"5f185c89","settings":{"_column_size":100,"_inline_size":null},"elements":[{"id":"e4bda7","settings":{"testimonial_option":[{"title":"Jonathan Morgan","designation":"Marketting","testimoni_content_title":"Super Support","testimoni_content":"Enim ad minim veniam, quis nostrud exercitation ullamco laboris nisi ut aliquip ex ea commodo conse quat. Duis aute irure dolor in reprehenderit in voluptate.","testimoni_image":{"url":"http:\/\/jthemes.org\/wp\/xooapp\/wp-content\/plugins\/xooapp-master\/assets\/images\/review-author-1.jpg"},"testimonial_rating":"<i class=\"fa fa-star\"><\/i><i class=\"fa fa-star\"><\/i><i class=\"fa fa-star\"><\/i><i class=\"fa fa-star\"><\/i><i class=\"fa fa-star\"><\/i>","_id":"a83175c"},{"title":"Harsul Hisham","designation":"Engineer","testimoni_content_title":"What a theme!","testimoni_content":"Enim ad minim veniam, quis nostrud exercitation ullamco laboris nisi ut aliquip ex ea commodo conse quat. Duis aute irure dolor in reprehenderit in voluptate.","testimoni_image":{"url":"http:\/\/jthemes.org\/wp\/xooapp\/wp-content\/plugins\/xooapp-master\/assets\/images\/review-author-2.jpg"},"testimonial_rating":"<i class=\"fa fa-star\"><\/i><i class=\"fa fa-star\"><\/i><i class=\"fa fa-star\"><\/i><i class=\"fa fa-star\"><\/i><i class=\"fa fa-star\"><\/i>","_id":"38005a2"},{"title":"Teem Southy","designation":"Developer","testimoni_content_title":"Outstanding Support","testimoni_content":"Enim ad minim veniam, quis nostrud exercitation ullamco laboris nisi ut aliquip ex ea commodo conse quat. Duis aute irure dolor in reprehenderit in voluptate.","testimoni_image":{"url":"http:\/\/jthemes.org\/wp\/xooapp\/wp-content\/plugins\/xooapp-master\/assets\/images\/review-author-3.jpg"},"testimonial_rating":"<i class=\"fa fa-star\"><\/i><i class=\"fa fa-star\"><\/i><i class=\"fa fa-star\"><\/i><i class=\"fa fa-star\"><\/i><i class=\"fa fa-star\"><\/i>","_id":"bb9db2a"},{"title":"Harsul Hisham","designation":"Engineer","testimoni_content_title":"Happy!!","testimoni_content":"Enim ad minim veniam, quis nostrud exercitation ullamco laboris nisi ut aliquip ex ea commodo conse quat. Duis aute irure dolor in reprehenderit in voluptate.","testimoni_image":{"url":"http:\/\/jthemes.org\/wp\/xooapp\/wp-content\/plugins\/xooapp-master\/assets\/images\/review-author-4.jpg"},"testimonial_rating":"<i class=\"fa fa-star\"><\/i><i class=\"fa fa-star\"><\/i><i class=\"fa fa-star\"><\/i><i class=\"fa fa-star\"><\/i><i class=\"fa fa-star-o\"><\/i>","_id":"fb14771"},{"title":"Jake Margin","designation":"Marketing","testimoni_content_title":"Nice Person","testimoni_content":"Enim ad minim veniam, quis nostrud exercitation ullamco laboris nisi ut aliquip ex ea commodo conse quat. Duis aute irure dolor in reprehenderit in voluptate.","testimoni_image":{"url":"http:\/\/jthemes.org\/wp\/xooapp\/wp-content\/plugins\/xooapp-master\/assets\/images\/review-author-5.jpg"},"testimonial_rating":"<i class=\"fa fa-star\"><\/i><i class=\"fa fa-star\"><\/i><i class=\"fa fa-star\"><\/i><i class=\"fa fa-star\"><\/i><i class=\"fa fa-star\"><\/i>","_id":"c3eda0f"}],"content_typography_typography":"custom","content_typography_font_weight":"300","bg_color":"rgba(255,255,255,0)","item_center_bg_color":"rgba(255,255,255,0)","_margin_tablet":{"unit":"px","top":"0","right":"0","bottom":"0","left":"0","isLinked":false},"_padding_tablet":{"unit":"px","top":"0","right":"0","bottom":"0","left":"0","isLinked":false},"_margin_mobile":{"unit":"px","top":"0","right":"0","bottom":"0","left":"0","isLinked":false},"_padding_mobile":{"unit":"px","top":"0","right":"0","bottom":"0","left":"0","isLinked":false}},"elements":[],"isInner":false,"widgetType":"xooapp-testimonials","elType":"widget"}],"isInner":true,"elType":"column"}],"isInner":true,"elType":"section"}],"isInner":false,"elType":"column"}],"isInner":false,"elType":"section"},{"id":"43f0e1da","settings":{"html_tag":"div"},"elements":[{"id":"428a0f52","settings":{"_column_size":100,"padding":{"unit":"px","top":"100","right":"0","bottom":"100","left":"0","isLinked":false}},"elements":[{"id":"43fc4b45","settings":{"title":"Apps by JThemes\n","align":"center","subheading_title":"Aliquam a augue suscipit, luctus neque purus ipsum neque dolor primis libero tempus, tempor posuere ligula varius","title_color":"#0c0c0c","sub_title_color":"#0c0c0c","sub_typography_typography":"custom","title_margin":{"unit":"px","top":"0","right":"0","bottom":"0","left":"0","isLinked":false}},"elements":[],"isInner":false,"widgetType":"xooapp-section-heading","elType":"widget"},{"id":"9d58109","settings":{"structure":"30","content_width":{"unit":"px","size":950},"html_tag":"div","gap":"extended"},"elements":[{"id":"1c8a5a96","settings":{"_column_size":33,"_inline_size":null,"margin_mobile":{"unit":"px","top":"0","right":"0","bottom":"30","left":"0","isLinked":false}},"elements":[{"id":"39892e25","settings":{"title_text":"Eventador","description_text":"Aliquam a augue luctus neque purus ipsum neque dolor primis suscipit","text_align":"center","feature_image":{"id":10,"url":"http:\/\/jthemes.org\/wp\/xooapp\/wp-content\/uploads\/2018\/10\/app-logo-1.png"},"sub_title_text":"Productivity","icon_space":{"unit":"px","size":23},"title_bottom_space":{"unit":"px","size":0},"shape":"square","social_list":[{"social_name":"IOS","social_icon":"fa fa-apple","social_link":"#","_id":"cddb6ba"},{"social_name":"Android","social_icon":"fa fa-android","social_link":"#","_id":"abfe8a5"}],"font_gradient_primary_color":"#888888","font_gradient_secondary_color":"#888888","primary_color":"#0c0000","hover_primary_color":"#e2e2e2","description_typography_typography":"custom","description_typography_font_weight":"300","_animation":"fadeInUp","_animation_delay":300},"elements":[],"isInner":false,"widgetType":"feature-box","elType":"widget"}],"isInner":true,"elType":"column"},{"id":"192a585c","settings":{"_column_size":33,"_inline_size":null,"margin_mobile":{"unit":"px","top":"0","right":"0","bottom":"30","left":"0","isLinked":false}},"elements":[{"id":"9283266","settings":{"title_text":"UniSet","description_text":"Aliquam a augue luctus neque purus ipsum neque dolor primis suscipit","text_align":"center","feature_image":{"id":11,"url":"http:\/\/jthemes.org\/wp\/xooapp\/wp-content\/uploads\/2018\/10\/app-logo-2.png"},"sub_title_text":"Social Networking","icon_space":{"unit":"px","size":23},"title_bottom_space":{"unit":"px","size":0},"font_gradient_primary_color":"#888888","font_gradient_secondary_color":"#888888","primary_color":"#0c0000","social_list":[{"social_name":"Apple","social_icon":"fa fa-apple","social_link":"","_id":"8e215af"},{"social_name":"Android","social_icon":"fa fa-android","social_link":"","_id":"f7a54a4"}],"description_typography_typography":"custom","description_typography_font_weight":"300","_animation":"fadeInUp","_animation_delay":400},"elements":[],"isInner":false,"widgetType":"feature-box","elType":"widget"}],"isInner":true,"elType":"column"},{"id":"785a8ad3","settings":{"_column_size":33,"_inline_size":null},"elements":[{"id":"353b9656","settings":{"title_text":"Storm","description_text":"Aliquam a augue luctus neque purus ipsum neque dolor primis suscipit","text_align":"center","feature_image":{"id":12,"url":"http:\/\/jthemes.org\/wp\/xooapp\/wp-content\/uploads\/2018\/10\/app-logo-3.png"},"sub_title_text":"Finance","icon_space":{"unit":"px","size":23},"title_bottom_space":{"unit":"px","size":0},"social_list":[{"social_name":"IOS","social_icon":"fa fa-apple","social_link":"#","_id":"8eca15d"},{"social_name":"Android","social_icon":"fa fa-android","social_link":"#","_id":"0f9814e"}],"font_gradient_primary_color":"#888888","font_gradient_secondary_color":"#888888","description_typography_typography":"custom","description_typography_font_size":{"unit":"px","size":15},"description_typography_font_weight":"300","_animation":"fadeInUp","_animation_delay":500},"elements":[],"isInner":false,"widgetType":"feature-box","elType":"widget"}],"isInner":true,"elType":"column"}],"isInner":true,"elType":"section"}],"isInner":false,"elType":"column"}],"isInner":false,"elType":"section"},{"id":"21fbfe00","settings":{"background_background":"classic","background_overlay_background":"classic","background_overlay_color":"rgba(38,38,38,0.93)","background_image":{"id":26,"url":"http:\/\/jthemes.org\/wp\/xooapp\/wp-content\/uploads\/2018\/10\/download-2.jpg"},"background_attachment":"fixed","padding":{"unit":"px","top":"0","right":"0","bottom":"0","left":"0","isLinked":false},"html_tag":"div","gap":"no","background_position":"center center"},"elements":[{"id":"48471cf","settings":{"_column_size":100},"elements":[{"id":"3e704f02","settings":{"structure":"22","content_position":"middle","html_tag":"div","gap":"no"},"elements":[{"id":"52133940","settings":{"_column_size":66,"_inline_size":64.736999999999994770405464805662631988525390625},"elements":[{"id":"4985eae1","settings":{"title":"Do even more with the XooApp App","align":"left","subheading_title":"Feugiat eros, ac tincidunt ligula massa in faucibus orci luctus posuere cubilia curae integer congue leo metus","title_color":"#ffffff","sub_title_color":"#ffffff","_padding":{"unit":"px","top":"0","right":"0","bottom":"0","left":"0","isLinked":true},"typography_typography":"custom","typography_line_height":{"unit":"em","size":1},"text_shadow_text_shadow_type":"yes","title_margin":{"unit":"px","top":"0","right":"0","bottom":"22","left":"0","isLinked":false},"sub_typography_line_height":{"unit":"em","size":1.3000000000000000444089209850062616169452667236328125},"_margin":{"unit":"px","top":"0","right":"0","bottom":"0","left":"0","isLinked":false},"sub_typography_typography":"custom","subtitle_margin":{"unit":"px","top":"0","right":"0","bottom":"0","left":"0","isLinked":false},"subtitle_padding":{"unit":"px","top":"0","right":"0","bottom":"0","left":"0","isLinked":false},"typography_font_size":{"unit":"px","size":52},"sub_typography_font_size":{"unit":"px","size":20},"section_margin":{"unit":"px","top":"0","right":"0","bottom":"0","left":"0","isLinked":false},"align_mobile":"center"},"elements":[],"isInner":false,"widgetType":"xooapp-section-heading","elType":"widget"},{"id":"59e9dda0","settings":{"app_image_one":{"url":"http:\/\/jthemes.org\/wp\/xooapp\/wp-content\/uploads\/2018\/10\/googleplay-tra-white.png","id":148},"app_one_link":"#","app_image_two":{"url":"http:\/\/jthemes.org\/wp\/xooapp\/wp-content\/uploads\/2018\/10\/appstore-tra-white-1.png","id":145},"app_two_link":"#","_margin_mobile":{"unit":"px","top":"0","right":"0","bottom":"0","left":"0","isLinked":false},"_padding":{"unit":"px","top":"0","right":"0","bottom":"0","left":"75","isLinked":false},"_padding_mobile":{"unit":"px","top":"0","right":"0","bottom":"0","left":"0","isLinked":false},"_animation":"fadeInRight","animation_duration":"slow","_animation_delay":300,"_padding_tablet":{"unit":"em","top":"0","right":"0","bottom":"0","left":"0","isLinked":false},"_margin_tablet":{"unit":"px","top":"0","right":"0","bottom":"0","left":"0","isLinked":false},"align_mobile":"center","section_margin":{"unit":"%","top":"","right":"","bottom":"","left":"","isLinked":false}},"elements":[],"isInner":false,"widgetType":"xooapp_app_info","elType":"widget"}],"isInner":true,"elType":"column"},{"id":"5ec48eec","settings":{"_column_size":33,"_inline_size":35.25999999999999801048033987171947956085205078125},"elements":[{"id":"474d9737","settings":{"image":{"url":"http:\/\/jthemes.org\/wp\/xooapp\/wp-content\/uploads\/2018\/10\/image-14.png","id":70},"_margin":{"unit":"px","top":"-60","right":"0","bottom":"-60","left":"0","isLinked":false},"hide_mobile":"hidden-phone","align":"center","_padding":{"unit":"px","top":"0","right":"0","bottom":"0","left":"80","isLinked":false},"_animation":"fadeInLeft","_animation_delay":400,"_margin_mobile":{"unit":"px","top":"0","right":"0","bottom":"0","left":"0","isLinked":false},"_padding_mobile":{"unit":"px","top":"0","right":"0","bottom":"0","left":"0","isLinked":false},"_margin_tablet":{"unit":"%","top":"","right":"","bottom":"","left":"","isLinked":false},"_padding_tablet":{"unit":"px","top":"0","right":"0","bottom":"0","left":"0","isLinked":false}},"elements":[],"isInner":false,"widgetType":"image","elType":"widget"}],"isInner":true,"elType":"column"}],"isInner":true,"elType":"section"}],"isInner":false,"elType":"column"}],"isInner":false,"elType":"section"},{"id":"19daf998","settings":{"padding":{"unit":"px","top":"100","right":"0","bottom":"100","left":"0","isLinked":false},"html_tag":"div"},"elements":[{"id":"7ed784da","settings":{"_column_size":100},"elements":[{"id":"120f090a","settings":{"title":"Troubles with XooApp?\n","subheading_title":"Aliquam a augue suscipit, luctus neque purus ipsum neque dolor primis libero tempus, tempor posuere ligula varius","typography_font_size":{"unit":"px","size":60},"sub_typography_typography":"custom","align":"center","title_margin":{"unit":"px","top":"0","right":"0","bottom":"0","left":"0","isLinked":true}},"elements":[],"isInner":false,"widgetType":"xooapp-section-heading","elType":"widget"},{"id":"78dfddd5","settings":{"structure":"20"},"elements":[{"id":"26b54ff0","settings":{"_column_size":50,"_inline_size":null,"padding":{"unit":"px","top":"0","right":"45","bottom":"0","left":"45","isLinked":false}},"elements":[{"id":"69cfd901","settings":{"editor":"<div class=\"question animated fadeInUp visible\" data-animation=\"fadeInUp\" data-animation-delay=\"300\"><h5 class=\"h5-sm\">Lobortis sit magna ornare magna egestas?<\/h5><p>Etiam sit amet mauris suscipit sit amet in odio. Integer congue leo metus. Vitae arcu mollis blandit ultrice ligula egestas magna suscipit lectus magna suscipit luctus undo blandit vitae purus laoreet<\/p><\/div><div class=\"question animated fadeInUp visible\" data-animation=\"fadeInUp\" data-animation-delay=\"400\"><h5 class=\"h5-sm\">Placeat axime facere omnis volute?<\/h5><p>An augue egestas an ipsum vitae emo ligula volute ante ipsum primis in faucibus sit ametn in odio. Integer congue leo metus, eu mollis lorem viverra suscipit lectus magna<\/p><\/div><div class=\"question animated fadeInUp visible\" data-animation=\"fadeInUp\" data-animation-delay=\"500\"><h5 class=\"h5-sm\">An interdum lobortis pretium ornare?<\/h5><p>Feugiat eros, ac tincidunt ligula massa in faucibus orci luctus et ultrices posuere cubilia curae<\/p><\/div><div class=\"question animated fadeInUp visible\" data-animation=\"fadeInUp\" data-animation-delay=\"600\"><h5 class=\"h5-sm\">Interdum lobortis pretium ornare?<\/h5><p>Praesent semper, lacus sed cursus porta, odio augue ligula massa risus laoreet. Laoreet auctor massa varius egestas amet mauris suscipit semper lacus sed cursus porta feugiat primis<\/p><\/div>","typography_typography":"custom","typography_font_size":{"unit":"px","size":16}},"elements":[],"isInner":false,"widgetType":"text-editor","elType":"widget"}],"isInner":true,"elType":"column"},{"id":"34816a64","settings":{"_column_size":50,"_inline_size":null,"padding":{"unit":"px","top":"0","right":"45","bottom":"0","left":"45","isLinked":false}},"elements":[{"id":"23888cee","settings":{"editor":"<div class=\"question animated fadeInUp visible\" data-animation=\"fadeInUp\" data-animation-delay=\"300\"><h5 class=\"h5-sm\">Aliquam dapibus pretium ornare?<\/h5><p>Feugiat eros ligula massa lipsum primis in orci luctus et ultrices posuere cubilia curae congue lorem. ante ipsum primis in faucibus bibendum sit amet in odio<\/p><\/div><div class=\"question animated fadeInUp visible\" data-animation=\"fadeInUp\" data-animation-delay=\"400\"><h5 class=\"h5-sm\">Pretium purus lacus tempor an ipsum vitae augue egestas emo ligula?<\/h5><p>Praesent semper lacus sed cursus porta, feugiat primis in orci luctus ligula eros ac ligula massa in faucibus orci luctus et ultrices posuere ante ipsum primis in faucibus bibendum sit amet in odio.<\/p><\/div><div class=\"question animated fadeInUp visible\" data-animation=\"fadeInUp\" data-animation-delay=\"500\"><h5 class=\"h5-sm\">Dapibus lobortis pretium ornare?<\/h5><p>Praesent semper, lacus sed cursus porta,feugiat primis in faucibus orci luctus tincidunt ligula ultrice sapien egestas lobortis magna<\/p><\/div><div class=\"question animated fadeInUp visible\" data-animation=\"fadeInUp\" data-animation-delay=\"600\"><h5 class=\"h5-sm\">Interdum lobortis pretium ornare?<\/h5><p>Feugiat eros, ac tincidunt ligula massa in faucibus orci luctus et ultrices posuere cubilia curae integer congue leo metus, eu mollis lorem primis in orci<\/p><\/div>"},"elements":[],"isInner":false,"widgetType":"text-editor","elType":"widget"}],"isInner":true,"elType":"column"}],"isInner":true,"elType":"section"}],"isInner":false,"elType":"column"}],"isInner":false,"elType":"section"},{"id":"5a4a9cc2","settings":{"background_background":"classic","background_color":"#f4f4f4","padding":{"unit":"px","top":"100","right":"0","bottom":"100","left":"0","isLinked":false},"content_position":"middle","text_align":"center","html_tag":"div","_element_id":"press_about_us"},"elements":[{"id":"39781c74","settings":{"_column_size":100},"elements":[{"id":"6e4bb192","settings":{"title":"Press About XooApp\n","subheading_title":"Aliquam a augue suscipit, luctus neque purus ipsum neque dolor primis libero tempus, tempor posuere ligula varius","typography_typography":"custom","sub_typography_typography":"custom","title_margin":{"unit":"px","top":"0","right":"0","bottom":"0","left":"0","isLinked":false}},"elements":[],"isInner":false,"widgetType":"xooapp-section-heading","elType":"widget"},{"id":"7dd020fd","settings":{"structure":"40","html_tag":"div","gap":"extended"},"elements":[{"id":"4491da50","settings":{"_column_size":25,"_inline_size":null,"margin_mobile":{"unit":"px","top":"0","right":"0","bottom":"30","left":"0","isLinked":false}},"elements":[{"id":"5d7d4988","settings":{"title_text":"","description_text":"","image":{"url":"http:\/\/jthemes.org\/wp\/xooapp\/wp-content\/uploads\/2018\/10\/press-1.png","id":82},"image_space":{"unit":"px","size":0},"image_size":{"unit":"%","size":80},"hover_animation":"grow","css_filters_css_filter":"custom","css_filters_hover_css_filter":"custom","_padding":{"unit":"px","top":"40","right":"40","bottom":"40","left":"40","isLinked":true},"_background_background":"classic","_background_color":"#ffffff","_box_shadow_box_shadow_type":"yes","_box_shadow_box_shadow":{"horizontal":0,"vertical":0,"blur":17,"spread":3,"color":"rgba(0,0,0,0.13)"},"_animation":"fadeInUp","_animation_delay":400},"elements":[],"isInner":false,"widgetType":"image-box","elType":"widget"}],"isInner":true,"elType":"column"},{"id":"66e3bdaa","settings":{"_column_size":25,"_inline_size":null,"margin_mobile":{"unit":"px","top":"0","right":"0","bottom":"30","left":"0","isLinked":false}},"elements":[{"id":"50bc6e15","settings":{"title_text":"","description_text":"","image":{"url":"http:\/\/jthemes.org\/wp\/xooapp\/wp-content\/uploads\/2018\/10\/press-2.png","id":83},"image_space":{"unit":"px","size":0},"image_size":{"unit":"%","size":80},"hover_animation":"grow","css_filters_css_filter":"custom","css_filters_hover_css_filter":"custom","_padding":{"unit":"px","top":"40","right":"40","bottom":"40","left":"40","isLinked":true},"_background_background":"classic","_background_color":"#ffffff","_box_shadow_box_shadow_type":"yes","_box_shadow_box_shadow":{"horizontal":0,"vertical":0,"blur":17,"spread":3,"color":"rgba(0,0,0,0.13)"},"_animation":"fadeInUp","_animation_delay":400},"elements":[],"isInner":false,"widgetType":"image-box","elType":"widget"}],"isInner":true,"elType":"column"},{"id":"344e453b","settings":{"_column_size":25,"_inline_size":null,"margin_mobile":{"unit":"px","top":"0","right":"0","bottom":"30","left":"0","isLinked":false}},"elements":[{"id":"5fd2a13","settings":{"title_text":"","description_text":"","image":{"url":"http:\/\/jthemes.org\/wp\/xooapp\/wp-content\/uploads\/2018\/10\/press-3.png","id":84},"image_space":{"unit":"px","size":0},"image_size":{"unit":"%","size":80},"hover_animation":"grow","css_filters_css_filter":"custom","css_filters_hover_css_filter":"custom","_padding":{"unit":"px","top":"40","right":"40","bottom":"40","left":"40","isLinked":true},"_background_background":"classic","_background_color":"#ffffff","_box_shadow_box_shadow_type":"yes","_box_shadow_box_shadow":{"horizontal":0,"vertical":0,"blur":17,"spread":3,"color":"rgba(0,0,0,0.13)"},"_animation":"fadeInUp","_animation_delay":500},"elements":[],"isInner":false,"widgetType":"image-box","elType":"widget"}],"isInner":true,"elType":"column"},{"id":"785bbc38","settings":{"_column_size":25,"_inline_size":null},"elements":[{"id":"ee07d9c","settings":{"title_text":"","description_text":"","image":{"url":"http:\/\/jthemes.org\/wp\/xooapp\/wp-content\/uploads\/2018\/10\/press-4.png","id":85},"image_space":{"unit":"px","size":0},"image_size":{"unit":"%","size":80},"hover_animation":"grow","css_filters_css_filter":"custom","css_filters_hover_css_filter":"custom","_padding":{"unit":"px","top":"40","right":"40","bottom":"40","left":"40","isLinked":true},"_background_background":"classic","_background_color":"#ffffff","_box_shadow_box_shadow_type":"yes","_box_shadow_box_shadow":{"horizontal":0,"vertical":0,"blur":17,"spread":3,"color":"rgba(0,0,0,0.13)"},"_animation":"fadeInUp","_animation_delay":600},"elements":[],"isInner":false,"widgetType":"image-box","elType":"widget"}],"isInner":true,"elType":"column"}],"isInner":true,"elType":"section"},{"id":"8380d6c","settings":{"title":"","subheading_title":"Semper lacus cursus porta, feugiat primis in luctus ultrice tellus potenti neque dolor primis in posuere magna nec augue ipsum primis risus auctor purus pretium ligula rutrum","typography_typography":"custom","sub_typography_typography":"custom","_padding":{"unit":"px","top":"20","right":"0","bottom":"0","left":"0","isLinked":false},"title_margin":{"unit":"px","top":"0","right":"0","bottom":"0","left":"0","isLinked":false},"subtitle_margin":{"unit":"px","top":"0","right":"0","bottom":"0","left":"0","isLinked":false},"subtitle_padding":{"unit":"px","top":"0","right":"0","bottom":"0","left":"0","isLinked":false},"_margin_mobile":{"unit":"px","top":"0","right":"0","bottom":"0","left":"0","isLinked":false},"_padding_mobile":{"unit":"px","top":"0","right":"0","bottom":"0","left":"0","isLinked":false}},"elements":[],"isInner":false,"widgetType":"xooapp-section-heading","elType":"widget"},{"id":"7e20e43a","settings":{"text":"What Our Clients Say","align":"center","background_color":"rgba(0,0,0,0)","text_padding":{"unit":"px","top":"0","right":"0","bottom":"0","left":"0","isLinked":false},"_margin":{"unit":"px","top":"0","right":"0","bottom":"0","left":"0","isLinked":true},"_css_classes":"btn btn-lightgreen"},"elements":[],"isInner":false,"widgetType":"button","elType":"widget"}],"isInner":false,"elType":"column"}],"isInner":false,"elType":"section"},{"id":"7b1cba8e","settings":{"padding":{"unit":"px","top":"100","right":"0","bottom":"100","left":"0","isLinked":false},"html_tag":"div","gap":"no","_element_id":"blog"},"elements":[{"id":"f3f52b","settings":{"_column_size":100},"elements":[{"id":"1b6663b0","settings":{"title":"Our Latest News\n","subheading_title":"Aliquam a augue suscipit, luctus neque purus ipsum neque dolor primis  libero tempus, tempor posuere ligula varius","sub_typography_typography":"custom","title_margin":{"unit":"px","top":"0","right":"0","bottom":"0","left":"0","isLinked":true}},"elements":[],"isInner":false,"widgetType":"xooapp-section-heading","elType":"widget"},{"id":"5ce5f119","settings":{"read_more_text":"More Details","title_typography_typography":"custom","title_typography_font_family":"Montserrat","title_hover_color":"#888888","description_typography_typography":"custom","title_typography_font_weight":"700"},"elements":[],"isInner":false,"widgetType":"xooapp_blog","elType":"widget"}],"isInner":false,"elType":"column"}],"isInner":false,"elType":"section"},{"id":"4dd32b56","settings":{"content_position":"middle","structure":"20","background_background":"classic","background_color":"#42a045","background_image":{"url":"http:\/\/jthemes.org\/wp\/xooapp\/wp-content\/uploads\/2018\/10\/tra-bg-2.png","id":98},"background_position":"center center","background_attachment":"fixed","background_repeat":"no-repeat","background_size":"cover","padding":{"unit":"px","top":"100","right":"0","bottom":"100","left":"0","isLinked":false},"html_tag":"div","padding_mobile":{"unit":"px","top":"50","right":"0","bottom":"50","left":"0","isLinked":false}},"elements":[{"id":"68c180aa","settings":{"_column_size":50,"_inline_size":50},"elements":[{"id":"109f7cd3","settings":{"title":"Stay up to date with our news, ideas and updates","title_color":"#ffffff","typography_typography":"custom","typography_font_size":{"unit":"px","size":38},"align_mobile":"center","typography_font_size_mobile":{"unit":"px","size":24},"_margin_mobile":{"unit":"px","top":"0","right":"0","bottom":"10","left":"0","isLinked":false}},"elements":[],"isInner":false,"widgetType":"heading","elType":"widget"}],"isInner":false,"elType":"column"},{"id":"116bf7b9","settings":{"_column_size":50,"_inline_size":50,"html_tag":"div"},"elements":[{"id":"4eacaae1","settings":{"wp":{"title":""}},"elements":[],"isInner":false,"widgetType":"wp-widget-mc4wp_form_widget","elType":"widget"}],"isInner":false,"elType":"column"}],"isInner":false,"elType":"section"},{"id":"4dc559fa","settings":{"html_tag":"div","structure":"20","padding":{"unit":"px","top":"100","right":"0","bottom":"100","left":"0","isLinked":false},"padding_mobile":{"unit":"px","top":"50","right":"0","bottom":"50","left":"0","isLinked":false},"content_position":"middle"},"elements":[{"id":"61d7497a","settings":{"_column_size":50,"_inline_size":64.4740000000000037516656448133289813995361328125},"elements":[{"id":"4c0fd364","settings":{"banner_desc":"<p>Nemo ipsam egestas volute turpis dolores ut aliquam quaerat sodales sapien undo euismod blandit vitae arcu. Aenean blandit non nulla at sodales mollis in eget velit aliquam quaerat sodales sapien undo ongue magna impedit<\/p>"},"elements":[],"isInner":false,"widgetType":"xooapp_logo","elType":"widget"}],"isInner":false,"elType":"column"},{"id":"24817f55","settings":{"_column_size":50,"_inline_size":35.52600000000000335376171278767287731170654296875,"margin":{"unit":"%","top":"0","right":"0","bottom":"0","left":"30","isLinked":false},"margin_tablet":{"unit":"px","top":"0","right":"0","bottom":"0","left":"0","isLinked":false},"margin_mobile":{"unit":"%","top":"0","right":"0","bottom":"0","left":"0","isLinked":false}},"elements":[{"id":"641088fe","settings":{"wp":{"title":"","count":"2"}},"elements":[],"isInner":false,"widgetType":"wp-widget-xooapp_recent_post_widget","elType":"widget"}],"isInner":false,"elType":"column"}],"isInner":false,"elType":"section"}]}