{"version":"0.4","title":"Home 2","type":"page","content":[{"id":"4dbd8fd","settings":{"layout":"full_width","gap":"no","content_position":"middle","html_tag":"div"},"elements":[{"id":"3a2e5020","settings":{"_column_size":100},"elements":[{"id":"5612d4bf","settings":{"nav_item_lists":[{"nav":"Features","link":"#features","_id":"80ce0b8","show_dropdown":"","sub_nav":"","priority":""},{"nav":"Screens","link":"#screen","_id":"6f21b50","show_dropdown":"","sub_nav":"","priority":""},{"nav":"Go Premium","link":"#go_premium","_id":"a7393b2","show_dropdown":"","sub_nav":"","priority":"yes"},{"nav":"FAQs","link":"#faqs","_id":"135bf74","show_dropdown":"","sub_nav":"","priority":""},{"nav":"Blog","link":"#blog","_id":"2fc1f3c","show_dropdown":"","sub_nav":"","priority":""}],"social_icon_list":[{"social":"fa fa-facebook","_id":"bec443c","social_link":{"url":"","is_external":"","nofollow":""}},{"social":"fa fa-twitter","_id":"c3dfe5c","social_link":{"url":"","is_external":"","nofollow":""}},{"social":"fa fa-dribbble","_id":"818892f","social_link":{"url":"","is_external":"","nofollow":""}}],"banner_bg_img":{"url":"http:\/\/jthemes.org\/wp\/xooapp\/wp-content\/uploads\/2018\/12\/logo-white-2.png","id":2152},"app_img":{"url":"http:\/\/jthemes.org\/wp\/xooapp\/wp-content\/uploads\/2018\/10\/appstore-1.png","id":138},"title_typography_typography":"custom","title_typography_font_size":{"unit":"px","size":16.800000000000000710542735760100185871124267578125},"title_typography_font_weight":"500"},"elements":[],"isInner":false,"widgetType":"xooapp_header","elType":"widget"}],"isInner":false,"elType":"column"}],"isInner":false,"elType":"section"},{"id":"4a51d8fc","settings":{"content_position":"middle","html_tag":"div","structure":"20","background_background":"classic","background_image":{"url":"http:\/\/jthemes.org\/wp\/xooapp\/wp-content\/uploads\/2018\/10\/hero-2.png","id":38},"background_position":"bottom right","padding":{"unit":"px","top":"160","right":"0","bottom":"100","left":"0","isLinked":false},"gap":"no","responsive_background_control_mobile":"bottom left","_element_id":"hero-2","responsive_background_control_tablet":"center center","padding_tablet":{"unit":"em","top":"","right":"","bottom":"","left":"","isLinked":false},"padding_mobile":{"unit":"px","top":"50","right":"0","bottom":"50","left":"0","isLinked":false}},"elements":[{"id":"1be13536","settings":{"_column_size":50,"_inline_size":43.42099999999999937472239253111183643341064453125},"elements":[{"id":"4e49c6ff","settings":{"image":{"url":"http:\/\/jthemes.org\/wp\/xooapp\/wp-content\/uploads\/2018\/10\/hero-2-img.png","id":37},"_animation":"fadeInLeft","_margin_mobile":{"unit":"px","top":"60","right":"0","bottom":"0","left":"0","isLinked":false}},"elements":[],"isInner":false,"widgetType":"image","elType":"widget"}],"isInner":false,"elType":"column"},{"id":"1418ef0f","settings":{"_column_size":50,"_inline_size":56.57900000000000062527760746888816356658935546875,"text_align":"center","padding":{"unit":"px","top":"0","right":"0","bottom":"0","left":"95","isLinked":false},"padding_tablet":{"unit":"px","top":"0","right":"0","bottom":"0","left":"0","isLinked":false},"padding_mobile":{"unit":"px","top":"0","right":"0","bottom":"0","left":"0","isLinked":false}},"elements":[{"id":"2a0b307f","settings":{"title":"Stay Organized Effortlessly","align":"left","subheading_title":"Orci nullam tempor sapien donec enim ipsum integer at porta justo odio vitae auctor vitae integer congue magna lacus odio ac risus auctor tempus magna","title_color":"#ffffff","title_margin":{"unit":"px","top":"0","right":"0","bottom":"20","left":"0","isLinked":false},"sub_title_color":"#ffffff","sub_typography_font_size":{"unit":"px","size":20},"_margin":{"unit":"px","top":"0","right":"0","bottom":"0","left":"0","isLinked":false},"align_mobile":"center","title_color_mobile":"#0c0c0c","sub_title_color_mobile":"#0c0c0c","typography_typography":"custom","text_shadow_text_shadow":{"horizontal":10,"vertical":13,"blur":0,"color":"rgba(12,12,12,0.3)"},"sub_typography_typography":"custom","subtitle_margin":{"unit":"px","top":"0","right":"0","bottom":"0","left":"0","isLinked":false},"subtitle_padding":{"unit":"px","top":"0","right":"0","bottom":"0","left":"0","isLinked":false},"section_margin":{"unit":"px","top":"0","right":"0","bottom":"0","left":"0","isLinked":false},"section_padding":{"unit":"px","top":"0","right":"0","bottom":"0","left":"0","isLinked":false},"_padding":{"unit":"px","top":"0","right":"0","bottom":"0","left":"0","isLinked":false},"_animation":"fadeInUp","_animation_delay":300,"_margin_mobile":{"unit":"px","top":"0","right":"0","bottom":"0","left":"0","isLinked":false},"_padding_mobile":{"unit":"px","top":"20","right":"0","bottom":"0","left":"0","isLinked":false}},"elements":[],"isInner":false,"widgetType":"xooapp-section-heading","elType":"widget"},{"id":"6bf3f290","settings":{"wp":{"title":""},"_margin":{"unit":"px","top":"0","right":"40","bottom":"0","left":"0","isLinked":false},"_padding":{"unit":"px","top":"0","right":"0","bottom":"0","left":"0","isLinked":false},"_border_color":"#3d3d3d","_border_radius":{"unit":"%","top":"","right":"","bottom":"","left":"","isLinked":false},"_border_width":{"unit":"px","top":"0","right":"0","bottom":"0","left":"0","isLinked":true},"_animation":"fadeInUp","_animation_delay":400,"_margin_mobile":{"unit":"px","top":"0","right":"0","bottom":"0","left":"0","isLinked":false}},"elements":[],"isInner":false,"widgetType":"wp-widget-mc4wp_form_widget","elType":"widget"},{"id":"56b42f34","settings":{"editor":"<p>*\u00a0<span style=\"color: #ffffff;\"><a style=\"color: #ffffff;\" href=\"#\"><span style=\"text-decoration: underline;\">See FAQ<\/span><\/a><\/span>\u00a0for more details<span style=\"color: #ffffff;\">\u00a0<a style=\"text-decoration: underline; color: #ffffff;\" href=\"#\">Privacy Policy<\/a><\/span><\/p>","text_color":"#f2f2f2","align_mobile":"center","align":"left","_margin":{"unit":"px","top":"0","right":"0","bottom":"0","left":"0","isLinked":false},"_padding":{"unit":"px","top":"0","right":"0","bottom":"0","left":"0","isLinked":false},"hide_mobile":"hidden-phone","typography_typography":"custom"},"elements":[],"isInner":false,"widgetType":"text-editor","elType":"widget"}],"isInner":false,"elType":"column"}],"isInner":false,"elType":"section"},{"id":"572fc377","settings":{"html_tag":"div","_element_id":"features","gap":"no","padding_mobile":{"unit":"px","top":"50","right":"0","bottom":"50","left":"0","isLinked":false}},"elements":[{"id":"25a2a6cf","settings":{"_column_size":100},"elements":[{"id":"5c1dca6d","settings":{"title":"Features In This App\n","subheading_title":"Aliquam a augue suscipit, luctus neque purus ipsum neque dolor \nprimis libero tempus, tempor posuere ligula varius","align":"center","sub_align":"center","title_color":"#0c0c0c","typography_typography":"custom","sub_title_color":"#0c0c0c","sub_typography_typography":"custom","_padding":{"unit":"em","top":"","right":"","bottom":"","left":"","isLinked":false},"typography_font_size":{"unit":"px","size":61},"typography_line_height":{"unit":"em","size":1.399999999999999911182158029987476766109466552734375},"align_mobile":"center","typography_font_size_mobile":{"unit":"px","size":20},"typography_line_height_mobile":{"unit":"px","size":34},"title_margin":{"unit":"px","top":"0","right":"0","bottom":"0","left":"0","isLinked":false},"subtitle_margin":{"unit":"px","top":"0","right":"0","bottom":"0","left":"0","isLinked":false},"section_margin":{"unit":"%","top":"","right":"","bottom":"","left":"","isLinked":false},"_margin_mobile":{"unit":"px","top":"0","right":"0","bottom":"0","left":"0","isLinked":false},"_padding_mobile":{"unit":"px","top":"0","right":"0","bottom":"0","left":"0","isLinked":false}},"elements":[],"isInner":false,"widgetType":"xooapp-section-heading","elType":"widget"}],"isInner":false,"elType":"column"}],"isInner":false,"elType":"section"},{"id":"583ebb25","settings":{"structure":"40","background_background":"classic","background_position":"bottom center","padding":{"unit":"px","top":"0","right":"0","bottom":"70","left":"0","isLinked":false},"html_tag":"div","gap":"extended","custom_height":{"unit":"px","size":172}},"elements":[{"id":"6814a0fe","settings":{"_column_size":25,"_inline_size":null,"_inline_size_tablet":50},"elements":[{"id":"3e8be73e","settings":{"icon":"pe-7s-piggy","feature_style":"fbox-3 purple-hover","title_text":"Free Trial","description_text":"Ligula risus auctor tempus dolor lacinia","primary_color":"#555555","hover_primary_color":"#783bb1","icon_size":{"unit":"px","size":80},"text_align":"center","title_color":"#0c0c0c","title_typography_typography":"custom","title_typography_font_size":{"unit":"px","size":20},"description_color":"#0c0c0c","_padding":{"unit":"px","top":"0","right":"0","bottom":"0","left":"0","isLinked":false},"_animation":"fadeInUp","_animation_delay":300},"elements":[],"isInner":false,"widgetType":"feature-box","elType":"widget"},{"id":"251acd4f","settings":{"icon":"pe-7s-mail-open-file","feature_style":"fbox-3 purple-hover","title_text":"Mailer Engine","description_text":"Feugiat primis in lacinia risus an auctor","primary_color":"","hover_primary_color":"#783bb1","icon_size":{"unit":"px","size":80},"text_align":"center","title_color":"#0c0c0c","title_typography_typography":"custom","title_typography_font_size":{"unit":"px","size":20},"description_color":"#0c0c0c","_padding":{"unit":"px","top":"0","right":"0","bottom":"0","left":"0","isLinked":false},"shape":"square","font_gradient_primary_color":"","_animation":"fadeInUp","_animation_delay":300},"elements":[],"isInner":false,"widgetType":"feature-box","elType":"widget"}],"isInner":false,"elType":"column"},{"id":"2a4c5701","settings":{"_column_size":25,"_inline_size":null,"_inline_size_tablet":50},"elements":[{"id":"69caa0ea","settings":{"icon":"pe-7s-vector","feature_style":"fbox-3 purple-hover","title_text":"Unique Design","description_text":"Dolor feugiat felis lacinia risus an auctor portao.","primary_color":"#0c0c0c","hover_primary_color":"#783bb1","icon_size":{"unit":"px","size":80},"text_align":"center","title_color":"#0c0c0c","title_typography_typography":"custom","title_typography_font_size":{"unit":"px","size":20},"description_color":"#0c0c0c","_padding":{"unit":"px","top":"0","right":"0","bottom":"0","left":"0","isLinked":false},"_animation":"fadeInUp","_animation_delay":400},"elements":[],"isInner":false,"widgetType":"feature-box","elType":"widget"},{"id":"7dbc19d","settings":{"icon":"pe-7s-bell","feature_style":"fbox-3 purple-hover","title_text":"Notifications","description_text":"Semper lacus cursus porta primis ultrice","primary_color":"#0c0c0c","hover_primary_color":"#783bb1","icon_size":{"unit":"px","size":80},"text_align":"center","title_color":"#0c0c0c","title_typography_typography":"custom","title_typography_font_size":{"unit":"px","size":20},"description_color":"#0c0c0c","_padding":{"unit":"px","top":"0","right":"0","bottom":"0","left":"0","isLinked":false},"_animation":"fadeInUp","_animation_delay":400},"elements":[],"isInner":false,"widgetType":"feature-box","elType":"widget"}],"isInner":false,"elType":"column"},{"id":"2552fe9f","settings":{"_column_size":25,"_inline_size":null,"_inline_size_tablet":50},"elements":[{"id":"587d94f0","settings":{"icon":"pe-7s-target","feature_style":"fbox-3 purple-hover","title_text":"Cross-Platform","description_text":"Ligula auctor tempus unt dolor feugiat felis","primary_color":"#555555","hover_primary_color":"#783bb1","icon_size":{"unit":"px","size":80},"text_align":"center","title_color":"#0c0c0c","title_typography_typography":"custom","title_typography_font_size":{"unit":"px","size":20},"description_color":"#0c0c0c","_padding":{"unit":"px","top":"0","right":"0","bottom":"0","left":"0","isLinked":false},"_animation":"fadeInUp","_animation_delay":500},"elements":[],"isInner":false,"widgetType":"feature-box","elType":"widget"},{"id":"6aa69aaa","settings":{"icon":"pe-7s-refresh-2","feature_style":"fbox-3 purple-hover","title_text":"Free Updates","description_text":"Cursus porta in ultrice risus auctor porta","primary_color":"#555555","hover_primary_color":"#783bb1","icon_size":{"unit":"px","size":80},"text_align":"center","title_color":"#0c0c0c","title_typography_typography":"custom","title_typography_font_size":{"unit":"px","size":20},"description_color":"#0c0c0c","_padding":{"unit":"px","top":"0","right":"0","bottom":"0","left":"0","isLinked":false},"_animation":"fadeInUp","_animation_delay":500},"elements":[],"isInner":false,"widgetType":"feature-box","elType":"widget"}],"isInner":false,"elType":"column"},{"id":"4460bf65","settings":{"_column_size":25,"_inline_size":null,"_inline_size_tablet":50},"elements":[{"id":"4016f5b","settings":{"icon":"pe-7s-edit","feature_style":"fbox-3 purple-hover","title_text":"User Friendly","description_text":"Dolor feugiat felis lacinia risus an auctor portao.","primary_color":"#555555","hover_primary_color":"#783bb1","icon_size":{"unit":"px","size":80},"text_align":"center","title_color":"#0c0c0c","title_typography_typography":"custom","title_typography_font_size":{"unit":"px","size":20},"description_color":"#0c0c0c","_padding":{"unit":"px","top":"0","right":"0","bottom":"0","left":"0","isLinked":false},"_animation":"fadeInUp","_animation_delay":600},"elements":[],"isInner":false,"widgetType":"feature-box","elType":"widget"},{"id":"78695bfd","settings":{"icon":"pe-7s-help2","feature_style":"fbox-3 purple-hover","title_text":"Fast Support","description_text":"Risus auctor dolor feugiat felis an auctor","primary_color":"#555555","hover_primary_color":"#783bb1","icon_size":{"unit":"px","size":80},"text_align":"center","title_color":"#0c0c0c","title_typography_typography":"custom","title_typography_font_size":{"unit":"px","size":20},"description_color":"#0c0c0c","_padding":{"unit":"px","top":"0","right":"0","bottom":"0","left":"0","isLinked":false},"_animation":"fadeInUp","_animation_delay":600},"elements":[],"isInner":false,"widgetType":"feature-box","elType":"widget"}],"isInner":false,"elType":"column"}],"isInner":false,"elType":"section"},{"id":"7bcb3705","settings":{"layout":"full_width","gap":"no","padding":{"unit":"px","top":"0","right":"0","bottom":"0","left":"0","isLinked":false},"background_color":"#715fef","html_tag":"div","padding_mobile":{"unit":"px","top":"0","right":"0","bottom":"0","left":"0","isLinked":false}},"elements":[{"id":"627779b6","settings":{"_column_size":100,"background_background":"classic"},"elements":[{"id":"3e1bba82","settings":{"structure":"20","background_background":"classic","background_color":"#f0f0f0","color_text":"#ffffff","padding":{"unit":"px","top":"100","right":"0","bottom":"0","left":"0","isLinked":false},"background_position":"bottom center","content_position":"middle","html_tag":"div","gap":"no","padding_mobile":{"unit":"em","top":"","right":"","bottom":"","left":"","isLinked":false},"reverse_order_mobile":"reverse-mobile"},"elements":[{"id":"3432a349","settings":{"_column_size":50,"_inline_size":null,"color_text":"#0c0c0c"},"elements":[{"id":"3ad30a8d","settings":{"title":"Available On All Your Devices","size":"xxl","align":"left","title_color":"#0c0c0c","typography_typography":"custom","_animation":"fadeInLeft","_padding_mobile":{"unit":"em","top":"","right":"","bottom":"","left":"","isLinked":false}},"elements":[],"isInner":false,"widgetType":"xooapp-heading","elType":"widget"},{"id":"4ab28027","settings":{"editor":"<p>An orci nullam tempor sapien, eget gravida integer donec ipsum porta justo at odio integer congue magna undo auctor gravida velna magna orci lacus odio ac risus auctor faucibus orci ligula massa luctus et ultrices posuere cubilia<\/p>","text_color":"#0c0c0c","typography_typography":"custom","typography_font_weight":"300","_animation":"fadeInLeft","_animation_delay":400,"_margin_mobile":{"unit":"px","top":"0","right":"0","bottom":"20","left":"0","isLinked":false}},"elements":[],"isInner":false,"widgetType":"text-editor","elType":"widget"},{"id":"579b9748","settings":{"view":"inline","button_list":[{"button_text":"","icon":"fa fa-tablet","_id":"59bea23","link":{"url":"","is_external":"true","nofollow":""},"show_icon":"yes","icon_align":"left","icon_indent":{"unit":"px","size":8},"icon_size":{"unit":"px","size":41},"rotate":{"unit":"deg","size":90},"button_indi_color":"","button_font_color":"#bfbfbf","title_typography_typography":"","title_typography_font_family":"Roboto","title_typography_font_size":{"unit":"px","size":""},"title_typography_font_size_tablet":{"unit":"px","size":""},"title_typography_font_size_mobile":{"unit":"px","size":""},"title_typography_font_weight":"","title_typography_text_transform":"","title_typography_font_style":"","title_typography_text_decoration":"","title_typography_line_height":{"unit":"em","size":""},"title_typography_line_height_tablet":{"unit":"em","size":""},"title_typography_line_height_mobile":{"unit":"em","size":""},"title_typography_letter_spacing":{"unit":"px","size":""},"title_typography_letter_spacing_tablet":{"unit":"px","size":""},"title_typography_letter_spacing_mobile":{"unit":"px","size":""},"button_margin":{"unit":"px","top":"","right":"","bottom":"","left":"","isLinked":true},"border_type":"","border_width":{"unit":"px","top":"","right":"","bottom":"","left":"","isLinked":true},"border_color":"","border_radius":{"unit":"px","top":"","right":"","bottom":"","left":"","isLinked":true},"button_hover_indi_color":"","button_hover_font_color":"","align":"","align_tablet":"","align_mobile":""},{"button_text":"","icon":"fa fa-mobile-phone","_id":"1fddb98","link":{"url":"","is_external":"true","nofollow":""},"show_icon":"yes","icon_align":"left","icon_indent":{"unit":"px","size":8},"icon_size":{"unit":"px","size":43},"rotate":{"unit":"deg","size":0},"button_indi_color":"","button_font_color":"#bfbfbf","title_typography_typography":"","title_typography_font_family":"Roboto","title_typography_font_size":{"unit":"px","size":""},"title_typography_font_size_tablet":{"unit":"px","size":""},"title_typography_font_size_mobile":{"unit":"px","size":""},"title_typography_font_weight":"","title_typography_text_transform":"","title_typography_font_style":"","title_typography_text_decoration":"","title_typography_line_height":{"unit":"em","size":""},"title_typography_line_height_tablet":{"unit":"em","size":""},"title_typography_line_height_mobile":{"unit":"em","size":""},"title_typography_letter_spacing":{"unit":"px","size":""},"title_typography_letter_spacing_tablet":{"unit":"px","size":""},"title_typography_letter_spacing_mobile":{"unit":"px","size":""},"button_margin":{"unit":"px","top":"","right":"","bottom":"","left":"","isLinked":true},"border_type":"","border_width":{"unit":"px","top":"","right":"","bottom":"","left":"","isLinked":true},"border_color":"","border_radius":{"unit":"px","top":"","right":"","bottom":"","left":"","isLinked":true},"button_hover_indi_color":"","button_hover_font_color":"","align":"","align_tablet":"","align_mobile":""},{"button_text":"Available on iPhone, iPad and all <br>Android devices from 5.5","link":{"url":"","is_external":"true","nofollow":""},"show_icon":"No","icon":"","icon_align":"left","icon_indent":{"unit":"px","size":""},"icon_size":{"unit":"px","size":""},"rotate":{"unit":"deg","size":0},"button_indi_color":"","button_font_color":"#333333","title_typography_typography":"custom","title_typography_font_family":"Roboto","title_typography_font_size":{"unit":"px","size":16},"title_typography_font_size_tablet":{"unit":"px","size":""},"title_typography_font_size_mobile":{"unit":"px","size":""},"title_typography_font_weight":"300","title_typography_text_transform":"","title_typography_font_style":"italic","title_typography_text_decoration":"","title_typography_line_height":{"unit":"em","size":1.100000000000000088817841970012523233890533447265625},"title_typography_line_height_tablet":{"unit":"em","size":""},"title_typography_line_height_mobile":{"unit":"em","size":""},"title_typography_letter_spacing":{"unit":"px","size":""},"title_typography_letter_spacing_tablet":{"unit":"px","size":""},"title_typography_letter_spacing_mobile":{"unit":"px","size":""},"button_margin":{"unit":"px","top":"","right":"","bottom":"","left":"","isLinked":true},"border_type":"","border_width":{"unit":"px","top":"","right":"","bottom":"","left":"","isLinked":true},"border_color":"","border_radius":{"unit":"px","top":"","right":"","bottom":"","left":"","isLinked":true},"_id":"fdcc5b8","button_hover_indi_color":"","button_hover_font_color":"","align":"","align_tablet":"","align_mobile":""}],"button_color":"custom","button_secondary_color":"#7a7a7a","_padding_mobile":{"unit":"px","top":"0","right":"0","bottom":"20","left":"0","isLinked":false}},"elements":[],"isInner":false,"widgetType":"xooapp_button_list","elType":"widget"}],"isInner":true,"elType":"column"},{"id":"4f27c21f","settings":{"_column_size":50,"_inline_size":null,"margin_mobile":{"unit":"px","top":"0","right":"0","bottom":"0","left":"0","isLinked":false},"padding_mobile":{"unit":"px","top":"0","right":"0","bottom":"0","left":"0","isLinked":false}},"elements":[{"id":"77ea24c0","settings":{"image":{"id":60,"url":"http:\/\/jthemes.org\/wp\/xooapp\/wp-content\/uploads\/2018\/10\/image-03.png"},"image_size":"full","align":"right","_margin":{"unit":"px","top":"0","right":"0","bottom":"-80","left":"0","isLinked":false},"_animation":"fadeInRight","animation_duration":"slow","_animation_delay":300,"align_mobile":"center","_margin_mobile":{"unit":"px","top":"0","right":"0","bottom":"0","left":"0","isLinked":false},"_padding_mobile":{"unit":"px","top":"0","right":"0","bottom":"20","left":"0","isLinked":false}},"elements":[],"isInner":false,"widgetType":"image","elType":"widget"}],"isInner":true,"elType":"column"}],"isInner":true,"elType":"section"}],"isInner":false,"elType":"column"}],"isInner":false,"elType":"section"},{"id":"731da882","settings":{"margin":{"unit":"%","top":"","right":0,"bottom":"","left":0,"isLinked":true},"heading_color":"#c9c9c9","color_text":"#848484","html_tag":"div","gap":"no","padding":{"unit":"px","top":"100","right":"0","bottom":"60","left":"0","isLinked":false},"padding_mobile":{"unit":"px","top":"40","right":"0","bottom":"40","left":"0","isLinked":false}},"elements":[{"id":"d75b3e","settings":{"_column_size":100},"elements":[{"id":"536c3e0","settings":{"structure":"20","html_tag":"div","padding":{"unit":"em","top":"0","right":"0","bottom":"0","left":"0","isLinked":false},"gap":"no","content_position":"middle"},"elements":[{"id":"5efb341c","settings":{"_column_size":50,"_inline_size":null},"elements":[{"id":"363bc877","settings":{"image":{"id":62,"url":"http:\/\/jthemes.org\/wp\/xooapp\/wp-content\/uploads\/2018\/10\/image-06.png"},"_animation":"fadeInLeft","_padding_mobile":{"unit":"px","top":"0","right":"0","bottom":"30","left":"0","isLinked":false}},"elements":[],"isInner":false,"widgetType":"image","elType":"widget"}],"isInner":true,"elType":"column"},{"id":"459a0d7e","settings":{"_column_size":50,"_inline_size":null,"padding":{"unit":"px","top":"0","right":"0","bottom":"0","left":"60","isLinked":false},"padding_tablet":{"unit":"px","top":"0","right":"0","bottom":"0","left":"0","isLinked":false},"padding_mobile":{"unit":"px","top":"0","right":"0","bottom":"0","left":"0","isLinked":false}},"elements":[{"id":"5e20fd23","settings":{"title":"Boost your productivity","size":"xxl","title_color":"#0c0c0c","typography_typography":"custom","_animation":"fadeInRight"},"elements":[],"isInner":false,"widgetType":"xooapp-heading","elType":"widget"},{"id":"48046efe","settings":{"editor":"<p class=\"animated fadeInLeft visible\" data-animation=\"fadeInLeft\" data-animation-delay=\"400\">An enim nullam tempor sapien gravida donec enim ipsum porta justo integer at odio velna vitae auctor integer congue magna at pretium purus pretium ligula rutrum luctus risus<\/p><h5 class=\"h5-md animated fadeInLeft visible\" data-animation=\"fadeInLeft\" data-animation-delay=\"500\">Feature Integration<\/h5><p class=\"animated fadeInLeft visible\" data-animation=\"fadeInLeft\" data-animation-delay=\"600\">An nullam tempor sapien, eget gravida donec enim ipsum porta justo integer at odio velna vitae auctor integer congue<\/p><h5 class=\"h5-md animated fadeInLeft visible\" data-animation=\"fadeInLeft\" data-animation-delay=\"700\">Multiple Discussions<\/h5><p class=\"animated fadeInLeft visible\" data-animation=\"fadeInLeft\" data-animation-delay=\"800\">Justo integer at odio velna vitae auctor integer congue magna undo impedit. Gravida magna lacus odio ac risus<\/p>","typography_typography":"custom","_animation":"fadeInRight","_animation_delay":400},"elements":[],"isInner":false,"widgetType":"text-editor","elType":"widget"}],"isInner":true,"elType":"column"}],"isInner":true,"elType":"section"},{"id":"1df7532c","settings":{"structure":"20","html_tag":"div","padding":{"unit":"px","top":"100","right":"0","bottom":"0","left":"0","isLinked":false},"gap":"no","content_position":"middle","padding_mobile":{"unit":"px","top":"50","right":"0","bottom":"50","left":"0","isLinked":false},"margin_mobile":{"unit":"px","top":"0","right":0,"bottom":"0","left":0,"isLinked":false},"reverse_order_mobile":"reverse-mobile"},"elements":[{"id":"3689aa73","settings":{"_column_size":50,"_inline_size":null},"elements":[{"id":"3c9f498a","settings":{"title":"Video tutorials are available","size":"xxl","title_color":"#0c0c0c","typography_typography":"custom"},"elements":[],"isInner":false,"widgetType":"xooapp-heading","elType":"widget"},{"id":"72aceda4","settings":{"editor":"<p class=\"animated fadeInLeft visible\" data-animation=\"fadeInLeft\" data-animation-delay=\"400\">Gravida donec integer ipsum porta justo at odio velna auctor integer magna at risus auctor purus rutrum primis ultrice ligula luctus impedit magna dolor vitae risus auctor purus<\/p>\n<blockquote>\n<p data-animation=\"fadeInLeft\" data-animation-delay=\"400\">\"Lorem ipsum dolor sit amet, consectetuer adipiscing elit. Aenean magna ligula eget dolor suscipit egestas viverra dolor iaculis luctus magna suscipit egestas \"<\/p>\n<\/blockquote>\n\n<div class=\"quote-avatar\"><img src=\"http:\/\/jthemes.org\/wp\/xooapp\/wp-content\/uploads\/2018\/10\/quote-avatar.jpg\" alt=\"\" width=\"120\" height=\"120\" \/><\/div>\n<div class=\"quote-author\">\n<h5 class=\"h5-xs\">Leslie Serpas<\/h5>\n<span class=\"grey-color\">Designer of XooApp<\/span>\n\n<\/div>","typography_typography":"custom","_padding_mobile":{"unit":"px","top":"0","right":"0","bottom":"30","left":"0","isLinked":false}},"elements":[],"isInner":false,"widgetType":"text-editor","elType":"widget"}],"isInner":true,"elType":"column"},{"id":"5e509925","settings":{"_column_size":50,"_inline_size":null},"elements":[{"id":"1621a5a6","settings":{"video_link":"https:\/\/www.youtube.com\/watch?v=kuceVNBTJio","video_text":" Watch the Overview"},"elements":[],"isInner":false,"widgetType":"xooapp_video_box","elType":"widget"}],"isInner":true,"elType":"column"}],"isInner":true,"elType":"section"}],"isInner":false,"elType":"column"}],"isInner":false,"elType":"section"},{"id":"668223a2","settings":{"content_width":{"unit":"px","size":0},"layout":"full_width","gap":"no","padding":{"unit":"px","top":"100","right":"0","bottom":"100","left":"0","isLinked":false},"html_tag":"div","background_background":"classic","background_color":"#f7f7f7","_element_id":"screen","padding_mobile":{"unit":"px","top":"50","right":"0","bottom":"0","left":"0","isLinked":false}},"elements":[{"id":"33d0fa18","settings":{"_column_size":100},"elements":[{"id":"5fb53d74","settings":{"gap":"no","html_tag":"div"},"elements":[{"id":"35de454f","settings":{"_column_size":100,"_inline_size":null,"margin_mobile":{"unit":"px","top":"","right":"","bottom":"","left":"","isLinked":false},"padding_mobile":{"unit":"em","top":"","right":"","bottom":"","left":"","isLinked":false}},"elements":[{"id":"56f4ecab","settings":{"title":"Unique App Screens","subheading_title":"Aliquam a augue suscipit, luctus neque purus ipsum neque dolor primis libero tempus, tempor posuere ligula varius","align":"center","sub_align":"center","title_color":"#0c0c0c","typography_typography":"custom","sub_title_color":"#0c0c0c","sub_typography_typography":"custom","_padding":{"unit":"px","top":"0","right":"0","bottom":"0","left":"0","isLinked":false},"_margin":{"unit":"px","top":"0","right":"0","bottom":"60","left":"0","isLinked":false},"typography_line_height":{"unit":"em","size":1.6999999999999999555910790149937383830547332763671875},"typography_letter_spacing":{"unit":"px","size":0},"section_margin_mobile":{"unit":"px","top":"0","right":"0","bottom":"0","left":"0","isLinked":false},"section_padding_mobile":{"unit":"px","top":"0","right":"0","bottom":"0","left":"0","isLinked":false}},"elements":[],"isInner":false,"widgetType":"xooapp-section-heading","elType":"widget"}],"isInner":true,"elType":"column"}],"isInner":true,"elType":"section"},{"id":"111c63bd","settings":{"carousel":[{"id":117,"url":"http:\/\/jthemes.org\/wp\/xooapp\/wp-content\/uploads\/2018\/10\/screen-1.jpg"},{"id":118,"url":"http:\/\/jthemes.org\/wp\/xooapp\/wp-content\/uploads\/2018\/10\/screen-2.jpg"},{"id":119,"url":"http:\/\/jthemes.org\/wp\/xooapp\/wp-content\/uploads\/2018\/10\/screen-3.jpg"},{"id":120,"url":"http:\/\/jthemes.org\/wp\/xooapp\/wp-content\/uploads\/2018\/10\/screen-4.jpg"},{"id":121,"url":"http:\/\/jthemes.org\/wp\/xooapp\/wp-content\/uploads\/2018\/10\/screen-5.jpg"},{"id":122,"url":"http:\/\/jthemes.org\/wp\/xooapp\/wp-content\/uploads\/2018\/10\/screen-6.jpg"},{"id":123,"url":"http:\/\/jthemes.org\/wp\/xooapp\/wp-content\/uploads\/2018\/10\/screen-7.jpg"},{"id":124,"url":"http:\/\/jthemes.org\/wp\/xooapp\/wp-content\/uploads\/2018\/10\/screen-8.jpg"}],"thumbnail_size":"full","_margin":{"unit":"px","top":"110","right":"0","bottom":"0","left":"0","isLinked":false},"frame_select":"yes","_margin_mobile":{"unit":"px","top":"0","right":"0","bottom":"0","left":"0","isLinked":false},"_padding_mobile":{"unit":"%","top":"0","right":"0","bottom":"30","left":"0","isLinked":false},"arrows_position":"outside","dots_color":"#ffffff"},"elements":[],"isInner":false,"widgetType":"app-screenshot-carousel","elType":"widget"}],"isInner":false,"elType":"column"}],"isInner":false,"elType":"section"},{"id":"6495daf3","settings":{"gap":"no","html_tag":"div","padding":{"unit":"px","top":"100","right":"0","bottom":"0","left":"0","isLinked":false}},"elements":[{"id":"2344c167","settings":{"_column_size":100},"elements":[{"id":"98d4626","settings":{"title":"Stay Organized Effortlessly","subheading_title":"\nAliquam a augue suscipit, luctus neque purus ipsum neque dolor primis libero tempus, tempor posuere ligula varius volutpat egestas et augue in cubilia laoreet magna","title_margin":{"unit":"px","top":"0","right":"0","bottom":"20","left":"0","isLinked":false},"sub_typography_typography":"custom","_margin_mobile":{"unit":"px","top":"0","right":"0","bottom":"-20","left":"0","isLinked":false},"_padding_mobile":{"unit":"px","top":"0","right":"0","bottom":"0","left":"0","isLinked":false},"subtitle_padding":{"unit":"%","top":"0","right":"6","bottom":"0","left":"6","isLinked":false},"subtitle_padding_tablet":{"unit":"px","top":"0","right":"0","bottom":"0","left":"0","isLinked":false},"subtitle_padding_mobile":{"unit":"px","top":"0","right":"0","bottom":"0","left":"0","isLinked":false},"_padding":{"unit":"px","top":"0","right":"0","bottom":"0","left":"0","isLinked":false}},"elements":[],"isInner":false,"widgetType":"xooapp-section-heading","elType":"widget"}],"isInner":false,"elType":"column"}],"isInner":false,"elType":"section"},{"id":"2e01447b","settings":{"content_position":"middle","html_tag":"div","background_background":"classic","background_image":{"url":"http:\/\/jthemes.org\/wp\/xooapp\/wp-content\/uploads\/2018\/10\/content-7.png","id":25},"background_position":"center center","background_repeat":"no-repeat","background_size":"cover","padding":{"unit":"px","top":"0","right":"0","bottom":"100","left":"0","isLinked":false},"gap":"no"},"elements":[{"id":"34329a11","settings":{"_column_size":100},"elements":[{"id":"f0346a6","settings":{"html_tag":"div","background_background":"classic","gap":"no"},"elements":[{"id":"67da9522","settings":{"_column_size":100,"_inline_size":null},"elements":[{"id":"b89e15b","settings":{"image":{"url":"http:\/\/jthemes.org\/wp\/xooapp\/wp-content\/uploads\/2018\/10\/content-7-img.png","id":24},"image_size":"full","align":"center"},"elements":[],"isInner":false,"widgetType":"image","elType":"widget"}],"isInner":true,"elType":"column"}],"isInner":true,"elType":"section"},{"id":"3214fd4d","settings":{"html_tag":"div","structure":"30","gap":"no"},"elements":[{"id":"291da13a","settings":{"_column_size":33,"_inline_size":null},"elements":[{"id":"4f48e65b","settings":{"icon":"pe-7s-target","title_text":"Quick Access","description_text":"Semper lacus cursus porta, feugiat primis ultrice in ligula risus auctor\n\t\t\t\t\t\t\t\t\t\t\t   tempus feugiat dolor, felis lacinia risus porta\n\t\t\t\t\t\t\t\t\t\t\t","font_gradient_primary_color":"#ffffff","font_gradient_secondary_color":"#ffffff","icon_size":{"unit":"px","size":80},"text_align":"center","title_color":"#ffffff","title_typography_typography":"custom","title_typography_font_size":{"unit":"px","size":20},"description_color":"#ffffff","icon_space_mobile":{"unit":"px","size":0},"_animation":"fadeInUp","_animation_delay":300},"elements":[],"isInner":false,"widgetType":"feature-box","elType":"widget"}],"isInner":true,"elType":"column"},{"id":"2f5ba03e","settings":{"_column_size":33,"_inline_size":null},"elements":[{"id":"4aeeabcd","settings":{"icon":"pe-7s-mail-open-file","title_text":"Mailer Engine","description_text":"Feugiat primis ultrice semper lacus cursus porta, in ligula risus auctor tempus feugiat dolor, felis lacinia risus porta","font_gradient_primary_color":"#ffffff","font_gradient_secondary_color":"#ffffff","icon_size":{"unit":"px","size":80},"text_align":"center","title_color":"#ffffff","title_typography_typography":"custom","title_typography_font_size":{"unit":"px","size":20},"description_color":"#ffffff","icon_space_mobile":{"unit":"px","size":0},"_animation":"fadeInUp","_animation_delay":400},"elements":[],"isInner":false,"widgetType":"feature-box","elType":"widget"}],"isInner":true,"elType":"column"},{"id":"2d6f413f","settings":{"_column_size":33,"_inline_size":null},"elements":[{"id":"6b97f801","settings":{"icon":"pe-7s-shield","title_text":"Concrete Security","description_text":"Porta semper lacus cursus p, feugiat primis ultrice in ligula risus auctor tempus feugiat dolor, felis lacinia risus porta","font_gradient_primary_color":"#ffffff","font_gradient_secondary_color":"#ffffff","icon_size":{"unit":"px","size":80},"text_align":"center","title_color":"#ffffff","title_typography_typography":"custom","title_typography_font_size":{"unit":"px","size":20},"description_color":"#ffffff","icon_space_mobile":{"unit":"px","size":0},"_animation":"fadeInUp","_animation_delay":500},"elements":[],"isInner":false,"widgetType":"feature-box","elType":"widget"}],"isInner":true,"elType":"column"}],"isInner":true,"elType":"section"}],"isInner":false,"elType":"column"}],"isInner":false,"elType":"section"},{"id":"54020c8b","settings":{"structure":"20","padding":{"unit":"px","top":"100","right":"0","bottom":"100","left":"0","isLinked":false},"html_tag":"div","content_position":"middle"},"elements":[{"id":"5ca72470","settings":{"_column_size":50,"_inline_size":null},"elements":[{"id":"509ccfa8","settings":{"team_name":"Jonathan Barnes","designation":"Founder","social_list":[{"social_name":"Facebook","social_icon":"fa fa-facebook","_id":"a8a8d0f","social_link":"Social Link","list_color":""},{"social_name":"Twitter","social_icon":"fa fa-twitter","_id":"5d33090","social_link":"Social Link","list_color":""},{"social_name":"Dribbble","social_icon":"fa fa-dribbble","_id":"f620987","social_link":"Social Link","list_color":""}],"counter_list":[{"counter_name":"Happy Client","counter_icon":"pe-7s-smile","counter_number":"1154","_id":"570bf68","width":{"unit":"px","top":"0","right":"1","bottom":"1","left":"0","isLinked":false},"color":"#2d2d2d","border_type":"solid","border_width":{"unit":"px","top":"0","right":"1","bottom":"1","left":"0","isLinked":false},"border_color":"#dddddd"},{"counter_name":"Tickets Closed","counter_icon":"pe-7s-help2","counter_number":"409","_id":"d1b975c","width":{"unit":"px","top":"","right":"","bottom":"","left":"","isLinked":true},"color":"","border_type":"solid","border_width":{"unit":"px","top":"0","right":"0","bottom":"1","left":"0","isLinked":false},"border_color":"#dddddd"},{"counter_name":"Followers","counter_icon":"pe-7s-users","counter_number":"869","_id":"bf65d72","width":{"unit":"px","top":"","right":"","bottom":"","left":"","isLinked":true},"color":"","border_type":"solid","border_width":{"unit":"px","top":"0","right":"1","bottom":"0","left":"0","isLinked":false},"border_color":"#dddddd"},{"counter_name":"Cups of Coffee","counter_icon":"pe-7s-coffee","counter_number":"901","_id":"e8a2c00","width":{"unit":"px","top":"","right":"","bottom":"","left":"","isLinked":true},"color":"","border_type":"","border_width":{"unit":"px","top":"1","right":"0","bottom":"0","left":"1","isLinked":false},"border_color":"#dddddd"}],"number_color":"#0c0c0c","description_color":"#0c0c0c","description_typography_typography":"custom","_animation":"fadeInUp","_animation_delay":300},"elements":[],"isInner":false,"widgetType":"xooapp-counter","elType":"widget"}],"isInner":false,"elType":"column"},{"id":"15ea8ba3","settings":{"_column_size":50,"_inline_size":null},"elements":[{"id":"68ddf5f3","settings":{"image":{"url":"http:\/\/jthemes.org\/wp\/xooapp\/wp-content\/uploads\/2018\/10\/image-06.png","id":62},"_animation":"fadeInRight"},"elements":[],"isInner":false,"widgetType":"image","elType":"widget"}],"isInner":false,"elType":"column"}],"isInner":false,"elType":"section"},{"id":"196f5588","settings":{"background_background":"classic","background_color":"#ffffff","padding":{"unit":"px","top":"100","right":"0","bottom":"100","left":"0","isLinked":false},"html_tag":"div"},"elements":[{"id":"307b9c24","settings":{"_column_size":100,"_inline_size":null},"elements":[{"id":"44115eda","settings":{"title":"Customers Feedback\n","subheading_title":"Aliquam a augue suscipit, luctus neque purus ipsum neque dolor primis<br> libero tempus, tempor posuere ligula varius","title_color":"#0c0c0c","sub_title_color":"#0c0c0c","sub_typography_typography":"custom","_margin":{"unit":"px","top":"0","right":"0","bottom":"0","left":"0","isLinked":false},"subtitle_padding":{"unit":"%","top":"0","right":"10","bottom":"0","left":"10","isLinked":false},"section_margin":{"unit":"px","top":"0","right":"0","bottom":"0","left":"0","isLinked":false},"section_padding":{"unit":"px","top":"0","right":"0","bottom":"0","left":"0","isLinked":false}},"elements":[],"isInner":false,"widgetType":"xooapp-section-heading","elType":"widget"},{"id":"3f61ae8f","settings":{"html_tag":"div","margin_mobile":{"unit":"px","top":"0","right":0,"bottom":"0","left":0,"isLinked":false},"padding_mobile":{"unit":"px","top":"50","right":"0","bottom":"0","left":"0","isLinked":false}},"elements":[{"id":"64e68569","settings":{"_column_size":100,"_inline_size":null},"elements":[{"id":"75049d1","settings":{"testimonial_option":[{"title":"Jonathan Morgan","designation":"Marketting","testimoni_content_title":"Super Support","testimoni_content":"Enim ad minim veniam, quis nostrud exercitation ullamco laboris nisi ut aliquip ex ea commodo conse quat. Duis aute irure dolor in reprehenderit in voluptate.","testimoni_image":{"url":"http:\/\/jthemes.org\/wp\/xooapp\/wp-content\/plugins\/xooapp-master\/assets\/images\/review-author-1.jpg"},"testimonial_rating":"<i class=\"fa fa-star\"><\/i><i class=\"fa fa-star\"><\/i><i class=\"fa fa-star\"><\/i><i class=\"fa fa-star\"><\/i><i class=\"fa fa-star\"><\/i>","_id":"a83175c"},{"title":"Harsul Hisham","designation":"Engineer","testimoni_content_title":"What a theme!","testimoni_content":"Enim ad minim veniam, quis nostrud exercitation ullamco laboris nisi ut aliquip ex ea commodo conse quat. Duis aute irure dolor in reprehenderit in voluptate.","testimoni_image":{"url":"http:\/\/jthemes.org\/wp\/xooapp\/wp-content\/plugins\/xooapp-master\/assets\/images\/review-author-2.jpg"},"testimonial_rating":"<i class=\"fa fa-star\"><\/i><i class=\"fa fa-star\"><\/i><i class=\"fa fa-star\"><\/i><i class=\"fa fa-star\"><\/i><i class=\"fa fa-star\"><\/i>","_id":"38005a2"},{"title":"Teem Southy","designation":"Developer","testimoni_content_title":"Outstanding Support","testimoni_content":"Enim ad minim veniam, quis nostrud exercitation ullamco laboris nisi ut aliquip ex ea commodo conse quat. Duis aute irure dolor in reprehenderit in voluptate.","testimoni_image":{"url":"http:\/\/jthemes.org\/wp\/xooapp\/wp-content\/plugins\/xooapp-master\/assets\/images\/review-author-3.jpg"},"testimonial_rating":"<i class=\"fa fa-star\"><\/i><i class=\"fa fa-star\"><\/i><i class=\"fa fa-star\"><\/i><i class=\"fa fa-star\"><\/i><i class=\"fa fa-star\"><\/i>","_id":"bb9db2a"},{"title":"Harsul Hisham","designation":"Engineer","testimoni_content_title":"Happy!!","testimoni_content":"Enim ad minim veniam, quis nostrud exercitation ullamco laboris nisi ut aliquip ex ea commodo conse quat. Duis aute irure dolor in reprehenderit in voluptate.","testimoni_image":{"url":"http:\/\/jthemes.org\/wp\/xooapp\/wp-content\/plugins\/xooapp-master\/assets\/images\/review-author-4.jpg"},"testimonial_rating":"<i class=\"fa fa-star\"><\/i><i class=\"fa fa-star\"><\/i><i class=\"fa fa-star\"><\/i><i class=\"fa fa-star\"><\/i><i class=\"fa fa-star-o\"><\/i>","_id":"fb14771"},{"title":"Jake Margin","designation":"Marketing","testimoni_content_title":"Nice Person","testimoni_content":"Enim ad minim veniam, quis nostrud exercitation ullamco laboris nisi ut aliquip ex ea commodo conse quat. Duis aute irure dolor in reprehenderit in voluptate.","testimoni_image":{"url":"http:\/\/jthemes.org\/wp\/xooapp\/wp-content\/plugins\/xooapp-master\/assets\/images\/review-author-5.jpg"},"testimonial_rating":"<i class=\"fa fa-star\"><\/i><i class=\"fa fa-star\"><\/i><i class=\"fa fa-star\"><\/i><i class=\"fa fa-star\"><\/i><i class=\"fa fa-star\"><\/i>","_id":"c3eda0f"}],"content_typography_typography":"custom","content_typography_font_weight":"300","_background_background":"classic","_background_color":"#ffffff"},"elements":[],"isInner":false,"widgetType":"xooapp-testimonials","elType":"widget"}],"isInner":true,"elType":"column"}],"isInner":true,"elType":"section"}],"isInner":false,"elType":"column"}],"isInner":false,"elType":"section"},{"id":"5f5db6a4","settings":{"content_position":"middle","html_tag":"div","background_background":"classic","background_color":"#f7f7f7","padding":{"unit":"px","top":"100","right":"0","bottom":"100","left":"0","isLinked":false},"_element_id":"go_premium"},"elements":[{"id":"4227a4c4","settings":{"_column_size":100},"elements":[{"id":"391f12fc","settings":{"title":"Go Premium. Be Happy","subheading_title":"Aliquam a augue suscipit, luctus neque purus ipsum neque dolor <br> primis libero tempus, tempor posuere ligula varius","sub_typography_typography":"custom","typography_typography":"custom","title_margin":{"unit":"px","top":"0","right":"0","bottom":"0","left":"0","isLinked":false},"section_margin":{"unit":"%","top":"","right":"","bottom":"","left":"","isLinked":true}},"elements":[],"isInner":false,"widgetType":"xooapp-section-heading","elType":"widget"},{"id":"5ccb683b","settings":{"content_width":{"unit":"px","size":732},"structure":"20","html_tag":"div"},"elements":[{"id":"6f8558e6","settings":{"_column_size":50,"_inline_size":null},"elements":[{"id":"46041fcd","settings":{"title":"<div class=\"pricing-plan m-bottom-10\"><h4 class=\"h4-md\">XooApp Free<\/h4><p><span class=\"price\">Free<\/span><\/p><\/div>","view":"","icon_list":[{"text":"20 Users Tasks","icon":"fa fa-check","_id":"dede0fa","link":{"url":"","is_external":"","nofollow":""}},{"text":"5 GB of Storage","icon":"fa fa-check","_id":"efce0d6","link":{"url":"","is_external":"","nofollow":""}},{"text":"Theme Customization","icon":"fa fa-dot-circle-o","_id":"f988f9e","link":{"url":"","is_external":"","nofollow":""}},{"text":"Free Email Support","icon":"fa fa-dot-circle-o","_id":"b4cc90b","link":{"url":"","is_external":"","nofollow":""}},{"text":"Security Suite","icon":"fa fa-dot-circle-o","_id":"6ea43db","link":{"url":"","is_external":"","nofollow":""}}],"button_text":"Get Started","space_between":{"unit":"px","size":15},"icon_size":{"unit":"px","size":21},"_animation":"fadeInUp","animation_duration":"slow","_animation_delay":300},"elements":[],"isInner":false,"widgetType":"pricing-table","elType":"widget"}],"isInner":true,"elType":"column"},{"id":"1d23dd5f","settings":{"_column_size":50,"_inline_size":null},"elements":[{"id":"a2f202a","settings":{"title":"<div class=\"pricing-plan m-bottom-10\"><h4 class=\"h4-md\">XooApp <strong>Pro<\/strong><\/h4><p><span class=\"price\">20$<\/span><sup class=\"validity\"> \/ monthly<\/sup><\/p><\/div>","icon_list":[{"text":"20 Users Tasks","icon":"fa fa-check","_id":"dede0fa","link":{"url":"","is_external":"","nofollow":""}},{"text":"5 GB of Storage","icon":"fa fa-check","_id":"efce0d6","link":{"url":"","is_external":"","nofollow":""}},{"text":"Theme Customization","icon":"fa fa-dot-circle-o","_id":"f988f9e","link":{"url":"","is_external":"","nofollow":""}},{"text":"Free Email Support","icon":"fa fa-dot-circle-o","_id":"b4cc90b","link":{"url":"","is_external":"","nofollow":""}},{"text":"Security Suite","icon":"fa fa-dot-circle-o","_id":"6ea43db","link":{"url":"","is_external":"","nofollow":""}}],"button_text":"Upgrade to PRO","space_between":{"unit":"px","size":16},"icon_size":{"unit":"px","size":19},"text_color":"#0c0c0c","icon_typography_typography":"custom","icon_typography_line_height":{"unit":"em","size":1},"button_style":"btn-lightblue","_animation":"fadeInUp","animation_duration":"slow","_animation_delay":400},"elements":[],"isInner":false,"widgetType":"pricing-table","elType":"widget"}],"isInner":true,"elType":"column"}],"isInner":true,"elType":"section"}],"isInner":false,"elType":"column"}],"isInner":false,"elType":"section"},{"id":"24c3c63b","settings":{"html_tag":"div","padding":{"unit":"px","top":"100","right":"0","bottom":"100","left":"0","isLinked":false}},"elements":[{"id":"7502c447","settings":{"_column_size":100,"padding":{"unit":"em","top":"","right":"","bottom":"","left":"","isLinked":false},"margin_mobile":{"unit":"px","top":"0","right":"0","bottom":"20","left":"0","isLinked":false}},"elements":[{"id":"78f8e75d","settings":{"title":"Apps by DSAThemes","align":"center","subheading_title":"Aliquam a augue suscipit, luctus neque purus ipsum neque dolor primis libero tempus, tempor posuere ligula varius","title_color":"#0c0c0c","typography_typography":"custom","sub_title_color":"#0c0c0c","sub_typography_typography":"custom","title_margin":{"unit":"px","top":"0","right":"0","bottom":"10","left":"0","isLinked":false},"title_margin_tablet":{"unit":"px","top":"0","right":"0","bottom":"0","left":"0","isLinked":false},"title_margin_mobile":{"unit":"px","top":"0","right":"0","bottom":"0","left":"0","isLinked":false},"subtitle_margin":{"unit":"px","top":"0","right":"0","bottom":"0","left":"0","isLinked":false},"subtitle_padding":{"unit":"%","top":"","right":"","bottom":"","left":"","isLinked":false}},"elements":[],"isInner":false,"widgetType":"xooapp-section-heading","elType":"widget"},{"id":"6ce23926","settings":{"structure":"30","content_width":{"unit":"px","size":950},"html_tag":"div"},"elements":[{"id":"23ee2f3f","settings":{"_column_size":33,"_inline_size":null,"margin_mobile":{"unit":"px","top":"0","right":"0","bottom":"20","left":"0","isLinked":false}},"elements":[{"id":"370c32c2","settings":{"title_text":"Eventador","description_text":"Aliquam a augue luctus neque purus ipsum neque dolor primis suscipit","text_align":"center","feature_image":{"id":10,"url":"http:\/\/jthemes.org\/wp\/xooapp\/wp-content\/uploads\/2018\/10\/app-logo-1.png"},"sub_title_text":"Productivity","icon_space":{"unit":"px","size":23},"title_bottom_space":{"unit":"px","size":0},"shape":"square","social_list":[{"social_name":"IOS","social_icon":"fa fa-apple","social_link":"#","_id":"cddb6ba"},{"social_name":"Android","social_icon":"fa fa-android","social_link":"#","_id":"abfe8a5"}],"font_gradient_primary_color":"#888888","font_gradient_secondary_color":"#888888","primary_color":"#0c0000","hover_primary_color":"#e2e2e2","description_typography_typography":"custom","description_typography_font_weight":"300","_animation":"fadeInUp"},"elements":[],"isInner":false,"widgetType":"feature-box","elType":"widget"}],"isInner":true,"elType":"column"},{"id":"37df3fe4","settings":{"_column_size":33,"_inline_size":null,"margin_mobile":{"unit":"px","top":"0","right":"0","bottom":"20","left":"0","isLinked":false}},"elements":[{"id":"6ea57000","settings":{"title_text":"UniSet","description_text":"Aliquam a augue luctus neque purus ipsum neque dolor primis suscipit","text_align":"center","feature_image":{"id":11,"url":"http:\/\/jthemes.org\/wp\/xooapp\/wp-content\/uploads\/2018\/10\/app-logo-2.png"},"sub_title_text":"Social Networking","icon_space":{"unit":"px","size":23},"title_bottom_space":{"unit":"px","size":0},"font_gradient_primary_color":"#888888","font_gradient_secondary_color":"#888888","primary_color":"#0c0000","social_list":[{"social_name":"Apple","social_icon":"fa fa-apple","social_link":"","_id":"8e215af"},{"social_name":"Android","social_icon":"fa fa-android","social_link":"","_id":"f7a54a4"}],"description_typography_typography":"custom","description_typography_font_weight":"300","_animation":"fadeInUp"},"elements":[],"isInner":false,"widgetType":"feature-box","elType":"widget"}],"isInner":true,"elType":"column"},{"id":"1f00db98","settings":{"_column_size":33,"_inline_size":null},"elements":[{"id":"1f91397a","settings":{"title_text":"LeekApp","description_text":"Aliquam a augue luctus neque purus ipsum neque dolor primis suscipit","text_align":"center","feature_image":{"id":12,"url":"http:\/\/jthemes.org\/wp\/xooapp\/wp-content\/uploads\/2018\/10\/app-logo-3.png"},"sub_title_text":"Finance","icon_space":{"unit":"px","size":23},"title_bottom_space":{"unit":"px","size":0},"social_list":[{"social_name":"IOS","social_icon":"fa fa-apple","social_link":"#","_id":"8eca15d"},{"social_name":"Android","social_icon":"fa fa-android","social_link":"#","_id":"0f9814e"}],"font_gradient_primary_color":"#888888","font_gradient_secondary_color":"#888888","description_typography_typography":"custom","description_typography_font_size":{"unit":"px","size":15},"description_typography_font_weight":"300","_animation":"fadeInUp"},"elements":[],"isInner":false,"widgetType":"feature-box","elType":"widget"}],"isInner":true,"elType":"column"}],"isInner":true,"elType":"section"}],"isInner":false,"elType":"column"}],"isInner":false,"elType":"section"},{"id":"730603e9","settings":{"background_background":"classic","background_overlay_background":"classic","background_overlay_color":"rgba(38,38,38,0.93)","background_image":{"id":27,"url":"http:\/\/jthemes.org\/wp\/xooapp\/wp-content\/uploads\/2018\/10\/download-3.jpg"},"background_attachment":"fixed","padding":{"unit":"px","top":"0","right":"0","bottom":"0","left":"0","isLinked":false},"html_tag":"div","gap":"no","content_position":"middle","background_position":"center center","text_align":"center"},"elements":[{"id":"c729548","settings":{"_column_size":100},"elements":[{"id":"36b64252","settings":{"structure":"22","content_position":"middle","html_tag":"div","text_align":"left"},"elements":[{"id":"59bad17c","settings":{"_column_size":66,"_inline_size":37.768000000000000682121026329696178436279296875},"elements":[{"id":"406911de","settings":{"image":{"url":"http:\/\/jthemes.org\/wp\/xooapp\/wp-content\/uploads\/2018\/10\/image-05.png","id":61},"_margin":{"unit":"px","top":"-60","right":"0","bottom":"-60","left":"0","isLinked":false},"hide_mobile":"hidden-phone","_animation":"fadeInLeft","animation_duration":"slow","_margin_mobile":{"unit":"px","top":"0","right":"0","bottom":"0","left":"0","isLinked":false},"_padding_mobile":{"unit":"px","top":"0","right":"0","bottom":"0","left":"0","isLinked":false},"_padding":{"unit":"px","top":"0","right":"60","bottom":"0","left":"0","isLinked":false},"_padding_tablet":{"unit":"px","top":"0","right":"0","bottom":"0","left":"0","isLinked":false}},"elements":[],"isInner":false,"widgetType":"image","elType":"widget"}],"isInner":true,"elType":"column"},{"id":"25100812","settings":{"_column_size":33,"_inline_size":62.23100000000000164845914696343243122100830078125},"elements":[{"id":"604847b1","settings":{"title":"It\u2019s perfect time to join XooApp","align":"left","subheading_title":"Feugiat eros, ac tincidunt ligula massa in faucibus orci luctus posuere cubilia curae integer congue leo metus\n","title_color":"#ffffff","sub_title_color":"#ffffff","sub_typography_typography":"custom","_padding":{"unit":"px","top":"0","right":"0","bottom":"0","left":"80","isLinked":false},"typography_typography":"custom","typography_line_height":{"unit":"em","size":0.90000000000000002220446049250313080847263336181640625},"text_shadow_text_shadow_type":"yes","title_margin":{"unit":"px","top":"0","right":"0","bottom":"10","left":"0","isLinked":false},"sub_typography_line_height":{"unit":"em","size":1.3000000000000000444089209850062616169452667236328125},"_margin":{"unit":"px","top":"0","right":"0","bottom":"0","left":"0","isLinked":false},"align_mobile":"center","_margin_mobile":{"unit":"px","top":"0","right":"0","bottom":"0","left":"0","isLinked":false},"_padding_mobile":{"unit":"px","top":"0","right":"0","bottom":"0","left":"0","isLinked":false},"title_margin_tablet":{"unit":"px","top":"0","right":"0","bottom":"0","left":"0","isLinked":false},"title_margin_mobile":{"unit":"px","top":"0","right":"0","bottom":"0","left":"0","isLinked":false},"subtitle_margin":{"unit":"px","top":"0","right":"0","bottom":"0","left":"0","isLinked":false},"subtitle_padding":{"unit":"px","top":"0","right":"0","bottom":"0","left":"0","isLinked":false},"section_margin":{"unit":"px","top":"0","right":"0","bottom":"0","left":"0","isLinked":false},"section_padding":{"unit":"px","top":"0","right":"0","bottom":"0","left":"0","isLinked":false},"_padding_tablet":{"unit":"px","top":"0","right":"0","bottom":"0","left":"0","isLinked":false},"_animation":"fadeInRight"},"elements":[],"isInner":false,"widgetType":"xooapp-section-heading","elType":"widget"},{"id":"36bef7d6","settings":{"app_image_one":{"url":"http:\/\/jthemes.org\/wp\/xooapp\/wp-content\/uploads\/2018\/10\/googleplay-tra-white.png","id":148},"app_one_link":"#","app_image_two":{"url":"http:\/\/jthemes.org\/wp\/xooapp\/wp-content\/uploads\/2018\/10\/appstore-tra-white.png","id":145},"app_two_link":"#","_padding":{"unit":"px","top":"0","right":"0","bottom":"0","left":"80","isLinked":false},"_margin_mobile":{"unit":"px","top":"0","right":"0","bottom":"0","left":"0","isLinked":false},"_padding_mobile":{"unit":"px","top":"0","right":"0","bottom":"0","left":"0","isLinked":false},"_animation":"fadeInRight","animation_duration":"slow","_animation_delay":400,"_padding_tablet":{"unit":"px","top":"0","right":"0","bottom":"0","left":"0","isLinked":false}},"elements":[],"isInner":false,"widgetType":"xooapp_app_info","elType":"widget"}],"isInner":true,"elType":"column"}],"isInner":true,"elType":"section"}],"isInner":false,"elType":"column"}],"isInner":false,"elType":"section"},{"id":"2e385e19","settings":{"padding":{"unit":"px","top":"100","right":"0","bottom":"100","left":"0","isLinked":false},"html_tag":"div","_element_id":"faqs"},"elements":[{"id":"30540834","settings":{"_column_size":100},"elements":[{"id":"3f46d2be","settings":{"title":"Troubles with XooApp?","subheading_title":"Aliquam a augue suscipit, luctus neque purus ipsum neque dolor <br>primis libero tempus, tempor posuere ligula varius","typography_font_size":{"unit":"px","size":60},"sub_typography_typography":"custom","title_margin":{"unit":"px","top":"0","right":"0","bottom":"0","left":"0","isLinked":false},"subtitle_margin":{"unit":"%","top":"","right":"","bottom":"","left":"","isLinked":false},"subtitle_padding":{"unit":"px","top":"0","right":"0","bottom":"0","left":"0","isLinked":false},"section_margin":{"unit":"%","top":"","right":"","bottom":"","left":"","isLinked":false},"section_padding":{"unit":"%","top":"","right":"","bottom":"","left":"","isLinked":false},"_margin":{"unit":"px","top":"0","right":"0","bottom":"0","left":"0","isLinked":false},"_padding":{"unit":"px","top":"0","right":"0","bottom":"0","left":"0","isLinked":false},"_animation":"fadeInUp"},"elements":[],"isInner":false,"widgetType":"xooapp-section-heading","elType":"widget"},{"id":"6c84ec86","settings":{"structure":"20"},"elements":[{"id":"d8d4162","settings":{"_column_size":50,"_inline_size":null,"padding":{"unit":"px","top":"0","right":"45","bottom":"0","left":"45","isLinked":false}},"elements":[{"id":"64250d36","settings":{"editor":"<div class=\"question animated fadeInUp visible\" data-animation=\"fadeInUp\" data-animation-delay=\"300\"><h5 class=\"h5-sm\">Lobortis sit magna ornare magna egestas?<\/h5><p>Etiam sit amet mauris suscipit sit amet in odio. Integer congue leo metus. Vitae arcu mollis blandit ultrice ligula egestas magna suscipit lectus magna suscipit luctus undo blandit vitae purus laoreet<\/p><\/div><div class=\"question animated fadeInUp visible\" data-animation=\"fadeInUp\" data-animation-delay=\"400\"><h5 class=\"h5-sm\">Placeat axime facere omnis volute?<\/h5><p>An augue egestas an ipsum vitae emo ligula volute ante ipsum primis in faucibus sit ametn in odio. Integer congue leo metus, eu mollis lorem viverra suscipit lectus magna<\/p><\/div><div class=\"question animated fadeInUp visible\" data-animation=\"fadeInUp\" data-animation-delay=\"500\"><h5 class=\"h5-sm\">An interdum lobortis pretium ornare?<\/h5><p>Feugiat eros, ac tincidunt ligula massa in faucibus orci luctus et ultrices posuere cubilia curae<\/p><\/div><div class=\"question animated fadeInUp visible\" data-animation=\"fadeInUp\" data-animation-delay=\"600\"><h5 class=\"h5-sm\">Interdum lobortis pretium ornare?<\/h5><p>Praesent semper, lacus sed cursus porta, odio augue ligula massa risus laoreet. Laoreet auctor massa varius egestas amet mauris suscipit semper lacus sed cursus porta feugiat primis<\/p><\/div>","typography_typography":"custom","typography_font_size":{"unit":"px","size":16},"_animation":"fadeInUp","_animation_delay":400},"elements":[],"isInner":false,"widgetType":"text-editor","elType":"widget"}],"isInner":true,"elType":"column"},{"id":"60ebd3b2","settings":{"_column_size":50,"_inline_size":null,"padding":{"unit":"px","top":"0","right":"45","bottom":"0","left":"45","isLinked":false}},"elements":[{"id":"7ead9c9a","settings":{"editor":"<div class=\"question animated fadeInUp visible\" data-animation=\"fadeInUp\" data-animation-delay=\"300\"><h5 class=\"h5-sm\">Aliquam dapibus pretium ornare?<\/h5><p>Feugiat eros ligula massa lipsum primis in orci luctus et ultrices posuere cubilia curae congue lorem. ante ipsum primis in faucibus bibendum sit amet in odio<\/p><\/div><div class=\"question animated fadeInUp visible\" data-animation=\"fadeInUp\" data-animation-delay=\"400\"><h5 class=\"h5-sm\">Pretium purus lacus tempor an ipsum vitae augue egestas emo ligula?<\/h5><p>Praesent semper lacus sed cursus porta, feugiat primis in orci luctus ligula eros ac ligula massa in faucibus orci luctus et ultrices posuere ante ipsum primis in faucibus bibendum sit amet in odio.<\/p><\/div><div class=\"question animated fadeInUp visible\" data-animation=\"fadeInUp\" data-animation-delay=\"500\"><h5 class=\"h5-sm\">Dapibus lobortis pretium ornare?<\/h5><p>Praesent semper, lacus sed cursus porta,feugiat primis in faucibus orci luctus tincidunt ligula ultrice sapien egestas lobortis magna<\/p><\/div><div class=\"question animated fadeInUp visible\" data-animation=\"fadeInUp\" data-animation-delay=\"600\"><h5 class=\"h5-sm\">Interdum lobortis pretium ornare?<\/h5><p>Feugiat eros, ac tincidunt ligula massa in faucibus orci luctus et ultrices posuere cubilia curae integer congue leo metus, eu mollis lorem primis in orci<\/p><\/div>","_animation":"fadeInUp","_animation_delay":500},"elements":[],"isInner":false,"widgetType":"text-editor","elType":"widget"}],"isInner":true,"elType":"column"}],"isInner":true,"elType":"section"},{"id":"4ac6f7eb","settings":{"title":"Didn't find what you're looking for?\n","align":"center","typography_typography":"custom","typography_font_size":{"unit":"px","size":26},"typography_font_weight":"500","_margin":{"unit":"px","top":"0","right":"0","bottom":"0","left":"0","isLinked":false},"_padding":{"unit":"px","top":"50","right":"0","bottom":"0","left":"0","isLinked":false}},"elements":[],"isInner":false,"widgetType":"heading","elType":"widget"},{"id":"b8035c4","settings":{"text":"Ask Your Question Here","align":"center","size":"md","background_color":"#42a5f5"},"elements":[],"isInner":false,"widgetType":"button","elType":"widget"}],"isInner":false,"elType":"column"}],"isInner":false,"elType":"section"},{"id":"7e979300","settings":{"background_background":"classic","background_color":"#f4f4f4","padding":{"unit":"px","top":"100","right":"0","bottom":"100","left":"0","isLinked":false},"content_position":"middle","text_align":"center","html_tag":"div"},"elements":[{"id":"638fb53f","settings":{"_column_size":100},"elements":[{"id":"415add9a","settings":{"title":"Press About XooApp\n","subheading_title":"Aliquam a augue suscipit, luctus neque purus ipsum neque dolor  primis libero tempus, tempor posuere ligula varius","typography_typography":"custom","sub_typography_typography":"custom","title_margin":{"unit":"px","top":"0","right":"0","bottom":"0","left":"0","isLinked":false}},"elements":[],"isInner":false,"widgetType":"xooapp-section-heading","elType":"widget"},{"id":"275ad38d","settings":{"structure":"40","html_tag":"div"},"elements":[{"id":"1c250028","settings":{"_column_size":25,"_inline_size":null,"_inline_size_mobile":100,"padding_mobile":{"unit":"px","top":"40","right":"40","bottom":"40","left":"40","isLinked":true},"margin_mobile":{"unit":"px","top":"0","right":"0","bottom":"20","left":"0","isLinked":false}},"elements":[{"id":"7394c466","settings":{"title_text":"","description_text":"","image":{"url":"http:\/\/jthemes.org\/wp\/xooapp\/wp-content\/uploads\/2018\/10\/press-1.png","id":82},"image_space":{"unit":"px","size":0},"image_size":{"unit":"%","size":80},"hover_animation":"grow","css_filters_css_filter":"custom","css_filters_hover_css_filter":"custom","_padding":{"unit":"px","top":"40","right":"40","bottom":"40","left":"40","isLinked":true},"_background_background":"classic","_background_color":"#ffffff","_box_shadow_box_shadow_type":"yes","_box_shadow_box_shadow":{"horizontal":0,"vertical":0,"blur":17,"spread":3,"color":"rgba(0,0,0,0.13)"},"_margin_mobile":{"unit":"%","top":"","right":"","bottom":"","left":"","isLinked":true},"_padding_mobile":{"unit":"em","top":"","right":"","bottom":"","left":"","isLinked":true}},"elements":[],"isInner":false,"widgetType":"image-box","elType":"widget"}],"isInner":true,"elType":"column"},{"id":"314487c2","settings":{"_column_size":25,"_inline_size":null,"margin_mobile":{"unit":"px","top":"0","right":"0","bottom":"20","left":"0","isLinked":false}},"elements":[{"id":"5bd2b271","settings":{"title_text":"","description_text":"","image":{"url":"http:\/\/jthemes.org\/wp\/xooapp\/wp-content\/uploads\/2018\/10\/press-2.png","id":83},"image_space":{"unit":"px","size":0},"image_size":{"unit":"%","size":80},"hover_animation":"grow","css_filters_css_filter":"custom","css_filters_hover_css_filter":"custom","_padding":{"unit":"px","top":"40","right":"40","bottom":"40","left":"40","isLinked":true},"_background_background":"classic","_background_color":"#ffffff","_box_shadow_box_shadow_type":"yes","_box_shadow_box_shadow":{"horizontal":0,"vertical":0,"blur":17,"spread":3,"color":"rgba(0,0,0,0.13)"}},"elements":[],"isInner":false,"widgetType":"image-box","elType":"widget"}],"isInner":true,"elType":"column"},{"id":"bc0fa2","settings":{"_column_size":25,"_inline_size":null,"margin_mobile":{"unit":"px","top":"0","right":"0","bottom":"20","left":"0","isLinked":false}},"elements":[{"id":"ff2041c","settings":{"title_text":"","description_text":"","image":{"url":"http:\/\/jthemes.org\/wp\/xooapp\/wp-content\/uploads\/2018\/10\/press-3.png","id":84},"image_space":{"unit":"px","size":0},"image_size":{"unit":"%","size":80},"hover_animation":"grow","css_filters_css_filter":"custom","css_filters_hover_css_filter":"custom","_padding":{"unit":"px","top":"40","right":"40","bottom":"40","left":"40","isLinked":true},"_background_background":"classic","_background_color":"#ffffff","_box_shadow_box_shadow_type":"yes","_box_shadow_box_shadow":{"horizontal":0,"vertical":0,"blur":17,"spread":3,"color":"rgba(0,0,0,0.13)"}},"elements":[],"isInner":false,"widgetType":"image-box","elType":"widget"}],"isInner":true,"elType":"column"},{"id":"22a99332","settings":{"_column_size":25,"_inline_size":null},"elements":[{"id":"55c08db2","settings":{"title_text":"","description_text":"","image":{"url":"http:\/\/jthemes.org\/wp\/xooapp\/wp-content\/uploads\/2018\/10\/press-4.png","id":85},"image_space":{"unit":"px","size":0},"image_size":{"unit":"%","size":80},"hover_animation":"grow","css_filters_css_filter":"custom","css_filters_hover_css_filter":"custom","_padding":{"unit":"px","top":"40","right":"40","bottom":"40","left":"40","isLinked":true},"_background_background":"classic","_background_color":"#ffffff","_box_shadow_box_shadow_type":"yes","_box_shadow_box_shadow":{"horizontal":0,"vertical":0,"blur":17,"spread":3,"color":"rgba(0,0,0,0.13)"}},"elements":[],"isInner":false,"widgetType":"image-box","elType":"widget"}],"isInner":true,"elType":"column"}],"isInner":true,"elType":"section"},{"id":"4d883f70","settings":{"title":"","subheading_title":"Semper lacus cursus porta, feugiat primis in luctus ultrice tellus potenti neque dolor primis in posuere magna nec augue ipsum primis risus auctor purus pretium ligula rutrum","sub_typography_typography":"custom","_padding":{"unit":"px","top":"30","right":"0","bottom":"0","left":"0","isLinked":false},"typography_font_size":{"unit":"px","size":18},"sub_typography_font_size":{"unit":"px","size":18},"section_margin":{"unit":"px","top":"0","right":"0","bottom":"0","left":"0","isLinked":false}},"elements":[],"isInner":false,"widgetType":"xooapp-section-heading","elType":"widget"},{"id":"5fac6416","settings":{"text":"What Our Clients Say","align":"center","background_color":"rgba(0,0,0,0)","text_padding":{"unit":"px","top":"0","right":"0","bottom":"0","left":"0","isLinked":false},"_margin":{"unit":"px","top":"0","right":"0","bottom":"0","left":"0","isLinked":true},"_css_classes":"btn btn-lightgreen"},"elements":[],"isInner":false,"widgetType":"button","elType":"widget"}],"isInner":false,"elType":"column"}],"isInner":false,"elType":"section"},{"id":"5f4dc769","settings":{"padding":{"unit":"px","top":"100","right":"0","bottom":"100","left":"0","isLinked":false},"html_tag":"div","_element_id":"blog"},"elements":[{"id":"15ebbdc7","settings":{"_column_size":100},"elements":[{"id":"562a9b45","settings":{"title":"Our Latest News\n","subheading_title":"Aliquam a augue suscipit, luctus neque purus ipsum neque dolor primis  libero tempus, tempor posuere ligula varius","sub_typography_typography":"custom","title_margin":{"unit":"px","top":"0","right":"0","bottom":"8","left":"0","isLinked":false}},"elements":[],"isInner":false,"widgetType":"xooapp-section-heading","elType":"widget"},{"id":"441c7a11","settings":{"read_more_text":"More Details","title_typography_typography":"custom","title_typography_font_family":"Montserrat","title_hover_color":"#888888","description_typography_typography":"custom","title_typography_font_weight":"700"},"elements":[],"isInner":false,"widgetType":"xooapp_blog","elType":"widget"}],"isInner":false,"elType":"column"}],"isInner":false,"elType":"section"},{"id":"4ebe8fbd","settings":{"html_tag":"div","background_background":"classic","background_color":"#f2f2f2","background_image":{"url":"http:\/\/jthemes.org\/wp\/xooapp\/wp-content\/uploads\/2018\/10\/tra-waves.png","id":99},"background_position":"bottom center","background_repeat":"no-repeat","padding":{"unit":"px","top":"100","right":"0","bottom":"100","left":"0","isLinked":false},"content_width":{"unit":"px","size":760}},"elements":[{"id":"23faa8e3","settings":{"_column_size":100},"elements":[{"id":"5c8c6731","settings":{"title":"Looking For Support?","subheading_title":"Got a Question? We'd love to hear from you. Send us a message and  we will respond you as soon as possible","typography_font_size":{"unit":"px","size":60},"sub_typography_typography":"custom","sub_typography_font_size":{"unit":"px","size":20},"title_margin":{"unit":"px","top":"0","right":"0","bottom":"8","left":"0","isLinked":false},"subtitle_margin":{"unit":"px","top":"0","right":"0","bottom":"0","left":"0","isLinked":false},"subtitle_padding":{"unit":"%","top":"0","right":"8","bottom":"0","left":"8","isLinked":false},"subtitle_padding_tablet":{"unit":"px","top":"0","right":"0","bottom":"0","left":"0","isLinked":false},"subtitle_padding_mobile":{"unit":"px","top":"0","right":"0","bottom":"0","left":"0","isLinked":false},"section_margin":{"unit":"px","top":"0","right":"0","bottom":"60","left":"0","isLinked":false},"section_padding":{"unit":"px","top":"0","right":"0","bottom":"0","left":"0","isLinked":false},"_margin":{"unit":"px","top":"0","right":"0","bottom":"0","left":"0","isLinked":false},"_padding":{"unit":"px","top":"0","right":"0","bottom":"0","left":"0","isLinked":false}},"elements":[],"isInner":false,"widgetType":"xooapp-section-heading","elType":"widget"},{"id":"17b0c38c","settings":{"wp":{"title":"","content":"[contact-form-7 id=\"5\" title=\"Contact form 1\"]"}},"elements":[],"isInner":false,"widgetType":"wp-widget-custom_html","elType":"widget"}],"isInner":false,"elType":"column"}],"isInner":false,"elType":"section"},{"id":"96a64c9","settings":{"html_tag":"div","structure":"40","padding":{"unit":"px","top":"100","right":"0","bottom":"100","left":"0","isLinked":false},"background_background":"classic","background_color":"#e8e8e8"},"elements":[{"id":"3229bef6","settings":{"_column_size":25,"_inline_size":38.24600000000000221689333557151257991790771484375},"elements":[{"id":"71d10549","settings":{"banner_desc":"<p>Nemo ipsam egestas volute turpis dolores ut aliquam quaerat sodales sapien undo euismod blandit vitae arcu. Aenean blandit non nulla at sodales mollis in eget velit aliquam<\/p>","logo_size_mobile":{"unit":"px","size":200},"logo_size":{"unit":"px","size":150}},"elements":[],"isInner":false,"widgetType":"xooapp_logo","elType":"widget"}],"isInner":false,"elType":"column"},{"id":"44a3e0ee","settings":{"_column_size":25,"_inline_size":20.876999999999998891553332214243710041046142578125},"elements":[{"id":"49464d9b","settings":{"wp":{"title":"Useful Links","nav_menu":"13"}},"elements":[],"isInner":false,"widgetType":"wp-widget-nav_menu","elType":"widget"}],"isInner":false,"elType":"column"},{"id":"e09562b","settings":{"_column_size":25,"_inline_size":20.43900000000000005684341886080801486968994140625},"elements":[{"id":"687e8b0d","settings":{"wp":{"title":"Support","nav_menu":"12"}},"elements":[],"isInner":false,"widgetType":"wp-widget-nav_menu","elType":"widget"}],"isInner":false,"elType":"column"},{"id":"149ceb69","settings":{"_column_size":25,"_inline_size":20.437999999999998834709913353435695171356201171875},"elements":[{"id":"2842a1cb","settings":{"app_image_one":{"url":"http:\/\/jthemes.org\/wp\/xooapp\/wp-content\/uploads\/2018\/10\/header-googleplay.png","id":141},"app_image_two":{"url":"http:\/\/jthemes.org\/wp\/xooapp\/wp-content\/uploads\/2018\/10\/appstore.png","id":138},"_padding":{"unit":"px","top":"50","right":"0","bottom":"5","left":"0","isLinked":false}},"elements":[],"isInner":false,"widgetType":"xooapp_app_info","elType":"widget"}],"isInner":false,"elType":"column"}],"isInner":false,"elType":"section"}]}