{"version":"0.4","title":"Home 8","type":"page","content":[{"id":"3d4057d6","settings":{"layout":"full_width","gap":"no","content_position":"middle","html_tag":"div"},"elements":[{"id":"6b095df3","settings":{"_column_size":100},"elements":[{"id":"472459c3","settings":{"nav_item_lists":[{"nav":"About","link":"#about","_id":"80ce0b8","show_dropdown":"yes","sub_nav":"Why XooApp\nWatch Video\nHow It Works\n<div class=\"dropdown-divider\"><\/div>\nPress About Us","priority":""},{"nav":"Screens","link":"#screen","_id":"6f21b50","show_dropdown":"","sub_nav":"","priority":""},{"nav":"Features","link":"#features","_id":"338912a","show_dropdown":"","sub_nav":"","priority":""},{"nav":"Reviews","link":"#reviews","_id":"716a8cc","show_dropdown":"","sub_nav":"","priority":""},{"nav":"Blog","link":"#blog","_id":"135bf74","show_dropdown":"","sub_nav":"","priority":""}],"social_icon_list":[{"social":"fa fa-facebook","_id":"bec443c","social_link":{"url":"","is_external":"","nofollow":""}},{"social":"fa fa-twitter","_id":"c3dfe5c","social_link":{"url":"","is_external":"","nofollow":""}},{"social":"fa fa-dribbble","_id":"818892f","social_link":{"url":"","is_external":"","nofollow":""}}],"app_img":{"url":"http:\/\/jthemes.org\/wp\/xooapp\/wp-content\/uploads\/2018\/10\/appstore-1.png","id":138},"banner_bg_img":{"url":"http:\/\/jthemes.org\/wp\/xooapp\/wp-content\/uploads\/2018\/12\/logo.png","id":2153},"item_color":"#000000","title_typography_typography":"custom","title_typography_font_weight":"500"},"elements":[],"isInner":false,"widgetType":"xooapp_header","elType":"widget"}],"isInner":false,"elType":"column"}],"isInner":false,"elType":"section"},{"id":"265db60d","settings":{"content_position":"middle","html_tag":"div","background_background":"classic","background_image":{"url":"http:\/\/jthemes.org\/wp\/xooapp\/wp-content\/uploads\/2018\/10\/hero-8.jpg","id":48},"background_position":"bottom center","padding":{"unit":"px","top":"150","right":"0","bottom":"100","left":"0","isLinked":false},"gap":"no","background_size":"cover","shape_divider_top_width":{"unit":"%","size":100},"text_align":"center","background_repeat":"no-repeat","background_attachment":"fixed","structure":"20"},"elements":[{"id":"98ee3fc","settings":{"_column_size":50,"_inline_size":null},"elements":[{"id":"58a948bf","settings":{"content_position":"middle","html_tag":"div"},"elements":[{"id":"79d7d31","settings":{"_column_size":100,"_inline_size":null},"elements":[{"id":"27e855fb","settings":{"image":{"url":"http:\/\/jthemes.org\/wp\/xooapp\/wp-content\/uploads\/2018\/10\/hero-8-img.png","id":47},"_margin":{"unit":"%","top":"","right":"","bottom":"","left":"","isLinked":false},"_animation":"fadeInRight","animation_duration":"slow","_animation_delay":300,"align":"left","_margin_mobile":{"unit":"px","top":"60","right":"0","bottom":"0","left":"0","isLinked":false}},"elements":[],"isInner":false,"widgetType":"image","elType":"widget"}],"isInner":true,"elType":"column"}],"isInner":true,"elType":"section"}],"isInner":false,"elType":"column"},{"id":"7373eac1","settings":{"_column_size":50,"_inline_size":null},"elements":[{"id":"2f4fc39e","settings":{"banner_desc":"<p class=\"p-lg animated fadeInUp visible\" data-animation=\"fadeInUp\" data-animation-delay=\"400\">Orci nullam tempor sapien donec enim ipsum porta integer justo at odio vitae auctor vitae integer congue magna impedit magna viverra dolor nunc lorem ipsum dolor amet<\/p>","banner_bg_img":{"url":"http:\/\/jthemes.org\/wp\/xooapp\/wp-content\/uploads\/2018\/10\/hero-logo.png","id":57},"logo_text":"XooApp","align":"left","logo_spacing":{"unit":"px","size":4},"logo_size":{"unit":"px","size":100}},"elements":[],"isInner":false,"widgetType":"xooapp_logo","elType":"widget"},{"id":"1890c819","settings":{"structure":"20","content_position":"middle","html_tag":"div"},"elements":[{"id":"7a65e8ca","settings":{"_column_size":50,"_inline_size":30.175000000000000710542735760100185871124267578125},"elements":[{"id":"1f009579","settings":{"button_list":[{"button_text":"Discover More","social":"fa fa-arrow-right","_id":"38c335b","link":{"url":"","is_external":"true","nofollow":""},"show_icon":"","icon":"","icon_align":"left","icon_indent":{"unit":"px","size":""},"icon_size":{"unit":"px","size":""},"button_indi_color":"","button_font_color":"#ffffff","button_margin":{"unit":"px","top":"","right":"","bottom":"","left":"","isLinked":true},"border_type":"","border_width":{"unit":"px","top":"","right":"","bottom":"","left":"","isLinked":true},"border_color":"","border_radius":{"unit":"px","top":"0","right":"0","bottom":"0","left":"0","isLinked":true},"rotate":{"unit":"deg","size":0},"title_typography_typography":"","title_typography_font_family":"Roboto","title_typography_font_size":{"unit":"px","size":""},"title_typography_font_size_tablet":{"unit":"px","size":""},"title_typography_font_size_mobile":{"unit":"px","size":""},"title_typography_font_weight":"","title_typography_text_transform":"","title_typography_font_style":"","title_typography_text_decoration":"","title_typography_line_height":{"unit":"em","size":""},"title_typography_line_height_tablet":{"unit":"em","size":""},"title_typography_line_height_mobile":{"unit":"em","size":""},"title_typography_letter_spacing":{"unit":"px","size":""},"title_typography_letter_spacing_tablet":{"unit":"px","size":""},"title_typography_letter_spacing_mobile":{"unit":"px","size":""},"button_hover_indi_color":"","button_hover_font_color":"","align":"","align_tablet":"","align_mobile":""}],"button_padding":{"unit":"px","top":"0","right":"0","bottom":"0","left":"0","isLinked":false},"border_radius":{"unit":"px","top":"0","right":"0","bottom":"0","left":"0","isLinked":false},"_margin":{"unit":"px","top":"0","right":"0","bottom":"0","left":"0","isLinked":false},"_padding":{"unit":"px","top":"0","right":"0","bottom":"0","left":"0","isLinked":false},"_css_classes":"btn btn-lightgreen"},"elements":[],"isInner":false,"widgetType":"xooapp_button_list","elType":"widget"}],"isInner":true,"elType":"column"},{"id":"149f468f","settings":{"_column_size":50,"_inline_size":69.8250000000000028421709430404007434844970703125,"text_align":"left","margin":{"unit":"px","top":"0","right":"0","bottom":"0","left":"15","isLinked":false}},"elements":[{"id":"5259229","settings":{"video_link":"https:\/\/www.youtube.com\/watch?v=kuceVNBTJio","video_style":"text","video_text":" Watch the Overview","_margin_mobile":{"unit":"px","top":"20","right":"0","bottom":"0","left":"0","isLinked":false}},"elements":[],"isInner":false,"widgetType":"xooapp_video_box","elType":"widget"}],"isInner":true,"elType":"column"}],"isInner":true,"elType":"section"}],"isInner":false,"elType":"column"}],"isInner":false,"elType":"section"},{"id":"79f9c6d4","settings":{"margin":{"unit":"px","top":"0","right":0,"bottom":"0","left":0,"isLinked":false},"heading_color":"#c9c9c9","color_text":"#848484","html_tag":"div","gap":"no","content_position":"middle","background_background":"classic","background_position":"bottom center","padding":{"unit":"px","top":"100","right":"0","bottom":"100","left":"0","isLinked":false},"padding_tablet":{"unit":"px","top":"0","right":"0","bottom":"0","left":"0","isLinked":false},"padding_mobile":{"unit":"px","top":"0","right":"0","bottom":"0","left":"0","isLinked":false},"_element_id":"why_xooapp"},"elements":[{"id":"7acc4178","settings":{"_column_size":100},"elements":[{"id":"5acc5cf1","settings":{"structure":"20","html_tag":"div","padding":{"unit":"em","top":"0","right":"0","bottom":"0","left":"0","isLinked":false},"content_position":"middle"},"elements":[{"id":"7d0ccf04","settings":{"_column_size":50,"_inline_size":null,"padding":{"unit":"px","top":"0","right":"45","bottom":"0","left":"45","isLinked":false}},"elements":[{"id":"5e2d3e40","settings":{"title":"Your security is our priority\n","size":"xxl","title_color":"#0c0c0c","typography_typography":"custom","_animation":"fadeInLeft","_animation_delay":300},"elements":[],"isInner":false,"widgetType":"xooapp-heading","elType":"widget"},{"id":"2546d02d","settings":{"editor":"An enim nullam tempor sapien gravida donec enim ipsum porta justo integer at odio velna vitae auctor integer congue magna at pretium purus pretium ligula rutrum luctus risus ultrice luctus in ligula blandit congue magna undo impedit\n\n","typography_typography":"custom","typography_font_size":{"unit":"px","size":16},"_animation":"fadeInLeft","_animation_delay":400},"elements":[],"isInner":false,"widgetType":"text-editor","elType":"widget"},{"id":"6ac59e94","settings":{"editor":"<blockquote><p>\"Lorem ipsum dolor sit amet, consectetuer adipiscing elit. Aenean magna ligula eget dolor suscipit egestas viverra dolor iaculis luctus magna suscipit egestas \"<\/p><\/blockquote>","typography_typography":"custom","typography_font_size":{"unit":"px","size":16},"_animation":"fadeInLeft","_animation_delay":400},"elements":[],"isInner":false,"widgetType":"text-editor","elType":"widget"},{"id":"4079a825","settings":{"editor":"<div class=\"quote-avatar\"><img class=\"alignnone size-full wp-image-81\" src=\"http:\/\/jthemes.org\/wp\/xooapp\/wp-content\/uploads\/2018\/10\/post-author-3.jpg\" alt=\"\" width=\"60\" height=\"60\" \/><\/div><div class=\"quote-author\"><h5 class=\"h5-xs\">Leslie Serpas<\/h5><p><span class=\"grey-color\">Designer of XooApp<\/span><\/p><\/div>","_animation":"fadeInLeft","_animation_delay":400},"elements":[],"isInner":false,"widgetType":"text-editor","elType":"widget"}],"isInner":true,"elType":"column"},{"id":"4dc68fd9","settings":{"_column_size":50,"_inline_size":null,"padding":{"unit":"px","top":"0","right":"45","bottom":"0","left":"45","isLinked":false},"padding_tablet":{"unit":"px","top":"0","right":"0","bottom":"0","left":"0","isLinked":false},"padding_mobile":{"unit":"px","top":"0","right":"0","bottom":"0","left":"0","isLinked":false}},"elements":[{"id":"24f06982","settings":{"image":{"id":62,"url":"http:\/\/jthemes.org\/wp\/xooapp\/wp-content\/uploads\/2018\/10\/image-06.png"},"_animation":"fadeInRight","_animation_delay":300,"_margin_mobile":{"unit":"px","top":"20","right":"0","bottom":"0","left":"0","isLinked":false}},"elements":[],"isInner":false,"widgetType":"image","elType":"widget"}],"isInner":true,"elType":"column"}],"isInner":true,"elType":"section"}],"isInner":false,"elType":"column"}],"isInner":false,"elType":"section"},{"id":"34f71a47","settings":{"padding":{"unit":"px","top":"100","right":"0","bottom":"100","left":"0","isLinked":false},"html_tag":"div","content_position":"middle","background_background":"classic","background_overlay_background":"classic","background_overlay_color":"#0c0c0c","background_overlay_image":{"url":"http:\/\/jthemes.org\/wp\/xooapp\/wp-content\/uploads\/2018\/10\/tra-bg-2.png","id":98},"background_overlay_position":"center center","background_overlay_attachment":"fixed","background_overlay_repeat":"no-repeat","background_overlay_size":"cover","background_overlay_opacity":{"unit":"px","size":0.81999999999999995115018691649311222136020660400390625}},"elements":[{"id":"75e1d1f7","settings":{"_column_size":100,"_inline_size":null},"elements":[{"id":"787bea61","settings":{"team_name":"Jonathan Barnes","designation":"Founder","social_list":[{"social_name":"Facebook","social_icon":"fa fa-facebook","_id":"a8a8d0f","social_link":"Social Link","list_color":""},{"social_name":"Twitter","social_icon":"fa fa-twitter","_id":"5d33090","social_link":"Social Link","list_color":""},{"social_name":"Dribbble","social_icon":"fa fa-dribbble","_id":"f620987","social_link":"Social Link","list_color":""}],"counter_list":[{"counter_name":"Happy Client","counter_icon":"","counter_number":"1154","_id":"570bf68","width":{"unit":"px","top":"0","right":"1","bottom":"1","left":"0","isLinked":false},"color":"#2d2d2d","border_type":"","border_width":{"unit":"px","top":"","right":"","bottom":"","left":"","isLinked":true},"border_color":"#d3d3d3"},{"counter_name":"Tickets Closed","counter_icon":"","counter_number":"409","_id":"d1b975c","width":{"unit":"px","top":"","right":"","bottom":"","left":"","isLinked":true},"color":"","border_type":"","border_width":{"unit":"px","top":"0","right":"0","bottom":"1","left":"0","isLinked":false},"border_color":"#dddddd"},{"counter_name":"Followers","counter_icon":"","counter_number":"869","_id":"bf65d72","width":{"unit":"px","top":"","right":"","bottom":"","left":"","isLinked":true},"color":"","border_type":"","border_width":{"unit":"px","top":"0","right":"1","bottom":"0","left":"0","isLinked":false},"border_color":"#dddddd"},{"counter_name":"Cups of Coffee","counter_icon":"","counter_number":"901","_id":"e8a2c00","width":{"unit":"px","top":"","right":"","bottom":"","left":"","isLinked":true},"color":"","border_type":"","border_width":{"unit":"px","top":"1","right":"0","bottom":"0","left":"1","isLinked":false},"border_color":"#dddddd"}],"number_color":"#ffffff","description_color":"#ffffff","description_typography_typography":"custom","font_gradient_primary_color":"#23a455","font_gradient_secondary_color":"#61ce70","icon_font_size_tablet":{"unit":"px","size":30},"description_typography_font_size_tablet":{"unit":"px","size":12},"column_no":"col-md-3","_margin":{"unit":"px","top":"0","right":"0","bottom":"0","left":"0","isLinked":false},"_padding":{"unit":"px","top":"0","right":"0","bottom":"0","left":"0","isLinked":false}},"elements":[],"isInner":false,"widgetType":"xooapp-counter","elType":"widget"},{"id":"963796a","settings":{"title":"Curabitur ac dapibus libero quisque eu tristique neque euismod purus lobortis ipsum neque dolor primis justo ut aliquam. Vitae molestie nunc quisque sapien justo aliquet molestie\n\n","header_size":"p","align":"center","title_color":"#ffffff","typography_typography":"custom","typography_font_size":{"unit":"px","size":20},"typography_font_size_tablet":{"unit":"px","size":16},"typography_font_size_mobile":{"unit":"px","size":14},"typography_font_weight":"300","typography_line_height":{"unit":"em","size":1.1999999999999999555910790149937383830547332763671875},"typography_line_height_mobile":{"unit":"em","size":1.399999999999999911182158029987476766109466552734375},"_margin":{"unit":"px","top":"-50","right":"0","bottom":"0","left":"0","isLinked":false},"_margin_tablet":{"unit":"px","top":"-80","right":"0","bottom":"0","left":"0","isLinked":false},"_padding":{"unit":"px","top":"0","right":"80","bottom":"0","left":"80","isLinked":false}},"elements":[],"isInner":false,"widgetType":"heading","elType":"widget"}],"isInner":false,"elType":"column"}],"isInner":false,"elType":"section"},{"id":"c5868c4","settings":{"content_width":{"unit":"px","size":0},"layout":"full_width","gap":"no","padding":{"unit":"px","top":"100","right":"0","bottom":"100","left":"0","isLinked":false},"html_tag":"div","background_background":"classic","background_color":"#ffffff","_element_id":"screen"},"elements":[{"id":"2b0b299e","settings":{"_column_size":100},"elements":[{"id":"1ab2b32f","settings":{"title":"Unique App Screens","subheading_title":"Aliquam a augue suscipit, luctus neque purus ipsum neque dolor primis  libero tempus, tempor posuere ligula varius","align":"center","sub_align":"center","title_color":"#0c0c0c","typography_typography":"custom","sub_title_color":"#0c0c0c","sub_typography_typography":"custom","_padding":{"unit":"px","top":"0","right":"0","bottom":"0","left":"0","isLinked":true},"_margin":{"unit":"px","top":"0","right":"0","bottom":"60","left":"0","isLinked":false},"typography_line_height":{"unit":"em","size":1.6999999999999999555910790149937383830547332763671875},"typography_letter_spacing":{"unit":"px","size":0},"section_margin":{"unit":"px","top":"0","right":"0","bottom":"0","left":"0","isLinked":true},"section_padding":{"unit":"px","top":"0","right":"0","bottom":"0","left":"0","isLinked":false},"title_margin_mobile":{"unit":"px","top":"0","right":"0","bottom":"0","left":"0","isLinked":false},"_margin_mobile":{"unit":"px","top":"0","right":"0","bottom":"0","left":"0","isLinked":false},"_padding_mobile":{"unit":"px","top":"0","right":"0","bottom":"0","left":"0","isLinked":false}},"elements":[],"isInner":false,"widgetType":"xooapp-section-heading","elType":"widget"},{"id":"16bd27cd","settings":{"carousel":[{"id":117,"url":"http:\/\/jthemes.org\/wp\/xooapp\/wp-content\/uploads\/2018\/10\/screen-1.jpg"},{"id":118,"url":"http:\/\/jthemes.org\/wp\/xooapp\/wp-content\/uploads\/2018\/10\/screen-2.jpg"},{"id":119,"url":"http:\/\/jthemes.org\/wp\/xooapp\/wp-content\/uploads\/2018\/10\/screen-3.jpg"},{"id":120,"url":"http:\/\/jthemes.org\/wp\/xooapp\/wp-content\/uploads\/2018\/10\/screen-4.jpg"},{"id":121,"url":"http:\/\/jthemes.org\/wp\/xooapp\/wp-content\/uploads\/2018\/10\/screen-5.jpg"},{"id":122,"url":"http:\/\/jthemes.org\/wp\/xooapp\/wp-content\/uploads\/2018\/10\/screen-6.jpg"},{"id":123,"url":"http:\/\/jthemes.org\/wp\/xooapp\/wp-content\/uploads\/2018\/10\/screen-7.jpg"},{"id":124,"url":"http:\/\/jthemes.org\/wp\/xooapp\/wp-content\/uploads\/2018\/10\/screen-8.jpg"}],"thumbnail_size":"full","_margin":{"unit":"px","top":"60","right":"0","bottom":"0","left":"0","isLinked":false},"frame_select":""},"elements":[],"isInner":false,"widgetType":"app-screenshot-carousel","elType":"widget"}],"isInner":false,"elType":"column"}],"isInner":false,"elType":"section"},{"id":"2338a6b5","settings":{"layout":"full_width","gap":"no","padding":{"unit":"px","top":"0","right":"0","bottom":"100","left":"0","isLinked":false},"background_color":"#715fef","html_tag":"div"},"elements":[{"id":"76ce06e3","settings":{"_column_size":100,"background_background":"classic"},"elements":[{"id":"602b6d94","settings":{"structure":"20","background_background":"classic","background_color":"#f2f2f2","color_text":"#ffffff","padding":{"unit":"px","top":"100","right":"0","bottom":"0","left":"0","isLinked":false},"background_position":"bottom center","content_position":"middle","html_tag":"div","gap":"no"},"elements":[{"id":"52a36584","settings":{"_column_size":50,"_inline_size":null,"padding":{"unit":"px","top":"0","right":"80","bottom":"0","left":"80","isLinked":false}},"elements":[{"id":"360b1ea7","settings":{"title":"Experienced and Skilled\n","size":"xxl","align":"left","title_color":"#0c0c0c","typography_typography":"custom","_animation":"fadeInLeft","_animation_delay":300,"_margin_mobile":{"unit":"px","top":"0","right":"0","bottom":"0","left":"0","isLinked":false},"_padding_mobile":{"unit":"px","top":"30","right":"0","bottom":"0","left":"0","isLinked":false}},"elements":[],"isInner":false,"widgetType":"xooapp-heading","elType":"widget"},{"id":"19ab327","settings":{"editor":"<p>An orci nullam tempor sapien, eget gravida integer donec ipsum porta justo at odio integer congue magna undo auctor gravida velna magna orci lacus odio ac risus auctor faucibus orci ligula massa luctus et ultrices posuere cubilia<\/p>","text_color":"#0c0c0c","typography_typography":"custom","typography_font_weight":"300","typography_font_size":{"unit":"px","size":16},"_animation":"fadeInLeft","_animation_delay":400,"_margin":{"unit":"px","top":"0","right":"0","bottom":"0","left":"0","isLinked":false},"_padding":{"unit":"px","top":"0","right":"0","bottom":"0","left":"0","isLinked":false}},"elements":[],"isInner":false,"widgetType":"text-editor","elType":"widget"},{"id":"1d3c7e1d","settings":{"view":"inline","button_list":[{"button_text":"","icon":"fa fa-tablet","_id":"59bea23","link":{"url":"","is_external":"true","nofollow":""},"show_icon":"yes","icon_align":"left","icon_indent":{"unit":"px","size":8},"icon_size":{"unit":"px","size":42},"rotate":{"unit":"deg","size":90},"button_indi_color":"","button_font_color":"rgba(50,50,50,0.3)","title_typography_typography":"","title_typography_font_family":"Roboto","title_typography_font_size":{"unit":"px","size":""},"title_typography_font_size_tablet":{"unit":"px","size":""},"title_typography_font_size_mobile":{"unit":"px","size":""},"title_typography_font_weight":"","title_typography_text_transform":"","title_typography_font_style":"","title_typography_text_decoration":"","title_typography_line_height":{"unit":"em","size":""},"title_typography_line_height_tablet":{"unit":"em","size":""},"title_typography_line_height_mobile":{"unit":"em","size":""},"title_typography_letter_spacing":{"unit":"px","size":""},"title_typography_letter_spacing_tablet":{"unit":"px","size":""},"title_typography_letter_spacing_mobile":{"unit":"px","size":""},"button_margin":{"unit":"px","top":"","right":"","bottom":"","left":"","isLinked":true},"border_type":"","border_width":{"unit":"px","top":"","right":"","bottom":"","left":"","isLinked":true},"border_color":"","border_radius":{"unit":"px","top":"","right":"","bottom":"","left":"","isLinked":true},"button_hover_indi_color":"","button_hover_font_color":"","align":"","align_tablet":"","align_mobile":""},{"button_text":"","icon":"fa fa-mobile-phone","_id":"1fddb98","link":{"url":"","is_external":"true","nofollow":""},"show_icon":"yes","icon_align":"left","icon_indent":{"unit":"px","size":8},"icon_size":{"unit":"px","size":41},"rotate":{"unit":"deg","size":0},"button_indi_color":"","button_font_color":"rgba(50,50,50,0.3)","title_typography_typography":"","title_typography_font_family":"Roboto","title_typography_font_size":{"unit":"px","size":""},"title_typography_font_size_tablet":{"unit":"px","size":""},"title_typography_font_size_mobile":{"unit":"px","size":""},"title_typography_font_weight":"","title_typography_text_transform":"","title_typography_font_style":"","title_typography_text_decoration":"","title_typography_line_height":{"unit":"em","size":""},"title_typography_line_height_tablet":{"unit":"em","size":""},"title_typography_line_height_mobile":{"unit":"em","size":""},"title_typography_letter_spacing":{"unit":"px","size":""},"title_typography_letter_spacing_tablet":{"unit":"px","size":""},"title_typography_letter_spacing_mobile":{"unit":"px","size":""},"button_margin":{"unit":"px","top":"","right":"","bottom":"","left":"","isLinked":true},"border_type":"","border_width":{"unit":"px","top":"","right":"","bottom":"","left":"","isLinked":true},"border_color":"","border_radius":{"unit":"px","top":"","right":"","bottom":"","left":"","isLinked":true},"button_hover_indi_color":"","button_hover_font_color":"","align":"","align_tablet":"","align_mobile":""},{"button_text":"Available on iPhone, iPad and all <br>Android devices from 5.5","link":{"url":"","is_external":"true","nofollow":""},"show_icon":"No","icon":"","icon_align":"left","icon_indent":{"unit":"px","size":""},"icon_size":{"unit":"px","size":""},"rotate":{"unit":"deg","size":0},"button_indi_color":"","button_font_color":"#515151","title_typography_typography":"custom","title_typography_font_family":"Roboto","title_typography_font_size":{"unit":"px","size":16},"title_typography_font_size_tablet":{"unit":"px","size":""},"title_typography_font_size_mobile":{"unit":"px","size":""},"title_typography_font_weight":"300","title_typography_text_transform":"","title_typography_font_style":"italic","title_typography_text_decoration":"","title_typography_line_height":{"unit":"em","size":1.100000000000000088817841970012523233890533447265625},"title_typography_line_height_tablet":{"unit":"em","size":""},"title_typography_line_height_mobile":{"unit":"em","size":""},"title_typography_letter_spacing":{"unit":"px","size":""},"title_typography_letter_spacing_tablet":{"unit":"px","size":""},"title_typography_letter_spacing_mobile":{"unit":"px","size":""},"button_margin":{"unit":"px","top":"","right":"","bottom":"","left":"","isLinked":true},"border_type":"","border_width":{"unit":"px","top":"","right":"","bottom":"","left":"","isLinked":true},"border_color":"","border_radius":{"unit":"px","top":"","right":"","bottom":"","left":"","isLinked":true},"_id":"fdcc5b8","button_hover_indi_color":"","button_hover_font_color":"","align":"","align_tablet":"","align_mobile":""}]},"elements":[],"isInner":false,"widgetType":"xooapp_button_list","elType":"widget"}],"isInner":true,"elType":"column"},{"id":"52be5ad8","settings":{"_column_size":50,"_inline_size":null,"padding":{"unit":"px","top":"0","right":"45","bottom":"0","left":"45","isLinked":false},"padding_tablet":{"unit":"px","top":"0","right":"0","bottom":"0","left":"0","isLinked":false},"padding_mobile":{"unit":"px","top":"0","right":"0","bottom":"0","left":"0","isLinked":false},"margin":{"unit":"px","top":"0","right":"0","bottom":"-90","left":"0","isLinked":false}},"elements":[{"id":"40cd9786","settings":{"image":{"id":61,"url":"http:\/\/jthemes.org\/wp\/xooapp\/wp-content\/uploads\/2018\/10\/image-05.png"},"image_size":"full","align":"right","_margin":{"unit":"px","top":"0","right":"0","bottom":"0","left":"0","isLinked":false},"_animation":"fadeInRight","_padding":{"unit":"px","top":"0","right":"80","bottom":"0","left":"0","isLinked":false}},"elements":[],"isInner":false,"widgetType":"image","elType":"widget"}],"isInner":true,"elType":"column"}],"isInner":true,"elType":"section"}],"isInner":false,"elType":"column"}],"isInner":false,"elType":"section"},{"id":"63501501","settings":{"html_tag":"div","margin_mobile":{"unit":"px","top":"0","right":0,"bottom":"0","left":0,"isLinked":false},"padding":{"unit":"px","top":"100","right":"0","bottom":"100","left":"0","isLinked":false},"padding_mobile":{"unit":"px","top":"0","right":"0","bottom":"0","left":"0","isLinked":false},"_element_id":"features"},"elements":[{"id":"417c0802","settings":{"_column_size":100},"elements":[{"id":"4f25637e","settings":{"gap":"no","content_position":"middle","html_tag":"div","padding":{"unit":"px","top":"0","right":"0","bottom":"0","left":"0","isLinked":false}},"elements":[{"id":"cf5eb26","settings":{"_column_size":100,"_inline_size":null,"margin":{"unit":"px","top":"0","right":"0","bottom":"0","left":"0","isLinked":false},"padding":{"unit":"px","top":"0","right":"0","bottom":"0","left":"0","isLinked":false}},"elements":[{"id":"2d426359","settings":{"title":"Features In This App\n","subheading_title":"Aliquam a augue suscipit, luctus neque purus ipsum neque dolor primis libero tempus, tempor posuere ligula varius","align":"center","sub_align":"center","title_color":"#0c0c0c","typography_typography":"custom","sub_title_color":"#0c0c0c","sub_typography_typography":"custom","_padding":{"unit":"px","top":"0","right":"0","bottom":"0","left":"0","isLinked":false},"typography_font_size":{"unit":"px","size":61},"typography_line_height":{"unit":"em","size":1.399999999999999911182158029987476766109466552734375},"title_margin":{"unit":"px","top":"0","right":"0","bottom":"0","left":"0","isLinked":false},"subtitle_margin":{"unit":"%","top":"","right":"","bottom":"","left":"","isLinked":false},"subtitle_padding":{"unit":"%","top":"","right":"","bottom":"","left":"","isLinked":false},"section_margin":{"unit":"%","top":"0","right":"0","bottom":"0","left":"0","isLinked":false},"section_padding":{"unit":"px","top":"0","right":"0","bottom":"0","left":"0","isLinked":false}},"elements":[],"isInner":false,"widgetType":"xooapp-section-heading","elType":"widget"}],"isInner":true,"elType":"column"}],"isInner":true,"elType":"section"},{"id":"90cd0a9","settings":{"gap":"extended","html_tag":"div","structure":"40","margin_mobile":{"unit":"px","top":"0","right":0,"bottom":"0","left":0,"isLinked":false},"padding_mobile":{"unit":"px","top":"0","right":"0","bottom":"0","left":"0","isLinked":false}},"elements":[{"id":"739013d8","settings":{"_column_size":25,"_inline_size":null,"_inline_size_tablet":50},"elements":[{"id":"2cde2a99","settings":{"icon":"pe-7s-piggy","feature_style":"fbox-3 purple-hover","title_text":"Free Trial","description_text":"Ligula risus auctor tempus dolor lacinia","primary_color":"#555555","hover_primary_color":"#783bb1","icon_size":{"unit":"px","size":80},"text_align":"center","title_color":"#0c0c0c","title_typography_typography":"custom","title_typography_font_size":{"unit":"px","size":20},"description_color":"#0c0c0c","_padding":{"unit":"px","top":"0","right":"0","bottom":"0","left":"0","isLinked":false}},"elements":[],"isInner":false,"widgetType":"feature-box","elType":"widget"},{"id":"3c2ab781","settings":{"icon":"pe-7s-mail-open-file","feature_style":"fbox-3 purple-hover","title_text":"Mailer Engine","description_text":"Feugiat primis in lacinia risus an auctor","primary_color":"","hover_primary_color":"#783bb1","icon_size":{"unit":"px","size":80},"text_align":"center","title_color":"#0c0c0c","title_typography_typography":"custom","title_typography_font_size":{"unit":"px","size":20},"description_color":"#0c0c0c","_padding":{"unit":"px","top":"0","right":"0","bottom":"0","left":"0","isLinked":false},"shape":"square","font_gradient_primary_color":""},"elements":[],"isInner":false,"widgetType":"feature-box","elType":"widget"}],"isInner":true,"elType":"column"},{"id":"52478125","settings":{"_column_size":25,"_inline_size":null,"_inline_size_tablet":50},"elements":[{"id":"1d246845","settings":{"icon":"pe-7s-vector","feature_style":"fbox-3 purple-hover","title_text":"Unique Design","description_text":"Dolor feugiat felis lacinia risus an auctor portao.","primary_color":"#0c0c0c","hover_primary_color":"#783bb1","icon_size":{"unit":"px","size":80},"text_align":"center","title_color":"#0c0c0c","title_typography_typography":"custom","title_typography_font_size":{"unit":"px","size":20},"description_color":"#0c0c0c","_padding":{"unit":"px","top":"0","right":"0","bottom":"0","left":"0","isLinked":false}},"elements":[],"isInner":false,"widgetType":"feature-box","elType":"widget"},{"id":"1f655b19","settings":{"icon":"pe-7s-bell","feature_style":"fbox-3 purple-hover","title_text":"Notifications","description_text":"Semper lacus cursus porta primis ultrice","primary_color":"#0c0c0c","hover_primary_color":"#783bb1","icon_size":{"unit":"px","size":80},"text_align":"center","title_color":"#0c0c0c","title_typography_typography":"custom","title_typography_font_size":{"unit":"px","size":20},"description_color":"#0c0c0c","_padding":{"unit":"px","top":"0","right":"0","bottom":"0","left":"0","isLinked":false}},"elements":[],"isInner":false,"widgetType":"feature-box","elType":"widget"}],"isInner":true,"elType":"column"},{"id":"43994fff","settings":{"_column_size":25,"_inline_size":null,"_inline_size_tablet":50},"elements":[{"id":"443efbcc","settings":{"icon":"pe-7s-target","feature_style":"fbox-3 purple-hover","title_text":"Cross-Platform","description_text":"Ligula auctor tempus unt dolor feugiat felis","primary_color":"#555555","hover_primary_color":"#783bb1","icon_size":{"unit":"px","size":80},"text_align":"center","title_color":"#0c0c0c","title_typography_typography":"custom","title_typography_font_size":{"unit":"px","size":20},"description_color":"#0c0c0c","_padding":{"unit":"px","top":"0","right":"0","bottom":"0","left":"0","isLinked":false}},"elements":[],"isInner":false,"widgetType":"feature-box","elType":"widget"},{"id":"6e34ea31","settings":{"icon":"pe-7s-refresh-2","feature_style":"fbox-3 purple-hover","title_text":"Free Updates","description_text":"Cursus porta in ultrice risus auctor porta","primary_color":"#555555","hover_primary_color":"#783bb1","icon_size":{"unit":"px","size":80},"text_align":"center","title_color":"#0c0c0c","title_typography_typography":"custom","title_typography_font_size":{"unit":"px","size":20},"description_color":"#0c0c0c","_padding":{"unit":"px","top":"0","right":"0","bottom":"0","left":"0","isLinked":false}},"elements":[],"isInner":false,"widgetType":"feature-box","elType":"widget"}],"isInner":true,"elType":"column"},{"id":"496f6ce4","settings":{"_column_size":25,"_inline_size":null,"_inline_size_tablet":50},"elements":[{"id":"7068fa1f","settings":{"icon":"pe-7s-edit","feature_style":"fbox-3 purple-hover","title_text":"User Friendly","description_text":"Dolor feugiat felis lacinia risus an auctor portao.","primary_color":"#555555","hover_primary_color":"#783bb1","icon_size":{"unit":"px","size":80},"text_align":"center","title_color":"#0c0c0c","title_typography_typography":"custom","title_typography_font_size":{"unit":"px","size":20},"description_color":"#0c0c0c","_padding":{"unit":"px","top":"0","right":"0","bottom":"0","left":"0","isLinked":false}},"elements":[],"isInner":false,"widgetType":"feature-box","elType":"widget"},{"id":"66ee4c2d","settings":{"icon":"pe-7s-help2","feature_style":"fbox-3 purple-hover","title_text":"Fast Support","description_text":"Risus auctor dolor feugiat felis an auctor","primary_color":"#555555","hover_primary_color":"#783bb1","icon_size":{"unit":"px","size":80},"text_align":"center","title_color":"#0c0c0c","title_typography_typography":"custom","title_typography_font_size":{"unit":"px","size":20},"description_color":"#0c0c0c","_padding":{"unit":"px","top":"0","right":"0","bottom":"0","left":"0","isLinked":false}},"elements":[],"isInner":false,"widgetType":"feature-box","elType":"widget"}],"isInner":true,"elType":"column"}],"isInner":true,"elType":"section"}],"isInner":false,"elType":"column"}],"isInner":false,"elType":"section"},{"id":"4ba7ebc","settings":{"html_tag":"div","content_position":"middle","background_background":"classic","background_color":"#42a045","background_image":{"url":"http:\/\/jthemes.org\/wp\/xooapp\/wp-content\/uploads\/2018\/10\/tra-bg-1.png","id":97},"background_position":"center center","background_attachment":"fixed","background_repeat":"no-repeat","background_size":"cover","margin":{"unit":"%","top":"","right":0,"bottom":"","left":0,"isLinked":false},"padding":{"unit":"px","top":"100","right":"0","bottom":"0","left":"0","isLinked":false},"gap":"no","text_align":"center","_element_id":"watch_video"},"elements":[{"id":"66f01836","settings":{"_column_size":100,"_inline_size":null},"elements":[{"id":"5bf11071","settings":{"title":"Beautiful User Interface\n","subheading_title":"Gravida donec integer ipsum porta justo at odio velna vitae auctor integer magna at risus  auctor purus rutrum primis ultrice ligula luctus impedit","title_color":"#ffffff","typography_typography":"custom","sub_title_color":"#ffffff","sub_typography_typography":"custom","_margin":{"unit":"px","top":"0","right":"0","bottom":"0","left":"0","isLinked":true},"_padding":{"unit":"px","top":"0","right":"0","bottom":"0","left":"0","isLinked":false},"title_margin":{"unit":"px","top":"0","right":"0","bottom":"0","left":"0","isLinked":true},"subtitle_margin":{"unit":"px","top":"0","right":"0","bottom":"0","left":"0","isLinked":false},"subtitle_padding":{"unit":"px","top":"0","right":"0","bottom":"0","left":"0","isLinked":false},"section_margin":{"unit":"px","top":"0","right":"0","bottom":"30","left":"0","isLinked":false},"section_margin_tablet":{"unit":"px","top":"0","right":"0","bottom":"0","left":"0","isLinked":false},"section_margin_mobile":{"unit":"px","top":"0","right":"0","bottom":"0","left":"0","isLinked":false},"_margin_tablet":{"unit":"px","top":"0","right":"0","bottom":"0","left":"0","isLinked":false},"_padding_tablet":{"unit":"px","top":"0","right":"0","bottom":"0","left":"0","isLinked":false}},"elements":[],"isInner":false,"widgetType":"xooapp-section-heading","elType":"widget"},{"id":"201ec344","settings":{"app_image_one":{"url":"http:\/\/jthemes.org\/wp\/xooapp\/wp-content\/uploads\/2018\/10\/appstore-tra-white.png","id":145},"app_image_two":{"url":"http:\/\/jthemes.org\/wp\/xooapp\/wp-content\/uploads\/2018\/10\/googleplay-tra-white.png","id":148},"_margin":{"unit":"px","top":"0","right":"0","bottom":"0","left":"0","isLinked":false},"_padding":{"unit":"px","top":"0","right":"0","bottom":"40","left":"0","isLinked":false}},"elements":[],"isInner":false,"widgetType":"xooapp_app_info","elType":"widget"},{"id":"176c44bf","settings":{"video_link":"https:\/\/www.youtube.com\/watch?v=kuceVNBTJio","banner_bg_img":{"url":"http:\/\/jthemes.org\/wp\/xooapp\/wp-content\/uploads\/2018\/10\/video-1-img.png","id":100},"_margin":{"unit":"px","top":"0","right":"0","bottom":"-40","left":"0","isLinked":false},"video_text":" Watch the Overview"},"elements":[],"isInner":false,"widgetType":"xooapp_video_box","elType":"widget"}],"isInner":false,"elType":"column"}],"isInner":false,"elType":"section"},{"id":"36518890","settings":{"padding":{"unit":"px","top":"100","right":"0","bottom":"40","left":"0","isLinked":false},"_element_id":"how_it_works"},"elements":[{"id":"5d418f29","settings":{"_column_size":100},"elements":[{"id":"128d080c","settings":{"title":"We Make You Surprised\n","subheading_title":"Aliquam a augue suscipit, luctus neque purus ipsum neque dolor primis libero tempus,tempor posuere ligula varius volutpat egestas et augue in cubilia laoreet magna\n\n","typography_typography":"custom","typography_font_size":{"unit":"px","size":60},"sub_typography_typography":"custom","title_margin":{"unit":"px","top":"0","right":"0","bottom":"10","left":"0","isLinked":false},"section_margin":{"unit":"px","top":"0","right":"0","bottom":"0","left":"0","isLinked":false},"section_padding":{"unit":"px","top":"0","right":"0","bottom":"0","left":"0","isLinked":false}},"elements":[],"isInner":false,"widgetType":"xooapp-section-heading","elType":"widget"},{"id":"d0acdbc","settings":{"tabs":[{"tab_title":"Unique Design","tab_content":"<p>[XOOAPP_ELEMENTOR id=\"314\"]<\/p>","_id":"24c8f5b"},{"tab_title":"Cross-Platform","tab_content":"[XOOAPP_ELEMENTOR id=\"319\"]","_id":"fcbce63"},{"tab_title":"Free Update","tab_content":"[XOOAPP_ELEMENTOR id=\"311\"]","_id":"0058b71"}],"border_width":{"unit":"px","size":0},"border_color":"#23a455","background_color":"#ffffff","tab_color":"#000000","content_color":"#ffffff","content_typography_typography":"custom","tab_active_color":"#ffffff","tab_typography_typography":"custom","tab_typography_font_size":{"unit":"px","size":17},"tab_typography_font_weight":"300","_margin":{"unit":"px","top":"7","right":"7","bottom":"7","left":"7","isLinked":true}},"elements":[],"isInner":false,"widgetType":"tabs","elType":"widget"}],"isInner":false,"elType":"column"}],"isInner":false,"elType":"section"},{"id":"1a42fa9","settings":{"background_background":"classic","background_overlay_background":"classic","background_overlay_color":"rgba(38,38,38,0.93)","background_attachment":"fixed","padding":{"unit":"px","top":"0","right":"0","bottom":"0","left":"0","isLinked":false},"html_tag":"div","gap":"no","content_position":"middle","background_position":"center center","text_align":"center","background_overlay_image":{"url":"http:\/\/jthemes.org\/wp\/xooapp\/wp-content\/uploads\/2018\/11\/world-map.png","id":954},"background_overlay_opacity":{"unit":"px","size":0.95999999999999996447286321199499070644378662109375},"margin":{"unit":"px","top":"60","right":0,"bottom":"60","left":0,"isLinked":true}},"elements":[{"id":"61fa709","settings":{"_column_size":100},"elements":[{"id":"3cfc97e1","settings":{"structure":"22","content_position":"middle","html_tag":"div","text_align":"left"},"elements":[{"id":"79d1db1a","settings":{"_column_size":66,"_inline_size":29.56099999999999994315658113919198513031005859375,"margin_mobile":{"unit":"px","top":"0","right":"0","bottom":"0","left":"0","isLinked":false},"padding_mobile":{"unit":"px","top":"0","right":"0","bottom":"0","left":"0","isLinked":false}},"elements":[{"id":"251abe40","settings":{"image":{"url":"http:\/\/jthemes.org\/wp\/xooapp\/wp-content\/uploads\/2018\/10\/image-10.png","id":66},"_margin":{"unit":"px","top":"-60","right":"0","bottom":"-60","left":"0","isLinked":false},"hide_mobile":"hidden-phone","_animation":"fadeInLeft","animation_duration":"slow","_padding":{"unit":"px","top":"0","right":"50","bottom":"0","left":"0","isLinked":false},"align_mobile":"center","image_border_radius_mobile":{"unit":"px","top":"0","right":"0","bottom":"0","left":"0","isLinked":false},"_margin_mobile":{"unit":"px","top":"0","right":"0","bottom":"0","left":"0","isLinked":false},"_padding_mobile":{"unit":"px","top":"0","right":"0","bottom":"0","left":"0","isLinked":false}},"elements":[],"isInner":false,"widgetType":"image","elType":"widget"}],"isInner":true,"elType":"column"},{"id":"4559a53e","settings":{"_column_size":33,"_inline_size":70.4380000000000023874235921539366245269775390625,"padding":{"unit":"px","top":"0","right":"0","bottom":"0","left":"95","isLinked":false},"padding_tablet":{"unit":"px","top":"0","right":"0","bottom":"0","left":"0","isLinked":false},"padding_mobile":{"unit":"px","top":"0","right":"0","bottom":"0","left":"0","isLinked":false}},"elements":[{"id":"7f175758","settings":{"title":"Do even more with the XooApp App","align":"left","subheading_title":"Feugiat eros, ac tincidunt ligula massa in faucibus orci luctus posuere cubilia curae integer congue leo metus\n\n","title_color":"#ffffff","sub_title_color":"#ffffff","sub_typography_typography":"custom","_padding":{"unit":"px","top":"0","right":"0","bottom":"0","left":"0","isLinked":false},"typography_typography":"custom","typography_line_height":{"unit":"em","size":0.90000000000000002220446049250313080847263336181640625},"text_shadow_text_shadow_type":"yes","title_margin":{"unit":"px","top":"0","right":"0","bottom":"14","left":"0","isLinked":false},"sub_typography_line_height":{"unit":"em","size":1.3000000000000000444089209850062616169452667236328125},"_margin":{"unit":"px","top":"0","right":"0","bottom":"0","left":"0","isLinked":false},"align_mobile":"center","_margin_mobile":{"unit":"px","top":"0","right":"0","bottom":"0","left":"0","isLinked":false},"_padding_mobile":{"unit":"px","top":"0","right":"0","bottom":"0","left":"0","isLinked":false},"title_margin_tablet":{"unit":"px","top":"0","right":"0","bottom":"0","left":"0","isLinked":false},"title_margin_mobile":{"unit":"px","top":"0","right":"0","bottom":"0","left":"0","isLinked":false},"subtitle_margin":{"unit":"px","top":"0","right":"0","bottom":"0","left":"0","isLinked":false},"subtitle_padding":{"unit":"px","top":"0","right":"0","bottom":"0","left":"0","isLinked":false},"section_margin":{"unit":"px","top":"0","right":"0","bottom":"0","left":"0","isLinked":false},"section_padding":{"unit":"px","top":"0","right":"0","bottom":"0","left":"0","isLinked":false},"_padding_tablet":{"unit":"px","top":"0","right":"0","bottom":"0","left":"0","isLinked":false},"_animation":"fadeInRight"},"elements":[],"isInner":false,"widgetType":"xooapp-section-heading","elType":"widget"},{"id":"3b0ac679","settings":{"app_image_one":{"url":"http:\/\/jthemes.org\/wp\/xooapp\/wp-content\/uploads\/2018\/10\/googleplay-tra-white.png","id":148},"app_one_link":"#","app_image_two":{"url":"http:\/\/jthemes.org\/wp\/xooapp\/wp-content\/uploads\/2018\/10\/appstore-tra-white.png","id":145},"app_two_link":"#","_padding":{"unit":"px","top":"0","right":"0","bottom":"0","left":"0","isLinked":false},"_margin_mobile":{"unit":"px","top":"0","right":"0","bottom":"0","left":"0","isLinked":false},"_padding_mobile":{"unit":"px","top":"0","right":"0","bottom":"0","left":"0","isLinked":false},"_animation":"fadeInRight","animation_duration":"slow","_animation_delay":400,"_padding_tablet":{"unit":"px","top":"0","right":"0","bottom":"0","left":"0","isLinked":false}},"elements":[],"isInner":false,"widgetType":"xooapp_app_info","elType":"widget"}],"isInner":true,"elType":"column"}],"isInner":true,"elType":"section"}],"isInner":false,"elType":"column"}],"isInner":false,"elType":"section"},{"id":"4e60796a","settings":{"background_background":"classic","background_color":"#ffffff","padding":{"unit":"px","top":"60","right":"0","bottom":"100","left":"0","isLinked":false},"html_tag":"div","_element_id":"reviews"},"elements":[{"id":"73cf3b2a","settings":{"_column_size":100,"_inline_size":null},"elements":[{"id":"4abc32ef","settings":{"title":"Customers Feedback\n","subheading_title":"Aliquam a augue suscipit, luctus neque purus ipsum neque dolor primis libero tempus, tempor posuere ligula varius","title_color":"#0c0c0c","sub_title_color":"#0c0c0c","sub_typography_typography":"custom","_margin":{"unit":"px","top":"0","right":"0","bottom":"-60","left":"0","isLinked":false}},"elements":[],"isInner":false,"widgetType":"xooapp-section-heading","elType":"widget"},{"id":"60abffa","settings":{"html_tag":"div"},"elements":[{"id":"65fedf7a","settings":{"_column_size":100,"_inline_size":null,"margin_mobile":{"unit":"px","top":"-30","right":"0","bottom":"-30","left":"0","isLinked":false},"padding_mobile":{"unit":"px","top":"0","right":"0","bottom":"0","left":"0","isLinked":false}},"elements":[{"id":"904eddf","settings":{"testimonial_option":[{"title":"Jonathan Morgan","designation":"Marketting","testimoni_content_title":"Super Support","testimoni_content":"Enim ad minim veniam, quis nostrud exercitation ullamco laboris nisi ut aliquip ex ea commodo conse quat. Duis aute irure dolor in reprehenderit in voluptate.","testimoni_image":{"url":"http:\/\/jthemes.org\/wp\/xooapp\/wp-content\/plugins\/xooapp-master\/assets\/images\/review-author-1.jpg"},"testimonial_rating":"<i class=\"fa fa-star\"><\/i><i class=\"fa fa-star\"><\/i><i class=\"fa fa-star\"><\/i><i class=\"fa fa-star\"><\/i><i class=\"fa fa-star\"><\/i>","_id":"a83175c"},{"title":"Harsul Hisham","designation":"Engineer","testimoni_content_title":"What a theme!","testimoni_content":"Enim ad minim veniam, quis nostrud exercitation ullamco laboris nisi ut aliquip ex ea commodo conse quat. Duis aute irure dolor in reprehenderit in voluptate.","testimoni_image":{"url":"http:\/\/jthemes.org\/wp\/xooapp\/wp-content\/plugins\/xooapp-master\/assets\/images\/review-author-2.jpg"},"testimonial_rating":"<i class=\"fa fa-star\"><\/i><i class=\"fa fa-star\"><\/i><i class=\"fa fa-star\"><\/i><i class=\"fa fa-star\"><\/i><i class=\"fa fa-star\"><\/i>","_id":"38005a2"},{"title":"Teem Southy","designation":"Developer","testimoni_content_title":"Outstanding Support","testimoni_content":"Enim ad minim veniam, quis nostrud exercitation ullamco laboris nisi ut aliquip ex ea commodo conse quat. Duis aute irure dolor in reprehenderit in voluptate.","testimoni_image":{"url":"http:\/\/jthemes.org\/wp\/xooapp\/wp-content\/plugins\/xooapp-master\/assets\/images\/review-author-3.jpg"},"testimonial_rating":"<i class=\"fa fa-star\"><\/i><i class=\"fa fa-star\"><\/i><i class=\"fa fa-star\"><\/i><i class=\"fa fa-star\"><\/i><i class=\"fa fa-star\"><\/i>","_id":"bb9db2a"},{"title":"Harsul Hisham","designation":"Engineer","testimoni_content_title":"Happy!!","testimoni_content":"Enim ad minim veniam, quis nostrud exercitation ullamco laboris nisi ut aliquip ex ea commodo conse quat. Duis aute irure dolor in reprehenderit in voluptate.","testimoni_image":{"url":"http:\/\/jthemes.org\/wp\/xooapp\/wp-content\/plugins\/xooapp-master\/assets\/images\/review-author-4.jpg"},"testimonial_rating":"<i class=\"fa fa-star\"><\/i><i class=\"fa fa-star\"><\/i><i class=\"fa fa-star\"><\/i><i class=\"fa fa-star\"><\/i><i class=\"fa fa-star-o\"><\/i>","_id":"fb14771"},{"title":"Jake Margin","designation":"Marketing","testimoni_content_title":"Nice Person","testimoni_content":"Enim ad minim veniam, quis nostrud exercitation ullamco laboris nisi ut aliquip ex ea commodo conse quat. Duis aute irure dolor in reprehenderit in voluptate.","testimoni_image":{"url":"http:\/\/jthemes.org\/wp\/xooapp\/wp-content\/plugins\/xooapp-master\/assets\/images\/review-author-5.jpg"},"testimonial_rating":"<i class=\"fa fa-star\"><\/i><i class=\"fa fa-star\"><\/i><i class=\"fa fa-star\"><\/i><i class=\"fa fa-star\"><\/i><i class=\"fa fa-star\"><\/i>","_id":"c3eda0f"}],"content_typography_typography":"custom","content_typography_font_weight":"300","_background_background":"classic","_background_color":"#ffffff"},"elements":[],"isInner":false,"widgetType":"xooapp-testimonials","elType":"widget"}],"isInner":true,"elType":"column"}],"isInner":true,"elType":"section"}],"isInner":false,"elType":"column"}],"isInner":false,"elType":"section"},{"id":"7713849d","settings":{"background_background":"classic","background_color":"#f4f4f4","padding":{"unit":"px","top":"100","right":"0","bottom":"100","left":"0","isLinked":false},"content_position":"middle","text_align":"center","html_tag":"div","_element_id":"press_about_us"},"elements":[{"id":"94b609f","settings":{"_column_size":100},"elements":[{"id":"3b8487fb","settings":{"title":"Press About XooApp\n","subheading_title":"Aliquam a augue suscipit, luctus neque purus ipsum neque dolor primis libero tempus, tempor posuere ligula varius","typography_typography":"custom","sub_typography_typography":"custom","title_margin":{"unit":"px","top":"0","right":"0","bottom":"10","left":"0","isLinked":false}},"elements":[],"isInner":false,"widgetType":"xooapp-section-heading","elType":"widget"},{"id":"285e6c8c","settings":{"structure":"40","html_tag":"div"},"elements":[{"id":"72469d63","settings":{"_column_size":25,"_inline_size":null,"_inline_size_tablet":50,"margin_mobile":{"unit":"px","top":"0","right":"0","bottom":"30","left":"0","isLinked":false}},"elements":[{"id":"59510556","settings":{"title_text":"","description_text":"","image":{"url":"http:\/\/jthemes.org\/wp\/xooapp\/wp-content\/uploads\/2018\/10\/press-1.png","id":82},"image_space":{"unit":"px","size":0},"image_size":{"unit":"%","size":80},"hover_animation":"grow","css_filters_css_filter":"custom","css_filters_hover_css_filter":"custom","_padding":{"unit":"px","top":"40","right":"40","bottom":"40","left":"40","isLinked":true},"_background_background":"classic","_background_color":"#ffffff","_box_shadow_box_shadow_type":"yes","_box_shadow_box_shadow":{"horizontal":0,"vertical":0,"blur":17,"spread":3,"color":"rgba(0,0,0,0.13)"}},"elements":[],"isInner":false,"widgetType":"image-box","elType":"widget"}],"isInner":true,"elType":"column"},{"id":"7465d0e0","settings":{"_column_size":25,"_inline_size":null,"_inline_size_tablet":50,"margin_mobile":{"unit":"px","top":"0","right":"0","bottom":"30","left":"0","isLinked":false}},"elements":[{"id":"451b4c5b","settings":{"title_text":"","description_text":"","image":{"url":"http:\/\/jthemes.org\/wp\/xooapp\/wp-content\/uploads\/2018\/10\/press-2.png","id":83},"image_space":{"unit":"px","size":0},"image_size":{"unit":"%","size":80},"hover_animation":"grow","css_filters_css_filter":"custom","css_filters_hover_css_filter":"custom","_padding":{"unit":"px","top":"40","right":"40","bottom":"40","left":"40","isLinked":true},"_background_background":"classic","_background_color":"#ffffff","_box_shadow_box_shadow_type":"yes","_box_shadow_box_shadow":{"horizontal":0,"vertical":0,"blur":17,"spread":3,"color":"rgba(0,0,0,0.13)"}},"elements":[],"isInner":false,"widgetType":"image-box","elType":"widget"}],"isInner":true,"elType":"column"},{"id":"36a53c6d","settings":{"_column_size":25,"_inline_size":null,"_inline_size_tablet":50,"margin_mobile":{"unit":"px","top":"0","right":"0","bottom":"30","left":"0","isLinked":false}},"elements":[{"id":"38cf87e3","settings":{"title_text":"","description_text":"","image":{"url":"http:\/\/jthemes.org\/wp\/xooapp\/wp-content\/uploads\/2018\/10\/press-3.png","id":84},"image_space":{"unit":"px","size":0},"image_size":{"unit":"%","size":80},"hover_animation":"grow","css_filters_css_filter":"custom","css_filters_hover_css_filter":"custom","_padding":{"unit":"px","top":"40","right":"40","bottom":"40","left":"40","isLinked":true},"_background_background":"classic","_background_color":"#ffffff","_box_shadow_box_shadow_type":"yes","_box_shadow_box_shadow":{"horizontal":0,"vertical":0,"blur":17,"spread":3,"color":"rgba(0,0,0,0.13)"}},"elements":[],"isInner":false,"widgetType":"image-box","elType":"widget"}],"isInner":true,"elType":"column"},{"id":"5f5e73a2","settings":{"_column_size":25,"_inline_size":null,"_inline_size_tablet":50},"elements":[{"id":"283d8e16","settings":{"title_text":"","description_text":"","image":{"url":"http:\/\/jthemes.org\/wp\/xooapp\/wp-content\/uploads\/2018\/10\/press-4.png","id":85},"image_space":{"unit":"px","size":0},"image_size":{"unit":"%","size":80},"hover_animation":"grow","css_filters_css_filter":"custom","css_filters_hover_css_filter":"custom","_padding":{"unit":"px","top":"40","right":"40","bottom":"40","left":"40","isLinked":true},"_background_background":"classic","_background_color":"#ffffff","_box_shadow_box_shadow_type":"yes","_box_shadow_box_shadow":{"horizontal":0,"vertical":0,"blur":17,"spread":3,"color":"rgba(0,0,0,0.13)"}},"elements":[],"isInner":false,"widgetType":"image-box","elType":"widget"}],"isInner":true,"elType":"column"}],"isInner":true,"elType":"section"},{"id":"25c7cc26","settings":{"editor":"<p>Semper lacus cursus porta, feugiat primis in luctus ultrice tellus potenti neque dolor primis in posuere magna nec augue ipsum primis risus auctor purus pretium ligula rutrum<\/p>","typography_typography":"custom","typography_font_size":{"unit":"px","size":20},"typography_font_size_tablet":{"unit":"px","size":18},"_padding":{"unit":"%","top":"5","right":"10","bottom":"0","left":"10","isLinked":false}},"elements":[],"isInner":false,"widgetType":"text-editor","elType":"widget"},{"id":"5cdcb416","settings":{"text":"What Our Clients Say","align":"center","background_color":"rgba(0,0,0,0)","text_padding":{"unit":"px","top":"0","right":"0","bottom":"0","left":"0","isLinked":false},"_margin":{"unit":"px","top":"0","right":"0","bottom":"0","left":"0","isLinked":true},"_css_classes":"btn btn-lightgreen"},"elements":[],"isInner":false,"widgetType":"button","elType":"widget"}],"isInner":false,"elType":"column"}],"isInner":false,"elType":"section"},{"id":"1238f028","settings":{"padding":{"unit":"px","top":"100","right":"0","bottom":"100","left":"0","isLinked":false},"html_tag":"div","_element_id":"blog"},"elements":[{"id":"3b0bfac3","settings":{"_column_size":100},"elements":[{"id":"62100753","settings":{"title":"Our Latest News\n","subheading_title":"Aliquam a augue suscipit, luctus neque purus ipsum neque dolor primis  libero tempus, tempor posuere ligula varius","sub_typography_typography":"custom","title_margin":{"unit":"px","top":"0","right":"0","bottom":"0","left":"0","isLinked":false},"subtitle_margin":{"unit":"px","top":"0","right":"0","bottom":"0","left":"0","isLinked":false},"subtitle_padding":{"unit":"%","top":"","right":"","bottom":"","left":"","isLinked":false}},"elements":[],"isInner":false,"widgetType":"xooapp-section-heading","elType":"widget"},{"id":"3c2be5ba","settings":{"read_more_text":"More Details","title_typography_typography":"custom","title_typography_font_family":"Montserrat","title_hover_color":"#888888","description_typography_typography":"custom","title_typography_font_weight":"700"},"elements":[],"isInner":false,"widgetType":"xooapp_blog","elType":"widget"}],"isInner":false,"elType":"column"}],"isInner":false,"elType":"section"},{"id":"537c09b2","settings":{"content_position":"middle","background_background":"classic","background_color":"#42a045","background_image":{"url":"http:\/\/jthemes.org\/wp\/xooapp\/wp-content\/uploads\/2018\/10\/tra-bg-2.png","id":98},"background_position":"bottom right","background_attachment":"fixed","background_repeat":"no-repeat","background_size":"cover","padding":{"unit":"px","top":"100","right":"0","bottom":"100","left":"0","isLinked":false},"html_tag":"div","structure":"20"},"elements":[{"id":"487d524c","settings":{"_column_size":50,"_inline_size":50,"html_tag":"div"},"elements":[{"id":"6d86f53c","settings":{"title":"Stay up to date with our news, ideas and updates\n","align":"left","subheading_title":"","title_color":"#ffffff","typography_typography":"custom","typography_font_size":{"unit":"px","size":35},"title_margin":{"unit":"px","top":"0","right":"0","bottom":"0","left":"0","isLinked":false},"subtitle_margin":{"unit":"px","top":"0","right":"0","bottom":"0","left":"0","isLinked":false},"subtitle_padding":{"unit":"px","top":"0","right":"0","bottom":"0","left":"0","isLinked":false},"section_margin":{"unit":"%","top":"","right":"","bottom":"","left":"","isLinked":true},"section_padding":{"unit":"px","top":"0","right":"0","bottom":"0","left":"0","isLinked":false},"_padding":{"unit":"px","top":"0","right":"50","bottom":"0","left":"0","isLinked":false}},"elements":[],"isInner":false,"widgetType":"xooapp-section-heading","elType":"widget"}],"isInner":false,"elType":"column"},{"id":"6faf88a2","settings":{"_column_size":50,"_inline_size":50,"html_tag":"div"},"elements":[{"id":"2db687e0","settings":{"wp":{"title":""},"_padding":{"unit":"px","top":"0","right":"0","bottom":"0","left":"0","isLinked":false}},"elements":[],"isInner":false,"widgetType":"wp-widget-mc4wp_form_widget","elType":"widget"}],"isInner":false,"elType":"column"}],"isInner":false,"elType":"section"},{"id":"463001d1","settings":{"html_tag":"div","structure":"40","padding":{"unit":"px","top":"100","right":"0","bottom":"30","left":"0","isLinked":false},"background_color":"#e8e8e8"},"elements":[{"id":"7e850d78","settings":{"_column_size":25,"_inline_size":38.24600000000000221689333557151257991790771484375},"elements":[{"id":"7b7067ca","settings":{"banner_desc":"<p>Nemo ipsam egestas volute turpis dolores ut aliquam quaerat sodales sapien undo euismod blandit vitae arcu. Aenean blandit non nulla at sodales mollis in eget velit aliquam quaerat sodales sapien undo ongue magna impedit<\/p>"},"elements":[],"isInner":false,"widgetType":"xooapp_logo","elType":"widget"}],"isInner":false,"elType":"column"},{"id":"309aa478","settings":{"_column_size":25,"_inline_size":20.876999999999998891553332214243710041046142578125,"margin_mobile":{"unit":"px","top":"0","right":"0","bottom":"0","left":"0","isLinked":true}},"elements":[{"id":"543b3fbf","settings":{"wp":{"title":"Useful Links","nav_menu":"13"}},"elements":[],"isInner":false,"widgetType":"wp-widget-nav_menu","elType":"widget"}],"isInner":false,"elType":"column"},{"id":"3cc46763","settings":{"_column_size":25,"_inline_size":20.43900000000000005684341886080801486968994140625},"elements":[{"id":"306fd888","settings":{"wp":{"title":"Support","nav_menu":"12"}},"elements":[],"isInner":false,"widgetType":"wp-widget-nav_menu","elType":"widget"}],"isInner":false,"elType":"column"},{"id":"1f47420c","settings":{"_column_size":25,"_inline_size":20.437999999999998834709913353435695171356201171875},"elements":[{"id":"66e62731","settings":{"app_image_one":{"url":"http:\/\/jthemes.org\/wp\/xooapp\/wp-content\/uploads\/2018\/10\/header-googleplay.png","id":141},"app_image_two":{"url":"http:\/\/jthemes.org\/wp\/xooapp\/wp-content\/uploads\/2018\/10\/appstore.png","id":138},"_padding":{"unit":"px","top":"50","right":"0","bottom":"5","left":"0","isLinked":false}},"elements":[],"isInner":false,"widgetType":"xooapp_app_info","elType":"widget"}],"isInner":false,"elType":"column"}],"isInner":false,"elType":"section"}]}