{"version":"0.4","title":"Home 4","type":"page","content":[{"id":"6aa33c5b","settings":{"layout":"full_width","gap":"no","content_position":"middle","html_tag":"div"},"elements":[{"id":"371dd1e5","settings":{"_column_size":100},"elements":[{"id":"3647d82e","settings":{"nav_item_lists":[{"nav":"Features","link":"#features","_id":"80ce0b8","show_dropdown":"","sub_nav":"","priority":""},{"nav":"Screens","link":"#screens","_id":"6f21b50","show_dropdown":"","sub_nav":"","priority":""},{"nav":"Go Premium","link":"#go_premium","_id":"0002162","show_dropdown":"","sub_nav":"","priority":"yes"},{"nav":"FAQs","link":"#faqs","_id":"338912a","show_dropdown":"","sub_nav":"","priority":""},{"nav":"Blog","link":"#blog","_id":"135bf74","show_dropdown":"","sub_nav":"","priority":""}],"social_button":"yes","social_icon_list":[{"social":"fa fa-facebook","_id":"bec443c","social_link":{"url":"","is_external":"","nofollow":""}},{"social":"fa fa-twitter","_id":"c3dfe5c","social_link":{"url":"","is_external":"","nofollow":""}},{"social":"fa fa-dribbble","_id":"818892f","social_link":{"url":"","is_external":"","nofollow":""}}],"title_typography_typography":"custom","title_typography_font_size":{"unit":"px","size":16.800000000000000710542735760100185871124267578125},"title_typography_font_weight":"500"},"elements":[],"isInner":false,"widgetType":"xooapp_header","elType":"widget"}],"isInner":false,"elType":"column"}],"isInner":false,"elType":"section"},{"id":"48e2501","settings":{"html_tag":"div","background_background":"classic","background_color":"#42a045","background_image":{"url":"http:\/\/jthemes.org\/wp\/xooapp\/wp-content\/uploads\/2018\/10\/tra-bg-2.png","id":98},"background_position":"bottom center","content_position":"middle","background_repeat":"no-repeat","padding":{"unit":"px","top":"170","right":"0","bottom":"0","left":"0","isLinked":false},"gap":"no","background_attachment":"fixed","background_size":"cover","text_align":"center","padding_mobile":{"unit":"px","top":"50","right":"0","bottom":"0","left":"0","isLinked":false}},"elements":[{"id":"284b96a6","settings":{"_column_size":100,"_inline_size":null,"html_tag":"div","background_color":"#42a045","background_image":{"url":"http:\/\/jthemes.org\/wp\/xooapp\/wp-content\/uploads\/2018\/10\/tra-bg-1.png","id":97}},"elements":[{"id":"1955368a","settings":{"image":{"url":"http:\/\/jthemes.org\/wp\/xooapp\/wp-content\/uploads\/2018\/10\/hero-logo-white.png","id":56},"image_size":"custom","image_custom_dimension":{"width":"150","height":"150"},"align":"center","_margin":{"unit":"px","top":"0","right":"0","bottom":"30","left":"0","isLinked":false},"_margin_mobile":{"unit":"px","top":"40","right":"0","bottom":"0","left":"0","isLinked":false},"_padding_mobile":{"unit":"px","top":"0","right":"0","bottom":"0","left":"0","isLinked":false}},"elements":[],"isInner":false,"widgetType":"image","elType":"widget"},{"id":"6e4ef0a1","settings":{"title":"XooApp - the simplest way to <br> promote your mobile App","align":"center","title_color":"#ffffff","typography_typography":"custom","typography_font_size":{"unit":"px","size":48},"align_mobile":"center","typography_font_size_mobile":{"unit":"px","size":22}},"elements":[],"isInner":false,"widgetType":"heading","elType":"widget"},{"id":"6ffff51d","settings":{"html":"<a href=\"#screens-1\" class=\"btn btn-yellow\">Discover Screenshots<\/a>","_margin":{"unit":"%","top":"0","right":"0","bottom":"0","left":"0","isLinked":false},"_padding":{"unit":"px","top":"25","right":"0","bottom":"60","left":"0","isLinked":false},"_margin_mobile":{"unit":"px","top":"0","right":"0","bottom":"0","left":"0","isLinked":false},"_padding_mobile":{"unit":"px","top":"0","right":"0","bottom":"0","left":"0","isLinked":false}},"elements":[],"isInner":false,"widgetType":"html","elType":"widget"},{"id":"6876487b","settings":{"image":{"url":"http:\/\/jthemes.org\/wp\/xooapp\/wp-content\/uploads\/2018\/10\/hero-4-img.png","id":40},"align":"center","_margin_mobile":{"unit":"px","top":"0","right":"0","bottom":"-40","left":"0","isLinked":false},"_padding_mobile":{"unit":"px","top":"0","right":"0","bottom":"0","left":"0","isLinked":false},"align_mobile":"center"},"elements":[],"isInner":false,"widgetType":"image","elType":"widget"}],"isInner":false,"elType":"column"}],"isInner":false,"elType":"section"},{"id":"3cbb6430","settings":{"html_tag":"div","_element_id":"features","padding_mobile":{"unit":"px","top":"50","right":"0","bottom":"0","left":"0","isLinked":false}},"elements":[{"id":"2ba9abad","settings":{"_column_size":100,"margin_mobile":{"unit":"px","top":"50","right":"0","bottom":"0","left":"0","isLinked":false},"padding_mobile":{"unit":"em","top":"","right":"","bottom":"","left":"","isLinked":false}},"elements":[{"id":"5bf7b77c","settings":{"title":"Features In This App","subheading_title":"Aliquam a augue suscipit, luctus neque purus ipsum neque dolor primis libero tempus, tempor posuere ligula varius","align":"center","sub_align":"center","title_color":"#0c0c0c","typography_typography":"custom","sub_title_color":"#0c0c0c","sub_typography_typography":"custom","_padding":{"unit":"px","top":"80","right":"0","bottom":"0","left":"0","isLinked":false},"typography_font_size":{"unit":"px","size":61},"typography_line_height":{"unit":"em","size":1.399999999999999911182158029987476766109466552734375},"title_margin_mobile":{"unit":"px","top":"0","right":"0","bottom":"0","left":"0","isLinked":false},"subtitle_margin_mobile":{"unit":"px","top":"0","right":"0","bottom":"0","left":"0","isLinked":false},"subtitle_padding_mobile":{"unit":"px","top":"0","right":"0","bottom":"0","left":"0","isLinked":false},"section_margin_mobile":{"unit":"px","top":"0","right":"0","bottom":"0","left":"0","isLinked":false},"section_padding_mobile":{"unit":"px","top":"0","right":"0","bottom":"0","left":"0","isLinked":false},"_margin_mobile":{"unit":"px","top":"0","right":"0","bottom":"0","left":"0","isLinked":false},"_padding_mobile":{"unit":"px","top":"0","right":"0","bottom":"0","left":"0","isLinked":false}},"elements":[],"isInner":false,"widgetType":"xooapp-section-heading","elType":"widget"}],"isInner":false,"elType":"column"}],"isInner":false,"elType":"section"},{"id":"1027f085","settings":{"structure":"40","background_background":"classic","background_position":"bottom center","padding":{"unit":"px","top":"0","right":"0","bottom":"70","left":"0","isLinked":false},"html_tag":"div","gap":"extended"},"elements":[{"id":"5b23b498","settings":{"_column_size":25,"_inline_size":null,"_inline_size_tablet":50},"elements":[{"id":"55f031ae","settings":{"icon":"pe-7s-piggy","feature_style":"fbox-3 purple-hover","title_text":"Free Trial","description_text":"Ligula risus auctor tempus dolor lacinia","primary_color":"#555555","hover_primary_color":"#783bb1","icon_size":{"unit":"px","size":80},"text_align":"center","title_color":"#0c0c0c","title_typography_typography":"custom","title_typography_font_size":{"unit":"px","size":20},"description_color":"#0c0c0c","_padding":{"unit":"px","top":"0","right":"0","bottom":"0","left":"0","isLinked":false}},"elements":[],"isInner":false,"widgetType":"feature-box","elType":"widget"},{"id":"58218b38","settings":{"icon":"pe-7s-mail-open-file","feature_style":"fbox-3 purple-hover","title_text":"Mailer Engine","description_text":"Feugiat primis in lacinia risus an auctor","primary_color":"","hover_primary_color":"#783bb1","icon_size":{"unit":"px","size":80},"text_align":"center","title_color":"#0c0c0c","title_typography_typography":"custom","title_typography_font_size":{"unit":"px","size":20},"description_color":"#0c0c0c","_padding":{"unit":"px","top":"0","right":"0","bottom":"0","left":"0","isLinked":false},"shape":"square","font_gradient_primary_color":"","title_typography_font_weight":"700"},"elements":[],"isInner":false,"widgetType":"feature-box","elType":"widget"}],"isInner":false,"elType":"column"},{"id":"6ef59017","settings":{"_column_size":25,"_inline_size":null,"_inline_size_tablet":50},"elements":[{"id":"69eb52cb","settings":{"icon":"pe-7s-vector","feature_style":"fbox-3 purple-hover","title_text":"Unique Design","description_text":"Dolor feugiat felis lacinia risus an auctor portao.","primary_color":"#0c0c0c","hover_primary_color":"#783bb1","icon_size":{"unit":"px","size":80},"text_align":"center","title_color":"#0c0c0c","title_typography_typography":"custom","title_typography_font_size":{"unit":"px","size":20},"description_color":"#0c0c0c","_padding":{"unit":"px","top":"0","right":"0","bottom":"0","left":"0","isLinked":false}},"elements":[],"isInner":false,"widgetType":"feature-box","elType":"widget"},{"id":"1c7de34","settings":{"icon":"pe-7s-bell","feature_style":"fbox-3 purple-hover","title_text":"Notifications","description_text":"Semper lacus cursus porta primis ultrice","primary_color":"#0c0c0c","hover_primary_color":"#783bb1","icon_size":{"unit":"px","size":80},"text_align":"center","title_color":"#0c0c0c","title_typography_typography":"custom","title_typography_font_size":{"unit":"px","size":20},"description_color":"#0c0c0c","_padding":{"unit":"px","top":"0","right":"0","bottom":"0","left":"0","isLinked":false}},"elements":[],"isInner":false,"widgetType":"feature-box","elType":"widget"}],"isInner":false,"elType":"column"},{"id":"5d8c61a0","settings":{"_column_size":25,"_inline_size":null,"_inline_size_tablet":50},"elements":[{"id":"2f08fedf","settings":{"icon":"pe-7s-target","feature_style":"fbox-3 purple-hover","title_text":"Cross-Platform","description_text":"Ligula auctor tempus unt dolor feugiat felis","primary_color":"#555555","hover_primary_color":"#783bb1","icon_size":{"unit":"px","size":80},"text_align":"center","title_color":"#0c0c0c","title_typography_typography":"custom","title_typography_font_size":{"unit":"px","size":20},"description_color":"#0c0c0c","_padding":{"unit":"px","top":"0","right":"0","bottom":"0","left":"0","isLinked":false}},"elements":[],"isInner":false,"widgetType":"feature-box","elType":"widget"},{"id":"2d1a997a","settings":{"icon":"pe-7s-refresh-2","feature_style":"fbox-3 purple-hover","title_text":"Free Updates","description_text":"Cursus porta in ultrice risus auctor porta","primary_color":"#555555","hover_primary_color":"#783bb1","icon_size":{"unit":"px","size":80},"text_align":"center","title_color":"#0c0c0c","title_typography_typography":"custom","title_typography_font_size":{"unit":"px","size":20},"description_color":"#0c0c0c","_padding":{"unit":"px","top":"0","right":"0","bottom":"0","left":"0","isLinked":false}},"elements":[],"isInner":false,"widgetType":"feature-box","elType":"widget"}],"isInner":false,"elType":"column"},{"id":"1e74452b","settings":{"_column_size":25,"_inline_size":null,"_inline_size_tablet":50},"elements":[{"id":"5a20532","settings":{"icon":"pe-7s-edit","feature_style":"fbox-3 purple-hover","title_text":"User Friendly","description_text":"Dolor feugiat felis lacinia risus an auctor portao.","primary_color":"#555555","hover_primary_color":"#783bb1","icon_size":{"unit":"px","size":80},"text_align":"center","title_color":"#0c0c0c","title_typography_typography":"custom","title_typography_font_size":{"unit":"px","size":20},"description_color":"#0c0c0c","_padding":{"unit":"px","top":"0","right":"0","bottom":"0","left":"0","isLinked":false}},"elements":[],"isInner":false,"widgetType":"feature-box","elType":"widget"},{"id":"3e0dc0fc","settings":{"icon":"pe-7s-help2","feature_style":"fbox-3 purple-hover","title_text":"Fast Support","description_text":"Risus auctor dolor feugiat felis an auctor","primary_color":"#555555","hover_primary_color":"#783bb1","icon_size":{"unit":"px","size":80},"text_align":"center","title_color":"#0c0c0c","title_typography_typography":"custom","title_typography_font_size":{"unit":"px","size":20},"description_color":"#0c0c0c","_padding":{"unit":"px","top":"0","right":"0","bottom":"0","left":"0","isLinked":false}},"elements":[],"isInner":false,"widgetType":"feature-box","elType":"widget"}],"isInner":false,"elType":"column"}],"isInner":false,"elType":"section"},{"id":"798b25b9","settings":{"margin":{"unit":"%","top":"","right":0,"bottom":"","left":0,"isLinked":false},"heading_color":"#c9c9c9","color_text":"#848484","html_tag":"div","content_position":"middle","background_background":"classic","background_color":"#f7f7f7","padding":{"unit":"px","top":"100","right":"0","bottom":"0","left":"0","isLinked":false},"gap":"no","padding_mobile":{"unit":"px","top":"50","right":"0","bottom":"50","left":"0","isLinked":false}},"elements":[{"id":"24429452","settings":{"_column_size":100},"elements":[{"id":"1ff29412","settings":{"structure":"20","html_tag":"div","content_position":"middle","gap":"no"},"elements":[{"id":"26cbda30","settings":{"_column_size":50,"_inline_size":49.6490000000000009094947017729282379150390625,"padding":{"unit":"px","top":"0","right":"40","bottom":"0","left":"50","isLinked":false}},"elements":[{"id":"27c2b927","settings":{"title":"Available On All Your Devices","size":"xxl","title_color":"#0c0c0c","typography_typography":"custom","_animation":"fadeInLeft","_animation_delay":300},"elements":[],"isInner":false,"widgetType":"xooapp-heading","elType":"widget"},{"id":"549cd11","settings":{"editor":"<p>An orci nullam tempor sapien, eget gravida integer donec ipsum porta justo at odio integer congue magna undo auctor gravida velna magna orci lacus odio ac risus auctor faucibus orci ligula massa luctus et ultrices posuere cubi<\/p>","_animation":"fadeInLeft","_animation_delay":400,"typography_font_weight":"300"},"elements":[],"isInner":false,"widgetType":"text-editor","elType":"widget"},{"id":"22d99703","settings":{"view":"inline","button_list":[{"button_text":"","icon":"fa fa-tablet","_id":"59bea23","link":{"url":"","is_external":"true","nofollow":""},"show_icon":"yes","icon_align":"left","icon_indent":{"unit":"px","size":8},"icon_size":{"unit":"px","size":41},"rotate":{"unit":"deg","size":90},"button_indi_color":"","button_font_color":"#bfbfbf","title_typography_typography":"","title_typography_font_family":"Roboto","title_typography_font_size":{"unit":"px","size":""},"title_typography_font_size_tablet":{"unit":"px","size":""},"title_typography_font_size_mobile":{"unit":"px","size":""},"title_typography_font_weight":"","title_typography_text_transform":"","title_typography_font_style":"","title_typography_text_decoration":"","title_typography_line_height":{"unit":"em","size":""},"title_typography_line_height_tablet":{"unit":"em","size":""},"title_typography_line_height_mobile":{"unit":"em","size":""},"title_typography_letter_spacing":{"unit":"px","size":""},"title_typography_letter_spacing_tablet":{"unit":"px","size":""},"title_typography_letter_spacing_mobile":{"unit":"px","size":""},"button_margin":{"unit":"px","top":"","right":"","bottom":"","left":"","isLinked":true},"border_type":"","border_width":{"unit":"px","top":"","right":"","bottom":"","left":"","isLinked":true},"border_color":"","border_radius":{"unit":"px","top":"","right":"","bottom":"","left":"","isLinked":true},"button_hover_indi_color":"","button_hover_font_color":"","align":"","align_tablet":"","align_mobile":""},{"button_text":"","icon":"fa fa-mobile-phone","_id":"1fddb98","link":{"url":"","is_external":"true","nofollow":""},"show_icon":"yes","icon_align":"left","icon_indent":{"unit":"px","size":8},"icon_size":{"unit":"px","size":43},"rotate":{"unit":"deg","size":0},"button_indi_color":"","button_font_color":"#bfbfbf","title_typography_typography":"","title_typography_font_family":"Roboto","title_typography_font_size":{"unit":"px","size":""},"title_typography_font_size_tablet":{"unit":"px","size":""},"title_typography_font_size_mobile":{"unit":"px","size":""},"title_typography_font_weight":"","title_typography_text_transform":"","title_typography_font_style":"","title_typography_text_decoration":"","title_typography_line_height":{"unit":"em","size":""},"title_typography_line_height_tablet":{"unit":"em","size":""},"title_typography_line_height_mobile":{"unit":"em","size":""},"title_typography_letter_spacing":{"unit":"px","size":""},"title_typography_letter_spacing_tablet":{"unit":"px","size":""},"title_typography_letter_spacing_mobile":{"unit":"px","size":""},"button_margin":{"unit":"px","top":"","right":"","bottom":"","left":"","isLinked":true},"border_type":"","border_width":{"unit":"px","top":"","right":"","bottom":"","left":"","isLinked":true},"border_color":"","border_radius":{"unit":"px","top":"","right":"","bottom":"","left":"","isLinked":true},"button_hover_indi_color":"","button_hover_font_color":"","align":"","align_tablet":"","align_mobile":""},{"button_text":"Available on iPhone, iPad and all <br>Android devices from 5.5","link":{"url":"","is_external":"true","nofollow":""},"show_icon":"No","icon":"","icon_align":"left","icon_indent":{"unit":"px","size":""},"icon_size":{"unit":"px","size":""},"rotate":{"unit":"deg","size":0},"button_indi_color":"","button_font_color":"#4f4f4f","title_typography_typography":"custom","title_typography_font_family":"Roboto","title_typography_font_size":{"unit":"px","size":16},"title_typography_font_size_tablet":{"unit":"px","size":""},"title_typography_font_size_mobile":{"unit":"px","size":""},"title_typography_font_weight":"300","title_typography_text_transform":"","title_typography_font_style":"italic","title_typography_text_decoration":"","title_typography_line_height":{"unit":"em","size":1.100000000000000088817841970012523233890533447265625},"title_typography_line_height_tablet":{"unit":"em","size":""},"title_typography_line_height_mobile":{"unit":"em","size":""},"title_typography_letter_spacing":{"unit":"px","size":""},"title_typography_letter_spacing_tablet":{"unit":"px","size":""},"title_typography_letter_spacing_mobile":{"unit":"px","size":""},"button_margin":{"unit":"px","top":"","right":"","bottom":"","left":"","isLinked":true},"border_type":"","border_width":{"unit":"px","top":"","right":"","bottom":"","left":"","isLinked":true},"border_color":"","border_radius":{"unit":"px","top":"","right":"","bottom":"","left":"","isLinked":true},"_id":"fdcc5b8","button_hover_indi_color":"","button_hover_font_color":"","align":"","align_tablet":"","align_mobile":""}]},"elements":[],"isInner":false,"widgetType":"xooapp_button_list","elType":"widget"}],"isInner":true,"elType":"column"},{"id":"442fbb6e","settings":{"_column_size":50,"_inline_size":50.3509999999999990905052982270717620849609375},"elements":[{"id":"17d97bd9","settings":{"image":{"id":60,"url":"http:\/\/jthemes.org\/wp\/xooapp\/wp-content\/uploads\/2018\/10\/image-03.png"},"_animation":"fadeInRight","align":"center","_margin":{"unit":"px","top":"0","right":"0","bottom":"-80","left":"0","isLinked":false},"_padding":{"unit":"px","top":"0","right":"0","bottom":"0","left":"0","isLinked":false},"_animation_delay":500,"_margin_mobile":{"unit":"px","top":"30","right":"0","bottom":"0","left":"0","isLinked":false}},"elements":[],"isInner":false,"widgetType":"image","elType":"widget"}],"isInner":true,"elType":"column"}],"isInner":true,"elType":"section"}],"isInner":false,"elType":"column"}],"isInner":false,"elType":"section"},{"id":"7f0202af","settings":{"margin":{"unit":"px","top":"100","right":0,"bottom":"100","left":0,"isLinked":true},"heading_color":"#c9c9c9","color_text":"#848484","html_tag":"div","content_position":"middle"},"elements":[{"id":"2f0cc64e","settings":{"_column_size":100},"elements":[{"id":"4a13ac8f","settings":{"structure":"20","html_tag":"div","content_position":"middle"},"elements":[{"id":"4e6ee81","settings":{"_column_size":50,"_inline_size":null},"elements":[{"id":"4913902f","settings":{"image":{"id":62,"url":"http:\/\/jthemes.org\/wp\/xooapp\/wp-content\/uploads\/2018\/10\/image-06.png"},"_animation":"fadeInLeft","_margin_mobile":{"unit":"px","top":"0","right":"0","bottom":"30","left":"0","isLinked":false}},"elements":[],"isInner":false,"widgetType":"image","elType":"widget"}],"isInner":true,"elType":"column"},{"id":"17b47740","settings":{"_column_size":50,"_inline_size":null,"padding":{"unit":"px","top":"0","right":"30","bottom":"0","left":"60","isLinked":false}},"elements":[{"id":"54167f14","settings":{"title":"Experienced and Skilled","size":"xxl","title_color":"#0c0c0c","typography_typography":"custom"},"elements":[],"isInner":false,"widgetType":"xooapp-heading","elType":"widget"},{"id":"52c48b63","settings":{"editor":"<p class=\"animated fadeInLeft visible\" data-animation=\"fadeInLeft\" data-animation-delay=\"400\">An enim nullam tempor sapien gravida donec enim ipsum porta justo integer at odio velna vitae auctor integer congue magna at pretium purus pretium ligula rutrum luctus risus<\/p><h5 class=\"h5-md animated fadeInLeft visible\" data-animation=\"fadeInLeft\" data-animation-delay=\"500\">Feature Integration<\/h5><p class=\"animated fadeInLeft visible\" data-animation=\"fadeInLeft\" data-animation-delay=\"600\">An nullam tempor sapien, eget gravida donec enim ipsum porta justo integer at odio velna vitae auctor integer congue<\/p><h5 class=\"h5-md animated fadeInLeft visible\" data-animation=\"fadeInLeft\" data-animation-delay=\"700\">Multiple Discussions<\/h5><p class=\"animated fadeInLeft visible\" data-animation=\"fadeInLeft\" data-animation-delay=\"800\">Justo integer at odio velna vitae auctor integer congue magna undo impedit. Gravida magna lacus odio ac risus<\/p>","typography_typography":"custom"},"elements":[],"isInner":false,"widgetType":"text-editor","elType":"widget"}],"isInner":true,"elType":"column"}],"isInner":true,"elType":"section"}],"isInner":false,"elType":"column"}],"isInner":false,"elType":"section"},{"id":"64a508e0","settings":{"html_tag":"div","content_position":"middle","background_background":"classic","background_color":"#783bb1","background_image":{"url":"http:\/\/jthemes.org\/wp\/xooapp\/wp-content\/uploads\/2018\/10\/tra-bg-1.png","id":97},"background_position":"center center","background_attachment":"fixed","background_repeat":"no-repeat","background_size":"cover","margin":{"unit":"%","top":"","right":0,"bottom":"","left":0,"isLinked":false},"padding":{"unit":"px","top":"100","right":"0","bottom":"0","left":"0","isLinked":false},"gap":"no","text_align":"center"},"elements":[{"id":"4e3310af","settings":{"_column_size":100,"_inline_size":null,"content_position":"bottom","html_tag":"div"},"elements":[{"id":"50157e3d","settings":{"title":"Beautiful User Interface","subheading_title":"Gravida donec integer ipsum porta justo at odio velna vitae auctor integer magna at risus auctor purus rutrum primis ultrice luctus impedit magna dolor vitae risus","title_color":"#ffffff","typography_typography":"custom","sub_title_color":"#ffffff","sub_typography_typography":"custom","_margin":{"unit":"px","top":"0","right":"0","bottom":"0","left":"0","isLinked":true},"_padding":{"unit":"px","top":"0","right":"0","bottom":"0","left":"0","isLinked":false},"section_margin":{"unit":"px","top":"0","right":"0","bottom":"0","left":"0","isLinked":false},"section_padding":{"unit":"px","top":"0","right":"0","bottom":"0","left":"0","isLinked":false},"sub_typography_font_size_tablet":{"unit":"px","size":16}},"elements":[],"isInner":false,"widgetType":"xooapp-section-heading","elType":"widget"},{"id":"272607d3","settings":{"app_image_one":{"url":"http:\/\/jthemes.org\/wp\/xooapp\/wp-content\/uploads\/2018\/10\/appstore-tra-white.png","id":145},"app_image_two":{"url":"http:\/\/jthemes.org\/wp\/xooapp\/wp-content\/uploads\/2018\/10\/googleplay-tra-white.png","id":148},"_margin":{"unit":"px","top":"0","right":"0","bottom":"0","left":"0","isLinked":false},"_padding":{"unit":"px","top":"0","right":"0","bottom":"40","left":"0","isLinked":false}},"elements":[],"isInner":false,"widgetType":"xooapp_app_info","elType":"widget"},{"id":"36976c90","settings":{"video_link":"https:\/\/www.youtube.com\/watch?v=kuceVNBTJio","banner_bg_img":{"url":"http:\/\/jthemes.org\/wp\/xooapp\/wp-content\/uploads\/2018\/10\/video-1-img.png","id":100},"_margin":{"unit":"px","top":"0","right":"0","bottom":"-40","left":"0","isLinked":false},"video_text":" Watch the Overview"},"elements":[],"isInner":false,"widgetType":"xooapp_video_box","elType":"widget"}],"isInner":false,"elType":"column"}],"isInner":false,"elType":"section"},{"id":"608761d8","settings":{"layout":"full_width","gap":"no","padding":{"unit":"px","top":"90","right":"0","bottom":"100","left":"0","isLinked":false},"html_tag":"div","background_background":"classic","background_color":"#ffffff","_element_id":"screens","margin_mobile":{"unit":"px","top":"60","right":0,"bottom":"0","left":0,"isLinked":false},"padding_mobile":{"unit":"px","top":"0","right":"0","bottom":"0","left":"0","isLinked":false}},"elements":[{"id":"13268c1a","settings":{"_column_size":100},"elements":[{"id":"6b008e8","settings":{"html_tag":"div","margin_mobile":{"unit":"px","top":"0","right":0,"bottom":"0","left":0,"isLinked":false},"padding_mobile":{"unit":"px","top":"","right":"","bottom":"","left":"","isLinked":false}},"elements":[{"id":"629dfada","settings":{"_column_size":100,"_inline_size":null},"elements":[{"id":"3ffbaac9","settings":{"title":"Unique App Screens","subheading_title":"Aliquam a augue suscipit, luctus neque purus ipsum neque dolor primis libero tempus, tempor posuere ligula varius","align":"center","sub_align":"center","title_color":"#0c0c0c","typography_typography":"custom","sub_title_color":"#0c0c0c","sub_typography_typography":"custom","_padding":{"unit":"px","top":"0","right":"0","bottom":"0","left":"0","isLinked":true},"_margin":{"unit":"px","top":"0","right":"0","bottom":"60","left":"0","isLinked":false},"typography_line_height":{"unit":"em","size":1.6999999999999999555910790149937383830547332763671875},"typography_letter_spacing":{"unit":"px","size":0},"section_padding":{"unit":"px","top":"","right":"","bottom":"","left":"","isLinked":false},"subtitle_padding":{"unit":"px","top":"","right":"","bottom":"","left":"","isLinked":false}},"elements":[],"isInner":false,"widgetType":"xooapp-section-heading","elType":"widget"}],"isInner":true,"elType":"column"}],"isInner":true,"elType":"section"},{"id":"5303d627","settings":{"carousel":[{"id":117,"url":"http:\/\/jthemes.org\/wp\/xooapp\/wp-content\/uploads\/2018\/10\/screen-1.jpg"},{"id":118,"url":"http:\/\/jthemes.org\/wp\/xooapp\/wp-content\/uploads\/2018\/10\/screen-2.jpg"},{"id":119,"url":"http:\/\/jthemes.org\/wp\/xooapp\/wp-content\/uploads\/2018\/10\/screen-3.jpg"},{"id":120,"url":"http:\/\/jthemes.org\/wp\/xooapp\/wp-content\/uploads\/2018\/10\/screen-4.jpg"},{"id":121,"url":"http:\/\/jthemes.org\/wp\/xooapp\/wp-content\/uploads\/2018\/10\/screen-5.jpg"},{"id":122,"url":"http:\/\/jthemes.org\/wp\/xooapp\/wp-content\/uploads\/2018\/10\/screen-6.jpg"},{"id":123,"url":"http:\/\/jthemes.org\/wp\/xooapp\/wp-content\/uploads\/2018\/10\/screen-7.jpg"},{"id":124,"url":"http:\/\/jthemes.org\/wp\/xooapp\/wp-content\/uploads\/2018\/10\/screen-8.jpg"}],"thumbnail_size":"full","_margin":{"unit":"px","top":"0","right":"0","bottom":"0","left":"0","isLinked":false},"_margin_mobile":{"unit":"px","top":"0","right":"0","bottom":"0","left":"0","isLinked":false},"_padding_mobile":{"unit":"px","top":"0","right":"0","bottom":"0","left":"0","isLinked":false}},"elements":[],"isInner":false,"widgetType":"app-screenshot-carousel","elType":"widget"}],"isInner":false,"elType":"column"}],"isInner":false,"elType":"section"},{"id":"666fd9c4","settings":{"background_background":"classic","background_color":"#efefef","html_tag":"div","_element_id":"go_premium"},"elements":[{"id":"692dcdb2","settings":{"_column_size":100,"padding":{"unit":"px","top":"90","right":"0","bottom":"100","left":"0","isLinked":false}},"elements":[{"id":"153a835f","settings":{"title":"Go Premium. Be Happy\n","align":"center","subheading_title":"Aliquam a augue suscipit, luctus neque purus ipsum neque dolor primis libero tempus, tempor posuere ligula varius","title_color":"#0c0c0c","sub_typography_typography":"custom","sub_typography_line_height":{"unit":"px","size":""},"sub_text_shadow_text_shadow":{"horizontal":0,"vertical":0,"blur":0,"color":"rgba(0,0,0,0.3)"},"typography_typography":"custom","typography_line_height":{"unit":"em","size":1.600000000000000088817841970012523233890533447265625},"sub_title_color":"#0c0c0c","_padding":{"unit":"px","top":"0","right":"0","bottom":"0","left":"0","isLinked":false},"title_margin":{"unit":"px","top":"0","right":"0","bottom":"0","left":"0","isLinked":false},"subtitle_margin":{"unit":"px","top":"0","right":"0","bottom":"0","left":"0","isLinked":false},"section_margin":{"unit":"px","top":"","right":"","bottom":"","left":"","isLinked":false},"section_padding":{"unit":"%","top":"","right":"","bottom":"","left":"","isLinked":true}},"elements":[],"isInner":false,"widgetType":"xooapp-section-heading","elType":"widget"},{"id":"7f14e852","settings":{"structure":"20","content_width":{"unit":"px","size":750},"gap":"extended"},"elements":[{"id":"116b10cf","settings":{"_column_size":50,"_inline_size":null},"elements":[{"id":"2c1e10e2","settings":{"title":"<div class=\"pricing-plan m-bottom-10\"><h4 class=\"h4-md\">XooApp Free<\/h4><p><span class=\"price\">Free<\/span><\/p><\/div>","icon_list":[{"text":"20 Users Tasks","icon":"fa fa-check","_id":"921c0f0","link":{"url":"","is_external":"","nofollow":""}},{"text":"5 GB of Storage","icon":"fa fa-check","_id":"b9b3155","link":{"url":"","is_external":"","nofollow":""}},{"text":"Theme Customization","icon":"fa fa-dot-circle-o","_id":"62eb31a","link":{"url":"","is_external":"","nofollow":""}},{"text":"Free Email Support","icon":"fa fa-dot-circle-o","_id":"5e247d1","link":{"url":"","is_external":"","nofollow":""}},{"text":"Security Suite","icon":"fa fa-dot-circle-o","_id":"fafc4e0","link":{"url":"","is_external":"","nofollow":""}}],"button_text":"Get Started","space_between":{"unit":"px","size":20},"_animation":"fadeInUp","_animation_delay":300},"elements":[],"isInner":false,"widgetType":"pricing-table","elType":"widget"}],"isInner":true,"elType":"column"},{"id":"28b66244","settings":{"_column_size":50,"_inline_size":null},"elements":[{"id":"84445ab","settings":{"title":"<div class=\"pricing-plan m-bottom-10\"><h4 class=\"h4-md\">XooApp <strong>Pro<\/strong><\/h4><p><span class=\"price\">2.99$<\/span><\/p><\/div>","icon_list":[{"text":"20 Users Tasks","icon":"fa fa-check","_id":"921c0f0","link":{"url":"","is_external":"","nofollow":""}},{"text":"5 GB of Storage","icon":"fa fa-check","_id":"b9b3155","link":{"url":"","is_external":"","nofollow":""}},{"text":"Theme Customization","icon":"fa fa-dot-circle-o","_id":"62eb31a","link":{"url":"","is_external":"","nofollow":""}},{"text":"Free Email Support","icon":"fa fa-dot-circle-o","_id":"5e247d1","link":{"url":"","is_external":"","nofollow":""}},{"text":"Security Suite","icon":"fa fa-dot-circle-o","_id":"fafc4e0","link":{"url":"","is_external":"","nofollow":""}}],"button_text":"Get Started","space_between":{"unit":"px","size":20},"icon_size":{"unit":"px","size":""},"button_style":"btn-lightblue","_animation":"fadeInUp","_animation_delay":400},"elements":[],"isInner":false,"widgetType":"pricing-table","elType":"widget"}],"isInner":true,"elType":"column"}],"isInner":true,"elType":"section"},{"id":"3a516057","settings":{"content_width":{"unit":"px","size":738},"html_tag":"div"},"elements":[{"id":"4ada8e81","settings":{"_column_size":100,"_inline_size":null},"elements":[{"id":"1efcbad3","settings":{"title":"<strong>We Are Hiring!<\/strong> Note! Prices may vary from location to location due to local taxation laws and conversion rates from U.S. Dollars.","header_size":"p","align":"center","subheading_title":"","title_color":"#0c0c0c","sub_title_color":"#0c0c0c","size":"xl","sub_header_size":"span","typography_typography":"custom","typography_font_weight":"300","sub_typography_typography":"custom","typography_font_size":{"unit":"px","size":16},"typography_line_height":{"unit":"em","size":2},"_margin":{"unit":"px","top":"0","right":"0","bottom":"0","left":"0","isLinked":true},"typography_font_family":"Roboto","subtitle_margin":{"unit":"px","top":"0","right":"0","bottom":"0","left":"0","isLinked":false},"subtitle_padding":{"unit":"px","top":"0","right":"0","bottom":"0","left":"0","isLinked":false},"section_margin":{"unit":"px","top":"0","right":"0","bottom":"0","left":"0","isLinked":false},"section_padding":{"unit":"px","top":"0","right":"0","bottom":"0","left":"0","isLinked":false},"sub_typography_line_height":{"unit":"em","size":1.1999999999999999555910790149937383830547332763671875}},"elements":[],"isInner":false,"widgetType":"xooapp-section-heading","elType":"widget"}],"isInner":true,"elType":"column"}],"isInner":true,"elType":"section"}],"isInner":false,"elType":"column"}],"isInner":false,"elType":"section"},{"id":"512e96e9","settings":{"margin":{"unit":"px","top":"100","right":0,"bottom":"100","left":0,"isLinked":true},"heading_color":"#c9c9c9","color_text":"#848484","html_tag":"div","gap":"no","margin_mobile":{"unit":"px","top":"0","right":0,"bottom":"0","left":0,"isLinked":false},"padding_mobile":{"unit":"px","top":"50","right":"0","bottom":"50","left":"0","isLinked":false}},"elements":[{"id":"53bfeaad","settings":{"_column_size":100},"elements":[{"id":"454695e1","settings":{"structure":"20","html_tag":"div","content_position":"middle","gap":"no"},"elements":[{"id":"5e2d109a","settings":{"_column_size":50,"_inline_size":null,"padding":{"unit":"px","top":"0","right":"45","bottom":"0","left":"45","isLinked":false},"padding_tablet":{"unit":"px","top":"0","right":"0","bottom":"0","left":"0","isLinked":false},"padding_mobile":{"unit":"px","top":"0","right":"0","bottom":"0","left":"0","isLinked":false}},"elements":[{"id":"27779421","settings":{"title":"Capture all your thoughts","size":"xxl","title_color":"#0c0c0c","typography_typography":"custom"},"elements":[],"isInner":false,"widgetType":"xooapp-heading","elType":"widget"},{"id":"74c1575c","settings":{"editor":"<p class=\"animated fadeInLeft visible\" data-animation=\"fadeInLeft\" data-animation-delay=\"400\">An nullam tempor sapien, eget gravida donec enim ipsum porta justo integer at odio velna vitae auctor integer congue magna undo impedit. Gravida magna lacus odio ac risus auctor tempus dolor feugiat lacinia risus orci auctor purus pretium ligula<\/p><blockquote><p>\"Lorem ipsum dolor sit amet, consectetuer adipiscing elit. Aenean magna ligula eget dolor suscipit egestas viverra dolor iaculis luctus magna suscipit egestas \"<\/p><\/blockquote><div class=\"quote-avatar\"><img class=\"alignnone size-full wp-image-86\" src=\"http:\/\/jthemes.org\/wp\/xooapp\/wp-content\/uploads\/2018\/10\/quote-avatar.jpg\" alt=\"\" width=\"120\" height=\"120\" \/><\/div><div class=\"quote-author\"><h5 class=\"h5-xs\">Leslie Serpas<\/h5><p><span class=\"grey-color\">Designer of XooApp<\/span><\/p><\/div>","typography_typography":"custom","align_mobile":"left"},"elements":[],"isInner":false,"widgetType":"text-editor","elType":"widget"}],"isInner":true,"elType":"column"},{"id":"9e6745b","settings":{"_column_size":50,"_inline_size":null},"elements":[{"id":"221f576f","settings":{"image":{"id":65,"url":"http:\/\/jthemes.org\/wp\/xooapp\/wp-content\/uploads\/2018\/10\/image-09.png"},"_animation":"fadeInLeft","_margin_mobile":{"unit":"px","top":"30","right":"0","bottom":"0","left":"0","isLinked":false}},"elements":[],"isInner":false,"widgetType":"image","elType":"widget"}],"isInner":true,"elType":"column"}],"isInner":true,"elType":"section"}],"isInner":false,"elType":"column"}],"isInner":false,"elType":"section"},{"id":"d8dcac9","settings":{"padding":{"unit":"px","top":"100","right":"0","bottom":"100","left":"0","isLinked":false},"html_tag":"div","background_background":"classic","background_color":"#343a40","background_image":{"url":"http:\/\/jthemes.org\/wp\/xooapp\/wp-content\/uploads\/2018\/10\/tra-bg-2.png","id":98},"gap":"no","content_position":"middle","background_attachment":"fixed","background_repeat":"no-repeat","text_align":"center"},"elements":[{"id":"121ceec3","settings":{"_column_size":100,"_inline_size":null},"elements":[{"id":"4173a5fb","settings":{"team_name":"Jonathan Barnes","designation":"Founder","social_list":[{"social_name":"Facebook","social_icon":"fa fa-facebook","_id":"a8a8d0f","social_link":"Social Link","list_color":""},{"social_name":"Twitter","social_icon":"fa fa-twitter","_id":"5d33090","social_link":"Social Link","list_color":""},{"social_name":"Dribbble","social_icon":"fa fa-dribbble","_id":"f620987","social_link":"Social Link","list_color":""}],"counter_list":[{"counter_name":"Happy Client","counter_icon":"","counter_number":"1154","_id":"570bf68","width":{"unit":"px","top":"0","right":"1","bottom":"1","left":"0","isLinked":false},"color":"#2d2d2d","border_type":"solid","border_width":{"unit":"px","top":"0","right":"0","bottom":"0","left":"0","isLinked":false},"border_color":"#dddddd"},{"counter_name":"Tickets Closed","counter_icon":"","counter_number":"409","_id":"d1b975c","width":{"unit":"px","top":"","right":"","bottom":"","left":"","isLinked":true},"color":"","border_type":"solid","border_width":{"unit":"px","top":"0","right":"0","bottom":"0","left":"0","isLinked":false},"border_color":"#dddddd"},{"counter_name":"Followers","counter_icon":"","counter_number":"869","_id":"bf65d72","width":{"unit":"px","top":"","right":"","bottom":"","left":"","isLinked":true},"color":"","border_type":"solid","border_width":{"unit":"px","top":"0","right":"0","bottom":"0","left":"0","isLinked":false},"border_color":"#dddddd"},{"counter_name":"Cups of Coffee","counter_icon":"","counter_number":"901","_id":"e8a2c00","width":{"unit":"px","top":"","right":"","bottom":"","left":"","isLinked":true},"color":"","border_type":"","border_width":{"unit":"px","top":"0","right":"0","bottom":"0","left":"1","isLinked":false},"border_color":"#dddddd"}],"number_color":"#ffffff","description_color":"#ffffff","description_typography_typography":"custom","column_no":"col-md-3","_margin":{"unit":"px","top":"0","right":"0","bottom":"0","left":"0","isLinked":false},"_padding":{"unit":"px","top":"0","right":"0","bottom":"0","left":"0","isLinked":false}},"elements":[],"isInner":false,"widgetType":"xooapp-counter","elType":"widget"},{"id":"11f3cf7b","settings":{"editor":"Curabitur ac dapibus libero quisque eu tristique neque euismod purus lobortis ipsum neque dolor primis <br> justo ut aliquam. Vitae molestie nunc quisque sapien justo aliquet molestie","align":"center","text_color":"#ffffff","typography_typography":"custom","typography_font_size":{"unit":"px","size":18}},"elements":[],"isInner":false,"widgetType":"text-editor","elType":"widget"}],"isInner":false,"elType":"column"}],"isInner":false,"elType":"section"},{"id":"44f3308","settings":{"html_tag":"div","padding_mobile":{"unit":"px","top":"50","right":"0","bottom":"50","left":"0","isLinked":false}},"elements":[{"id":"4622da5e","settings":{"_column_size":100,"padding":{"unit":"px","top":"100","right":"0","bottom":"100","left":"0","isLinked":false}},"elements":[{"id":"86f2a67","settings":{"title":"Apps by DSAThemes\n","align":"center","subheading_title":"Aliquam a augue suscipit, luctus neque purus ipsum neque dolor primis libero tempus, tempor posuere ligula varius","title_color":"#0c0c0c","typography_typography":"custom","sub_title_color":"#0c0c0c","sub_typography_typography":"custom","title_margin":{"unit":"px","top":"0","right":"0","bottom":"20","left":"0","isLinked":false}},"elements":[],"isInner":false,"widgetType":"xooapp-section-heading","elType":"widget"},{"id":"2585834b","settings":{"structure":"30","content_width":{"unit":"px","size":950},"html_tag":"div"},"elements":[{"id":"3e701d56","settings":{"_column_size":33,"_inline_size":null,"margin_mobile":{"unit":"px","top":"0","right":"0","bottom":"30","left":"0","isLinked":false}},"elements":[{"id":"7f05956b","settings":{"title_text":"Eventador","description_text":"Aliquam a augue luctus neque purus ipsum neque dolor primis suscipit","text_align":"center","feature_image":{"id":10,"url":"http:\/\/jthemes.org\/wp\/xooapp\/wp-content\/uploads\/2018\/10\/app-logo-1.png"},"sub_title_text":"Productivity","icon_space":{"unit":"px","size":23},"title_bottom_space":{"unit":"px","size":0},"shape":"square","social_list":[{"social_name":"IOS","social_icon":"fa fa-apple","social_link":"#","_id":"cddb6ba"},{"social_name":"Android","social_icon":"fa fa-android","social_link":"#","_id":"abfe8a5"}],"font_gradient_primary_color":"#888888","font_gradient_secondary_color":"#888888","primary_color":"#0c0000","hover_primary_color":"#e2e2e2","description_typography_typography":"custom","description_typography_font_weight":"300"},"elements":[],"isInner":false,"widgetType":"feature-box","elType":"widget"}],"isInner":true,"elType":"column"},{"id":"18ece76","settings":{"_column_size":33,"_inline_size":null,"margin_mobile":{"unit":"px","top":"0","right":"0","bottom":"30","left":"0","isLinked":false}},"elements":[{"id":"192a5a5b","settings":{"title_text":"UniSet","description_text":"Aliquam a augue luctus neque purus ipsum neque dolor primis suscipit","text_align":"center","feature_image":{"id":11,"url":"http:\/\/jthemes.org\/wp\/xooapp\/wp-content\/uploads\/2018\/10\/app-logo-2.png"},"sub_title_text":"Social Networking","icon_space":{"unit":"px","size":23},"title_bottom_space":{"unit":"px","size":0},"font_gradient_primary_color":"#888888","font_gradient_secondary_color":"#888888","primary_color":"#0c0000","social_list":[{"social_name":"Apple","social_icon":"fa fa-apple","social_link":"","_id":"8e215af"},{"social_name":"Android","social_icon":"fa fa-android","social_link":"","_id":"f7a54a4"}],"description_typography_typography":"custom","description_typography_font_weight":"300"},"elements":[],"isInner":false,"widgetType":"feature-box","elType":"widget"}],"isInner":true,"elType":"column"},{"id":"2b02abc6","settings":{"_column_size":33,"_inline_size":null},"elements":[{"id":"44180cb9","settings":{"title_text":"LeekApp","description_text":"Aliquam a augue luctus neque purus ipsum neque dolor primis suscipit","text_align":"center","feature_image":{"id":12,"url":"http:\/\/jthemes.org\/wp\/xooapp\/wp-content\/uploads\/2018\/10\/app-logo-3.png"},"sub_title_text":"Finance","icon_space":{"unit":"px","size":23},"title_bottom_space":{"unit":"px","size":0},"social_list":[{"social_name":"IOS","social_icon":"fa fa-apple","social_link":"#","_id":"8eca15d"},{"social_name":"Android","social_icon":"fa fa-android","social_link":"#","_id":"0f9814e"}],"font_gradient_primary_color":"#888888","font_gradient_secondary_color":"#888888","description_typography_typography":"custom","description_typography_font_size":{"unit":"px","size":15},"description_typography_font_weight":"300"},"elements":[],"isInner":false,"widgetType":"feature-box","elType":"widget"}],"isInner":true,"elType":"column"}],"isInner":true,"elType":"section"}],"isInner":false,"elType":"column"}],"isInner":false,"elType":"section"},{"id":"637fb0f9","settings":{"background_background":"classic","background_color":"#f2f2f2","padding":{"unit":"px","top":"100","right":"0","bottom":"100","left":"0","isLinked":false},"html_tag":"div","gap":"no","padding_mobile":{"unit":"px","top":"50","right":"0","bottom":"50","left":"0","isLinked":false}},"elements":[{"id":"23973a2b","settings":{"_column_size":100,"_inline_size":null},"elements":[{"id":"b93976f","settings":{"title":"Customers Feedback\n","subheading_title":"Aliquam a augue suscipit, luctus neque purus ipsum neque dolor primis libero tempus, tempor posuere ligula varius","title_color":"#0c0c0c","sub_title_color":"#0c0c0c","sub_typography_typography":"custom","subtitle_margin":{"unit":"px","top":"0","right":"0","bottom":"0","left":"0","isLinked":true},"subtitle_padding":{"unit":"%","top":"","right":"","bottom":"","left":"","isLinked":true},"section_margin":{"unit":"px","top":"0","right":"0","bottom":"0","left":"0","isLinked":false},"section_padding":{"unit":"%","top":"","right":"","bottom":"","left":"","isLinked":true}},"elements":[],"isInner":false,"widgetType":"xooapp-section-heading","elType":"widget"},{"id":"5221b144","settings":{"html_tag":"div"},"elements":[{"id":"485f45","settings":{"_column_size":100,"_inline_size":null,"margin_mobile":{"unit":"px","top":"-85","right":"0","bottom":"-35","left":"0","isLinked":false},"padding_mobile":{"unit":"px","top":"0","right":"0","bottom":"0","left":"0","isLinked":false}},"elements":[{"id":"5a49009a","settings":{"testimonial_option":[{"title":"Jonathan Morgan","designation":"Marketting","testimoni_content_title":"Super Support","testimoni_content":"Enim ad minim veniam, quis nostrud exercitation ullamco laboris nisi ut aliquip ex ea commodo conse quat. Duis aute irure dolor in reprehenderit in voluptate.","testimoni_image":{"url":"http:\/\/jthemes.org\/wp\/xooapp\/wp-content\/plugins\/xooapp-master\/assets\/images\/review-author-1.jpg"},"testimonial_rating":"<i class=\"fa fa-star\"><\/i><i class=\"fa fa-star\"><\/i><i class=\"fa fa-star\"><\/i><i class=\"fa fa-star\"><\/i><i class=\"fa fa-star\"><\/i>","_id":"a83175c"},{"title":"Harsul Hisham","designation":"Engineer","testimoni_content_title":"What a theme!","testimoni_content":"Enim ad minim veniam, quis nostrud exercitation ullamco laboris nisi ut aliquip ex ea commodo conse quat. Duis aute irure dolor in reprehenderit in voluptate.","testimoni_image":{"url":"http:\/\/jthemes.org\/wp\/xooapp\/wp-content\/plugins\/xooapp-master\/assets\/images\/review-author-2.jpg"},"testimonial_rating":"<i class=\"fa fa-star\"><\/i><i class=\"fa fa-star\"><\/i><i class=\"fa fa-star\"><\/i><i class=\"fa fa-star\"><\/i><i class=\"fa fa-star\"><\/i>","_id":"38005a2"},{"title":"Teem Southy","designation":"Developer","testimoni_content_title":"Outstanding Support","testimoni_content":"Enim ad minim veniam, quis nostrud exercitation ullamco laboris nisi ut aliquip ex ea commodo conse quat. Duis aute irure dolor in reprehenderit in voluptate.","testimoni_image":{"url":"http:\/\/jthemes.org\/wp\/xooapp\/wp-content\/plugins\/xooapp-master\/assets\/images\/review-author-3.jpg"},"testimonial_rating":"<i class=\"fa fa-star\"><\/i><i class=\"fa fa-star\"><\/i><i class=\"fa fa-star\"><\/i><i class=\"fa fa-star\"><\/i><i class=\"fa fa-star\"><\/i>","_id":"bb9db2a"},{"title":"Harsul Hisham","designation":"Engineer","testimoni_content_title":"Happy!!","testimoni_content":"Enim ad minim veniam, quis nostrud exercitation ullamco laboris nisi ut aliquip ex ea commodo conse quat. Duis aute irure dolor in reprehenderit in voluptate.","testimoni_image":{"url":"http:\/\/jthemes.org\/wp\/xooapp\/wp-content\/plugins\/xooapp-master\/assets\/images\/review-author-4.jpg"},"testimonial_rating":"<i class=\"fa fa-star\"><\/i><i class=\"fa fa-star\"><\/i><i class=\"fa fa-star\"><\/i><i class=\"fa fa-star\"><\/i><i class=\"fa fa-star-o\"><\/i>","_id":"fb14771"},{"title":"Jake Margin","designation":"Marketing","testimoni_content_title":"Nice Person","testimoni_content":"Enim ad minim veniam, quis nostrud exercitation ullamco laboris nisi ut aliquip ex ea commodo conse quat. Duis aute irure dolor in reprehenderit in voluptate.","testimoni_image":{"url":"http:\/\/jthemes.org\/wp\/xooapp\/wp-content\/plugins\/xooapp-master\/assets\/images\/review-author-5.jpg"},"testimonial_rating":"<i class=\"fa fa-star\"><\/i><i class=\"fa fa-star\"><\/i><i class=\"fa fa-star\"><\/i><i class=\"fa fa-star\"><\/i><i class=\"fa fa-star\"><\/i>","_id":"c3eda0f"}],"content_typography_typography":"custom","content_typography_font_weight":"300","bg_color":"rgba(255,255,255,0)","item_center_bg_color":"rgba(255,255,255,0)","_margin_mobile":{"unit":"px","top":"0","right":"0","bottom":"0","left":"0","isLinked":false},"_padding_mobile":{"unit":"px","top":"0","right":"0","bottom":"0","left":"0","isLinked":false}},"elements":[],"isInner":false,"widgetType":"xooapp-testimonials","elType":"widget"}],"isInner":true,"elType":"column"}],"isInner":true,"elType":"section"}],"isInner":false,"elType":"column"}],"isInner":false,"elType":"section"},{"id":"4b19b7e6","settings":{"background_background":"classic","background_color":"#ffffff","background_position":"bottom center","background_attachment":"fixed","background_repeat":"no-repeat","padding":{"unit":"px","top":"100","right":"0","bottom":"100","left":"0","isLinked":false},"html_tag":"div","_element_id":"how_it_works","gap":"no","content_position":"middle","structure":"20","padding_mobile":{"unit":"px","top":"50","right":"0","bottom":"50","left":"0","isLinked":false}},"elements":[{"id":"60c10b58","settings":{"_column_size":50,"_inline_size":null,"padding":{"unit":"px","top":"0","right":"45","bottom":"0","left":"45","isLinked":false}},"elements":[{"id":"32267705","settings":{"icon":"pe-7s-graph1","title_text":"Viverra suscipit egestas magna porta ratione mollis","description_text":"Velna iaculis odio auctor integer congue impedit magna at dolor vitae gravida donec mauris lectus luctus ultrice tellus viverra potenti neque","position":"left","primary_color":"#44ce56","title_typography_typography":"custom","title_typography_font_size":{"unit":"px","size":20},"title_typography_line_height":{"unit":"px","size":26},"description_typography_font_size":{"unit":"px","size":2},"_animation":"fadeInLeft","_animation_delay":300},"elements":[],"isInner":false,"widgetType":"icon-box","elType":"widget"},{"id":"44a39871","settings":{"icon":"pe-7s-mail-open-file","title_text":"Magna porta mollis rutrum","description_text":"Velna iaculis odio auctor integer congue impedit magna viverra at dolor vitae donec mauris lectus laoreet gestas neque feugiat primis\n\n","position":"left","primary_color":"#44ce56","title_typography_typography":"custom","title_typography_font_size":{"unit":"px","size":20},"title_typography_font_weight":"700","title_typography_line_height":{"unit":"px","size":26},"_animation":"fadeInLeft","_animation_delay":400},"elements":[],"isInner":false,"widgetType":"icon-box","elType":"widget"},{"id":"6b15a2a","settings":{"icon":"pe-7s-door-lock","title_text":"Magna porta ratione sodales at mollis sapien","description_text":"Velna iaculis odio gravida auctor integer congue magna viverra at dolor vitae donec mauris lectus laoreet impedit gestas neque feugiat primis\n\n","position":"left","primary_color":"#44ce56","title_typography_typography":"custom","title_typography_font_size":{"unit":"px","size":20},"title_typography_font_weight":"700","title_typography_line_height":{"unit":"px","size":26},"_animation":"fadeInLeft","_animation_delay":500},"elements":[],"isInner":false,"widgetType":"icon-box","elType":"widget"}],"isInner":false,"elType":"column"},{"id":"f2d4dec","settings":{"_column_size":50,"_inline_size":null},"elements":[{"id":"3c41037f","settings":{"image":{"url":"http:\/\/jthemes.org\/wp\/xooapp\/wp-content\/uploads\/2018\/10\/image-12.png","id":68},"_animation":"fadeInRight","_margin_mobile":{"unit":"px","top":"30","right":"0","bottom":"0","left":"0","isLinked":false}},"elements":[],"isInner":false,"widgetType":"image","elType":"widget"}],"isInner":false,"elType":"column"}],"isInner":false,"elType":"section"},{"id":"1675fddd","settings":{"background_background":"classic","background_color":"#783bb1","background_image":{"url":"http:\/\/jthemes.org\/wp\/xooapp\/wp-content\/uploads\/2018\/10\/tra-bg-1.png","id":97},"background_attachment":"fixed","text_align":"center","padding":{"unit":"px","top":"100","right":"0","bottom":"100","left":"0","isLinked":false},"padding_mobile":{"unit":"px","top":"50","right":"0","bottom":"50","left":"0","isLinked":false}},"elements":[{"id":"60b882cb","settings":{"_column_size":100},"elements":[{"id":"68a804d7","settings":{"title":"Get Active Together. Start Today\n","subheading_title":"Feugiat eros, ac tincidunt ligula massa in faucibus orci luctus et ultrices posuere cubilia curae<br> integer congue leo metus, eu mollis lorem primis in orci integer metus mollis faucibus\n\n","title_color":"#ffffff","typography_typography":"custom","title_margin":{"unit":"px","top":"0","right":"0","bottom":"0","left":"0","isLinked":false},"sub_title_color":"#ffffff","sub_typography_typography":"custom","_margin":{"unit":"px","top":"0","right":"0","bottom":"-15","left":"0","isLinked":false},"subtitle_padding":{"unit":"px","top":"5","right":"0","bottom":"0","left":"0","isLinked":false},"section_margin":{"unit":"%","top":"","right":"","bottom":"","left":"","isLinked":false},"section_padding":{"unit":"px","top":"0","right":"0","bottom":"0","left":"0","isLinked":false}},"elements":[],"isInner":false,"widgetType":"xooapp-section-heading","elType":"widget"},{"id":"62bd11b1","settings":{"app_image_one":{"url":"http:\/\/jthemes.org\/wp\/xooapp\/wp-content\/uploads\/2018\/10\/appstore-tra-white.png","id":145},"app_image_two":{"url":"http:\/\/jthemes.org\/wp\/xooapp\/wp-content\/uploads\/2018\/10\/googleplay-tra-white.png","id":148}},"elements":[],"isInner":false,"widgetType":"xooapp_app_info","elType":"widget"}],"isInner":false,"elType":"column"}],"isInner":false,"elType":"section"},{"id":"32cea819","settings":{"padding":{"unit":"px","top":"100","right":"0","bottom":"0","left":"0","isLinked":false},"html_tag":"div","gap":"no","background_background":"classic","background_image":{"url":"http:\/\/jthemes.org\/wp\/xooapp\/wp-content\/uploads\/2018\/10\/tra-waves.png","id":99},"background_position":"bottom center","background_repeat":"no-repeat","_element_id":"faqs","padding_mobile":{"unit":"px","top":"50","right":"0","bottom":"50","left":"0","isLinked":false}},"elements":[{"id":"27fdff14","settings":{"_column_size":100},"elements":[{"id":"47efe87f","settings":{"title":"Troubles with XooApp?\n","subheading_title":"Aliquam a augue suscipit, luctus neque purus ipsum neque dolor <br>primis libero tempus, tempor posuere ligula varius","typography_typography":"custom","typography_font_size":{"unit":"px","size":60},"sub_typography_typography":"custom","title_margin":{"unit":"px","top":"0","right":"0","bottom":"0","left":"0","isLinked":false},"subtitle_margin":{"unit":"px","top":"0","right":"0","bottom":"0","left":"0","isLinked":false},"subtitle_padding":{"unit":"px","top":"0","right":"0","bottom":"0","left":"0","isLinked":false},"section_margin":{"unit":"%","top":"","right":"","bottom":"","left":"","isLinked":true},"section_padding":{"unit":"px","top":"0","right":"0","bottom":"0","left":"0","isLinked":false}},"elements":[],"isInner":false,"widgetType":"xooapp-section-heading","elType":"widget"},{"id":"25b5c22d","settings":{"structure":"20","layout":"full_width","gap":"no","html_tag":"div","background_position":"bottom center"},"elements":[{"id":"7cc0e949","settings":{"_column_size":50,"_inline_size":null,"padding":{"unit":"px","top":"0","right":"45","bottom":"0","left":"45","isLinked":false}},"elements":[{"id":"66e6f909","settings":{"editor":"<div class=\"question animated fadeInUp visible\" data-animation=\"fadeInUp\" data-animation-delay=\"300\"><h5 class=\"h5-sm\">Lobortis sit magna ornare magna egestas?<\/h5><p>Etiam sit amet mauris suscipit sit amet in odio. Integer congue leo metus. Vitae arcu mollis blandit ultrice ligula egestas magna suscipit lectus magna suscipit luctus undo blandit vitae purus laoreet<\/p><\/div><div class=\"question animated fadeInUp visible\" data-animation=\"fadeInUp\" data-animation-delay=\"400\"><h5 class=\"h5-sm\">Placeat axime facere omnis volute?<\/h5><p>An augue egestas an ipsum vitae emo ligula volute ante ipsum primis in faucibus sit ametn in odio. Integer congue leo metus, eu mollis lorem viverra suscipit lectus magna<\/p><\/div><div class=\"question animated fadeInUp visible\" data-animation=\"fadeInUp\" data-animation-delay=\"500\"><h5 class=\"h5-sm\">An interdum lobortis pretium ornare?<\/h5><p>Feugiat eros, ac tincidunt ligula massa in faucibus orci luctus et ultrices posuere cubilia curae<\/p><\/div><div class=\"question animated fadeInUp visible\" data-animation=\"fadeInUp\" data-animation-delay=\"600\"><h5 class=\"h5-sm\">Interdum lobortis pretium ornare?<\/h5><p>Praesent semper, lacus sed cursus porta, odio augue ligula massa risus laoreet. Laoreet auctor massa varius egestas amet mauris suscipit semper lacus sed cursus porta feugiat primis<\/p><\/div>","typography_typography":"custom","typography_font_size":{"unit":"px","size":16}},"elements":[],"isInner":false,"widgetType":"text-editor","elType":"widget"}],"isInner":true,"elType":"column"},{"id":"36dbd1e8","settings":{"_column_size":50,"_inline_size":null,"padding":{"unit":"px","top":"0","right":"45","bottom":"0","left":"45","isLinked":false}},"elements":[{"id":"2ae91dc2","settings":{"editor":"<div class=\"question animated fadeInUp visible\" data-animation=\"fadeInUp\" data-animation-delay=\"300\"><h5 class=\"h5-sm\">Aliquam dapibus pretium ornare?<\/h5><p>Feugiat eros ligula massa lipsum primis in orci luctus et ultrices posuere cubilia curae congue lorem. ante ipsum primis in faucibus bibendum sit amet in odio<\/p><\/div><div class=\"question animated fadeInUp visible\" data-animation=\"fadeInUp\" data-animation-delay=\"400\"><h5 class=\"h5-sm\">Pretium purus lacus tempor an ipsum vitae augue egestas emo ligula?<\/h5><p>Praesent semper lacus sed cursus porta, feugiat primis in orci luctus ligula eros ac ligula massa in faucibus orci luctus et ultrices posuere ante ipsum primis in faucibus bibendum sit amet in odio.<\/p><\/div><div class=\"question animated fadeInUp visible\" data-animation=\"fadeInUp\" data-animation-delay=\"500\"><h5 class=\"h5-sm\">Dapibus lobortis pretium ornare?<\/h5><p>Praesent semper, lacus sed cursus porta,feugiat primis in faucibus orci luctus tincidunt ligula ultrice sapien egestas lobortis magna<\/p><\/div><div class=\"question animated fadeInUp visible\" data-animation=\"fadeInUp\" data-animation-delay=\"600\"><h5 class=\"h5-sm\">Interdum lobortis pretium ornare?<\/h5><p>Feugiat eros, ac tincidunt ligula massa in faucibus orci luctus et ultrices posuere cubilia curae integer congue leo metus, eu mollis lorem primis in orci<\/p><\/div>"},"elements":[],"isInner":false,"widgetType":"text-editor","elType":"widget"}],"isInner":true,"elType":"column"}],"isInner":true,"elType":"section"}],"isInner":false,"elType":"column"}],"isInner":false,"elType":"section"},{"id":"3c0f7130","settings":{"background_background":"classic","background_color":"#f0f0f0","padding":{"unit":"px","top":"100","right":"0","bottom":"100","left":"0","isLinked":false},"content_position":"middle","text_align":"center","html_tag":"div","padding_mobile":{"unit":"px","top":"50","right":"0","bottom":"50","left":"0","isLinked":false}},"elements":[{"id":"42876aa3","settings":{"_column_size":100},"elements":[{"id":"6bb91f6f","settings":{"title":"Press About XooApp\n","subheading_title":"Aliquam a augue suscipit, luctus neque purus ipsum neque dolor  primis libero tempus, tempor posuere ligula varius","typography_typography":"custom","sub_typography_typography":"custom","title_margin":{"unit":"px","top":"0","right":"0","bottom":"0","left":"0","isLinked":false}},"elements":[],"isInner":false,"widgetType":"xooapp-section-heading","elType":"widget"},{"id":"31ebc8ad","settings":{"structure":"40","html_tag":"div"},"elements":[{"id":"5c7745c3","settings":{"_column_size":25,"_inline_size":null,"margin_mobile":{"unit":"px","top":"0","right":"0","bottom":"30","left":"0","isLinked":false}},"elements":[{"id":"3d3660b5","settings":{"title_text":"","description_text":"","image":{"url":"http:\/\/jthemes.org\/wp\/xooapp\/wp-content\/uploads\/2018\/10\/press-1.png","id":82},"image_space":{"unit":"px","size":0},"image_size":{"unit":"%","size":80},"hover_animation":"grow","css_filters_css_filter":"custom","css_filters_hover_css_filter":"custom","_padding":{"unit":"px","top":"40","right":"40","bottom":"40","left":"40","isLinked":true},"_background_background":"classic","_background_color":"#ffffff","_box_shadow_box_shadow_type":"yes","_box_shadow_box_shadow":{"horizontal":0,"vertical":0,"blur":17,"spread":3,"color":"rgba(0,0,0,0.13)"}},"elements":[],"isInner":false,"widgetType":"image-box","elType":"widget"}],"isInner":true,"elType":"column"},{"id":"1e06f0a2","settings":{"_column_size":25,"_inline_size":null,"margin_mobile":{"unit":"px","top":"0","right":"0","bottom":"30","left":"0","isLinked":false}},"elements":[{"id":"41b5786f","settings":{"title_text":"","description_text":"","image":{"url":"http:\/\/jthemes.org\/wp\/xooapp\/wp-content\/uploads\/2018\/10\/press-2.png","id":83},"image_space":{"unit":"px","size":0},"image_size":{"unit":"%","size":80},"hover_animation":"grow","css_filters_css_filter":"custom","css_filters_hover_css_filter":"custom","_padding":{"unit":"px","top":"40","right":"40","bottom":"40","left":"40","isLinked":true},"_background_background":"classic","_background_color":"#ffffff","_box_shadow_box_shadow_type":"yes","_box_shadow_box_shadow":{"horizontal":0,"vertical":0,"blur":17,"spread":3,"color":"rgba(0,0,0,0.13)"}},"elements":[],"isInner":false,"widgetType":"image-box","elType":"widget"}],"isInner":true,"elType":"column"},{"id":"3caff414","settings":{"_column_size":25,"_inline_size":null,"margin_mobile":{"unit":"px","top":"0","right":"0","bottom":"30","left":"0","isLinked":false}},"elements":[{"id":"7f9f1100","settings":{"title_text":"","description_text":"","image":{"url":"http:\/\/jthemes.org\/wp\/xooapp\/wp-content\/uploads\/2018\/10\/press-3.png","id":84},"image_space":{"unit":"px","size":0},"image_size":{"unit":"%","size":80},"hover_animation":"grow","css_filters_css_filter":"custom","css_filters_hover_css_filter":"custom","_padding":{"unit":"px","top":"40","right":"40","bottom":"40","left":"40","isLinked":true},"_background_background":"classic","_background_color":"#ffffff","_box_shadow_box_shadow_type":"yes","_box_shadow_box_shadow":{"horizontal":0,"vertical":0,"blur":17,"spread":3,"color":"rgba(0,0,0,0.13)"}},"elements":[],"isInner":false,"widgetType":"image-box","elType":"widget"}],"isInner":true,"elType":"column"},{"id":"40947471","settings":{"_column_size":25,"_inline_size":null},"elements":[{"id":"72daac0","settings":{"title_text":"","description_text":"","image":{"url":"http:\/\/jthemes.org\/wp\/xooapp\/wp-content\/uploads\/2018\/10\/press-4.png","id":85},"image_space":{"unit":"px","size":0},"image_size":{"unit":"%","size":80},"hover_animation":"grow","css_filters_css_filter":"custom","css_filters_hover_css_filter":"custom","_padding":{"unit":"px","top":"40","right":"40","bottom":"40","left":"40","isLinked":true},"_background_background":"classic","_background_color":"#ffffff","_box_shadow_box_shadow_type":"yes","_box_shadow_box_shadow":{"horizontal":0,"vertical":0,"blur":17,"spread":3,"color":"rgba(0,0,0,0.13)"}},"elements":[],"isInner":false,"widgetType":"image-box","elType":"widget"}],"isInner":true,"elType":"column"}],"isInner":true,"elType":"section"},{"id":"26bcde95","settings":{"title":"","subheading_title":"Semper lacus cursus porta, feugiat primis in luctus ultrice tellus potenti neque dolor primis in posuere magna nec augue ipsum primis risus auctor purus pretium","typography_typography":"custom","sub_typography_typography":"custom","_padding":{"unit":"px","top":"40","right":"0","bottom":"0","left":"0","isLinked":false},"header_size":"span","title_margin_mobile":{"unit":"px","top":"0","right":"0","bottom":"0","left":"0","isLinked":true},"subtitle_margin":{"unit":"px","top":"0","right":"0","bottom":"0","left":"0","isLinked":false},"subtitle_padding":{"unit":"%","top":"","right":"","bottom":"","left":"","isLinked":false},"section_margin":{"unit":"px","top":"0","right":"0","bottom":"0","left":"0","isLinked":false},"section_padding":{"unit":"px","top":"0","right":"0","bottom":"0","left":"0","isLinked":false}},"elements":[],"isInner":false,"widgetType":"xooapp-section-heading","elType":"widget"},{"id":"5073db2e","settings":{"text":"What Our Clients Say","align":"center","background_color":"rgba(0,0,0,0)","text_padding":{"unit":"px","top":"0","right":"0","bottom":"0","left":"0","isLinked":false},"_margin":{"unit":"px","top":"0","right":"0","bottom":"0","left":"0","isLinked":true},"_css_classes":"btn btn-lightgreen"},"elements":[],"isInner":false,"widgetType":"button","elType":"widget"}],"isInner":false,"elType":"column"}],"isInner":false,"elType":"section"},{"id":"894ec78","settings":{"padding":{"unit":"px","top":"100","right":"0","bottom":"100","left":"0","isLinked":false},"html_tag":"div","_element_id":"blog","padding_mobile":{"unit":"px","top":"50","right":"0","bottom":"50","left":"0","isLinked":false}},"elements":[{"id":"4b9802b8","settings":{"_column_size":100},"elements":[{"id":"568cd03e","settings":{"title":"Our Latest News\n","subheading_title":"Aliquam a augue suscipit, luctus neque purus ipsum neque dolor primis  libero tempus, tempor posuere ligula varius","sub_typography_typography":"custom","title_margin":{"unit":"px","top":"0","right":"0","bottom":"0","left":"0","isLinked":false}},"elements":[],"isInner":false,"widgetType":"xooapp-section-heading","elType":"widget"},{"id":"4cf3af50","settings":{"read_more_text":"More Details","title_typography_typography":"custom","title_typography_font_family":"Montserrat","title_hover_color":"#888888","description_typography_typography":"custom","title_typography_font_weight":"700","title_typography_font_size":{"unit":"px","size":19}},"elements":[],"isInner":false,"widgetType":"xooapp_blog","elType":"widget"}],"isInner":false,"elType":"column"}],"isInner":false,"elType":"section"},{"id":"368c205d","settings":{"content_position":"middle","background_background":"classic","background_color":"#444444","background_image":{"url":"http:\/\/jthemes.org\/wp\/xooapp\/wp-content\/uploads\/2018\/10\/tra-bg-2.png","id":98},"background_position":"bottom right","background_attachment":"fixed","background_repeat":"no-repeat","background_size":"cover","padding":{"unit":"px","top":"100","right":"0","bottom":"100","left":"0","isLinked":false},"html_tag":"div","content_width":{"unit":"px","size":960},"padding_mobile":{"unit":"px","top":"50","right":"0","bottom":"50","left":"0","isLinked":false}},"elements":[{"id":"1f138b0f","settings":{"_column_size":100,"_inline_size":null},"elements":[{"id":"61163f27","settings":{"title":"Looking For Support?","header_size":"h1","align":"center","subheading_title":"Got a Question? We'd love to hear from you. Send us a message and  we will respond you as soon as possible","title_color":"#ffffff","typography_font_size":{"unit":"px","size":60},"sub_title_color":"#ffffff","sub_typography_typography":"custom","subtitle_margin":{"unit":"%","top":"","right":"","bottom":"","left":"","isLinked":false},"subtitle_padding":{"unit":"px","top":"0","right":"0","bottom":"0","left":"0","isLinked":false},"_padding_mobile":{"unit":"px","top":"0","right":"0","bottom":"0","left":"0","isLinked":false}},"elements":[],"isInner":false,"widgetType":"xooapp-section-heading","elType":"widget"},{"id":"213de032","settings":{"content_position":"middle","html_tag":"div"},"elements":[{"id":"64cf5729","settings":{"_column_size":100,"_inline_size":null},"elements":[{"id":"618162b","settings":{"html":"[contact-form-7 id=\"5\" title=\"Contact form 1\"]"},"elements":[],"isInner":false,"widgetType":"html","elType":"widget"}],"isInner":true,"elType":"column"}],"isInner":true,"elType":"section"}],"isInner":false,"elType":"column"}],"isInner":false,"elType":"section"},{"id":"13fca7ca","settings":{"html_tag":"div","structure":"40","padding":{"unit":"px","top":"100","right":"0","bottom":"30","left":"0","isLinked":false},"background_background":"classic","background_color":"#ffffff","padding_mobile":{"unit":"px","top":"50","right":"0","bottom":"50","left":"0","isLinked":false}},"elements":[{"id":"4eb2739e","settings":{"_column_size":25,"_inline_size":33.24600000000000221689333557151257991790771484375},"elements":[{"id":"35995ed9","settings":{"banner_desc":"<p>Nemo ipsam egestas volute turpis dolores ut aliquam quaerat sodales sapien undo euismod blandit vitae arcu. Aenean blandit non nulla at sodales mollis\u00a0<\/p>","logo_size":{"unit":"px","size":150},"align":"left","title_typography_typography":"custom","title_typography_font_size":{"unit":"px","size":16},"title_typography_font_weight":"400"},"elements":[],"isInner":false,"widgetType":"xooapp_logo","elType":"widget"}],"isInner":false,"elType":"column"},{"id":"6f801600","settings":{"_column_size":25,"_inline_size":23.684000000000001051603248924948275089263916015625,"margin_mobile":{"unit":"px","top":"0","right":"0","bottom":"20","left":"0","isLinked":false}},"elements":[{"id":"75b4c072","settings":{"wp":{"title":"Useful Links","nav_menu":"13"}},"elements":[],"isInner":false,"widgetType":"wp-widget-nav_menu","elType":"widget"}],"isInner":false,"elType":"column"},{"id":"59b83f2f","settings":{"_column_size":25,"_inline_size":22.632000000000001449507180950604379177093505859375},"elements":[{"id":"8dd6bc0","settings":{"wp":{"title":"Support","nav_menu":"12"}},"elements":[],"isInner":false,"widgetType":"wp-widget-nav_menu","elType":"widget"}],"isInner":false,"elType":"column"},{"id":"1b57c528","settings":{"_column_size":25,"_inline_size":20.437999999999998834709913353435695171356201171875},"elements":[{"id":"c845360","settings":{"wp":{"title":"","count":"2"}},"elements":[],"isInner":false,"widgetType":"wp-widget-xooapp_recent_post_widget","elType":"widget"}],"isInner":false,"elType":"column"}],"isInner":false,"elType":"section"}]}