{"version":"0.4","title":"Home 9","type":"page","content":[{"id":"2c596c71","settings":{"layout":"full_width","gap":"no","content_position":"middle","html_tag":"div"},"elements":[{"id":"3d2535da","settings":{"_column_size":100},"elements":[{"id":"6b191aac","settings":{"nav_item_lists":[{"nav":"About","link":"#","_id":"80ce0b8","show_dropdown":"yes","sub_nav":"Why XooApp\nHow It Works\nReviews\n<div class=\"dropdown-divider\"><\/div>\nPress About Us","priority":""},{"nav":"Screens","link":"#screen","_id":"6f21b50","show_dropdown":"","sub_nav":"","priority":""},{"nav":"Go Premium","link":"#go_premium","_id":"0002162","show_dropdown":"","sub_nav":"","priority":"yes"},{"nav":"FAQs","link":"#faqs","_id":"338912a","show_dropdown":"","sub_nav":"","priority":""},{"nav":"Blog","link":"#blog","_id":"135bf74","show_dropdown":"","sub_nav":"","priority":""}],"social_button":"yes","social_icon_list":[{"social":"fa fa-facebook","_id":"bec443c","social_link":{"url":"","is_external":"","nofollow":""}},{"social":"fa fa-twitter","_id":"c3dfe5c","social_link":{"url":"","is_external":"","nofollow":""}},{"social":"fa fa-dribbble","_id":"818892f","social_link":{"url":"","is_external":"","nofollow":""}}],"title_typography_typography":"custom","title_typography_font_size":{"unit":"px","size":16.800000000000000710542735760100185871124267578125},"title_typography_font_weight":"500"},"elements":[],"isInner":false,"widgetType":"xooapp_header","elType":"widget"}],"isInner":false,"elType":"column"}],"isInner":false,"elType":"section"},{"id":"1f82bf16","settings":{"content_position":"middle","html_tag":"div","background_background":"classic","background_position":"center center","padding":{"unit":"px","top":"160","right":"0","bottom":"380","left":"0","isLinked":false},"gap":"no","background_size":"cover","shape_divider_top_width":{"unit":"%","size":100},"text_align":"center","background_overlay_background":"classic","background_overlay_image":{"url":"http:\/\/jthemes.org\/wp\/xooapp\/wp-content\/uploads\/2018\/10\/hero-9.jpg","id":50},"background_overlay_position":"top center","background_overlay_attachment":"fixed","background_overlay_opacity":{"unit":"px","size":1},"reverse_order_mobile":"reverse-mobile","padding_mobile":{"unit":"px","top":"50","right":"0","bottom":"50","left":"0","isLinked":false}},"elements":[{"id":"773a79b5","settings":{"_column_size":100,"_inline_size":null,"margin_mobile":{"unit":"%","top":"","right":"","bottom":"","left":"","isLinked":false}},"elements":[{"id":"67186228","settings":{"title":"Stay Focused Achieve More","align":"center","subheading_title":"Feugiat primis ligula risus auctor laoreet augue egestas mauris viverra tortor in iaculis suscipit begestas lobortis magna, mauris laoreet rhoncus ipsum placerat\n\n","title_color":"#ffffff","title_margin":{"unit":"px","top":"0","right":"0","bottom":"8","left":"0","isLinked":false},"sub_title_color":"#ffffff","sub_typography_typography":"custom","sub_typography_font_size":{"unit":"px","size":22},"_margin":{"unit":"px","top":"0","right":"0","bottom":"0","left":"0","isLinked":false},"typography_typography":"custom","typography_font_size":{"unit":"px","size":60},"_padding":{"unit":"px","top":"0","right":"0","bottom":"0","left":"0","isLinked":false},"section_margin":{"unit":"px","top":"","right":"","bottom":"","left":"","isLinked":false},"section_padding":{"unit":"%","top":"","right":"","bottom":"","left":"","isLinked":false},"_animation":"fadeInRight","_animation_delay":300,"subtitle_margin":{"unit":"px","top":"0","right":"0","bottom":"0","left":"0","isLinked":false},"subtitle_padding":{"unit":"px","top":"0","right":"0","bottom":"0","left":"0","isLinked":false},"_padding_mobile":{"unit":"px","top":"0","right":"0","bottom":"0","left":"0","isLinked":false}},"elements":[],"isInner":false,"widgetType":"xooapp-section-heading","elType":"widget"},{"id":"64d8fe5f","settings":{"app_image_one":{"url":"http:\/\/jthemes.org\/wp\/xooapp\/wp-content\/uploads\/2018\/10\/appstore-tra-white.png","id":145},"app_image_two":{"url":"http:\/\/jthemes.org\/wp\/xooapp\/wp-content\/uploads\/2018\/10\/googleplay-tra-white.png","id":148},"_padding":{"unit":"px","top":"0","right":"0","bottom":"0","left":"0","isLinked":false},"_padding_tablet":{"unit":"px","top":"0","right":"0","bottom":"0","left":"0","isLinked":false},"_padding_mobile":{"unit":"px","top":"0","right":"0","bottom":"0","left":"0","isLinked":false},"_animation":"fadeInRight","_animation_delay":400},"elements":[],"isInner":false,"widgetType":"xooapp_app_info","elType":"widget"}],"isInner":false,"elType":"column"}],"isInner":false,"elType":"section"},{"id":"160805eb","settings":{"content_position":"middle","html_tag":"div","margin_tablet":{"unit":"px","top":"0","right":0,"bottom":"0","left":0,"isLinked":false}},"elements":[{"id":"1dde43dd","settings":{"_column_size":100},"elements":[{"id":"775187a5","settings":{"image":{"url":"http:\/\/jthemes.org\/wp\/xooapp\/wp-content\/uploads\/2018\/10\/hero-9-image.png","id":49},"_margin":{"unit":"%","top":"-30","right":"0","bottom":"0","left":"0","isLinked":false},"align":"center","_animation":"fadeInUp","animation_duration":"slow","_animation_delay":300,"image_size":"full","_margin_tablet":{"unit":"px","top":"-150","right":"0","bottom":"0","left":"0","isLinked":false},"_margin_mobile":{"unit":"px","top":"0","right":"0","bottom":"0","left":"0","isLinked":false},"_padding_tablet":{"unit":"px","top":"0","right":"0","bottom":"0","left":"0","isLinked":false}},"elements":[],"isInner":false,"widgetType":"image","elType":"widget"}],"isInner":false,"elType":"column"}],"isInner":false,"elType":"section"},{"id":"3b6b639e","settings":{"margin":{"unit":"%","top":"","right":0,"bottom":"","left":0,"isLinked":false},"heading_color":"#c9c9c9","color_text":"#848484","html_tag":"div","padding":{"unit":"px","top":"60","right":"0","bottom":"60","left":"0","isLinked":false},"_element_id":"why_xooapp"},"elements":[{"id":"67c91cc4","settings":{"_column_size":100},"elements":[{"id":"24e16115","settings":{"html_tag":"div","structure":"30","gap":"wide"},"elements":[{"id":"6ba5765e","settings":{"_column_size":33,"_inline_size":null},"elements":[{"id":"5922c605","settings":{"icon":"pe-7s-piggy","title_text":"Super Affordable","description_text":"Semper lacus cursus porta, feugiat primis ultrice in ligula risus auctor tempus feugiat dolor, felis lacinia risus porta","icon_size":{"unit":"px","size":80},"title_typography_typography":"custom","title_typography_font_size":{"unit":"px","size":18},"text_align":"center"},"elements":[],"isInner":false,"widgetType":"feature-box","elType":"widget"}],"isInner":true,"elType":"column"},{"id":"13b73d38","settings":{"_column_size":33,"_inline_size":null},"elements":[{"id":"5a0ad505","settings":{"icon":"pe-7s-share","title_text":"Easy Sharing","description_text":"Feugiat Semper lacus cursus porta, primis ultrice in ligula risus auctor tempus feugiat dolor, felis lacinia risus porta","icon_size":{"unit":"px","size":80},"title_typography_typography":"custom","title_typography_font_size":{"unit":"px","size":18},"text_align":"center"},"elements":[],"isInner":false,"widgetType":"feature-box","elType":"widget"}],"isInner":true,"elType":"column"},{"id":"5ffd8d39","settings":{"_column_size":33,"_inline_size":null},"elements":[{"id":"89bf96b","settings":{"icon":"pe-7s-shield","title_text":"Concrete Security","description_text":"Cursus Semper lacus porta, feugiat primis ultrice in ligula risus auctor tempus feugiat dolor, felis lacinia risus porta","icon_size":{"unit":"px","size":80},"title_typography_typography":"custom","title_typography_font_size":{"unit":"px","size":18},"text_align":"center"},"elements":[],"isInner":false,"widgetType":"feature-box","elType":"widget"}],"isInner":true,"elType":"column"}],"isInner":true,"elType":"section"}],"isInner":false,"elType":"column"}],"isInner":false,"elType":"section"},{"id":"6b2d6d34","settings":{"layout":"full_width","gap":"no","padding":{"unit":"%","top":"","right":"","bottom":"","left":"","isLinked":false},"background_color":"#715fef","html_tag":"div"},"elements":[{"id":"5008f622","settings":{"_column_size":100,"background_background":"classic"},"elements":[{"id":"5dfa4355","settings":{"structure":"20","background_background":"classic","background_color":"#ffffff","color_text":"#ffffff","padding":{"unit":"px","top":"0","right":"0","bottom":"0","left":"0","isLinked":false},"background_position":"bottom center","content_position":"middle","html_tag":"div","gap":"no"},"elements":[{"id":"10eb7c7e","settings":{"_column_size":50,"_inline_size":null,"padding":{"unit":"px","top":"0","right":"45","bottom":"0","left":"45","isLinked":false}},"elements":[{"id":"41ce6855","settings":{"title":"Capture all your thoughts","size":"xxl","align":"left","title_color":"#0c0c0c","typography_typography":"custom"},"elements":[],"isInner":false,"widgetType":"xooapp-heading","elType":"widget"},{"id":"1a9eb2f9","settings":{"editor":"An orci nullam tempor sapien, eget gravida integer donec ipsum porta justo at odio integer congue magna undo auctor gravida velna magna orci lacus odio ac risus auctor faucibus orci ligula massa luctus et ultrices posuere cubilia\n<div class=\"bg-gray\">\n<div class=\"app-devices\">\n<i class=\"fa fa-tablet f-tablet\"><\/i>\n<i class=\"fa fa-mobile f-phone\"><\/i>\n<div class=\"app-devices-desc\">\n<p class=\"p-small\">Available on iPhone, iPad and all Android devices from 5.5<\/p>\n\n<\/div>\n<\/div>\n<\/div>","text_color":"#0c0c0c","typography_typography":"custom","typography_font_weight":"300"},"elements":[],"isInner":false,"widgetType":"text-editor","elType":"widget"}],"isInner":true,"elType":"column"},{"id":"291aa27a","settings":{"_column_size":50,"_inline_size":null},"elements":[{"id":"76854bbc","settings":{"image":{"id":63,"url":"http:\/\/jthemes.org\/wp\/xooapp\/wp-content\/uploads\/2018\/10\/image-07.png"},"image_size":"full","align":"center","_margin":{"unit":"px","top":"0","right":"0","bottom":"0","left":"0","isLinked":false},"_padding_mobile":{"unit":"%","top":"","right":"","bottom":"","left":"","isLinked":true}},"elements":[],"isInner":false,"widgetType":"image","elType":"widget"}],"isInner":true,"elType":"column"}],"isInner":true,"elType":"section"}],"isInner":false,"elType":"column"}],"isInner":false,"elType":"section"},{"id":"5a8df9f7","settings":{"html_tag":"div","content_position":"middle","structure":"30","background_background":"classic","background_color":"#715fef","background_image":{"url":"http:\/\/jthemes.org\/wp\/xooapp\/wp-content\/uploads\/2018\/10\/tra-bg-1.png","id":97},"background_position":"center center","background_attachment":"fixed","background_repeat":"no-repeat","background_size":"cover","margin":{"unit":"px","top":"80","right":0,"bottom":"80","left":0,"isLinked":true},"padding":{"unit":"px","top":"0","right":"10","bottom":"0","left":"10","isLinked":false},"margin_mobile":{"unit":"%","top":"","right":0,"bottom":"","left":0,"isLinked":true},"padding_mobile":{"unit":"px","top":"50","right":"0","bottom":"50","left":"0","isLinked":false}},"elements":[{"id":"172f092c","settings":{"_column_size":33,"_inline_size":null},"elements":[{"id":"30a9e99c","settings":{"icon":"pe-7s-photo-gallery","title_text":"Multiple Widgets","description_text":"Purus ipsum neque primis libero tempor posuere in ligula varius ipsum\n\n","font_gradient_primary_color":"#ffffff","font_gradient_secondary_color":"#ffffff","text_align":"right","title_color":"#ffffff","description_color":"#ffffff","_padding":{"unit":"px","top":"0","right":"30","bottom":"0","left":"0","isLinked":false},"_animation":"fadeInLeft","_animation_delay":400,"text_align_mobile":"center","content_vertical_alignment":"middle","_margin_tablet":{"unit":"px","top":"0","right":"0","bottom":"0","left":"0","isLinked":false},"_margin_mobile":{"unit":"px","top":"0","right":"0","bottom":"0","left":"0","isLinked":false},"_padding_tablet":{"unit":"px","top":"0","right":"0","bottom":"0","left":"0","isLinked":false},"_padding_mobile":{"unit":"px","top":"0","right":"0","bottom":"0","left":"0","isLinked":false}},"elements":[],"isInner":false,"widgetType":"feature-box","elType":"widget"},{"id":"43fc8b9a","settings":{"icon":"pe-7s-exapnd2","title_text":"Cross-Platform","description_text":"Semper a augue suscipit, luctus neque purus ipsum neque primis libero\n","font_gradient_primary_color":"#ffffff","font_gradient_secondary_color":"#ffffff","text_align":"right","title_color":"#ffffff","description_color":"#ffffff","_padding":{"unit":"px","top":"0","right":"30","bottom":"0","left":"0","isLinked":false},"_animation":"fadeInLeft","_animation_delay":600,"text_align_mobile":"center","text_align_tablet":"right","_margin_tablet":{"unit":"px","top":"0","right":"0","bottom":"0","left":"0","isLinked":false},"_margin_mobile":{"unit":"px","top":"0","right":"0","bottom":"0","left":"0","isLinked":false},"_padding_tablet":{"unit":"px","top":"0","right":"0","bottom":"0","left":"0","isLinked":false},"_padding_mobile":{"unit":"px","top":"0","right":"0","bottom":"0","left":"0","isLinked":false}},"elements":[],"isInner":false,"widgetType":"feature-box","elType":"widget"}],"isInner":false,"elType":"column"},{"id":"7e2a7fcb","settings":{"_column_size":33,"_inline_size":null},"elements":[{"id":"28fe550d","settings":{"video_link":"https:\/\/www.youtube.com\/watch?v=kuceVNBTJio","banner_bg_img":{"url":"http:\/\/jthemes.org\/wp\/xooapp\/wp-content\/uploads\/2018\/10\/image-10.png","id":66},"_margin":{"unit":"px","top":"-80","right":"0","bottom":"-110","left":"0","isLinked":false},"_margin_mobile":{"unit":"px","top":"0","right":"0","bottom":"0","left":"0","isLinked":false},"_padding_mobile":{"unit":"px","top":"0","right":"0","bottom":"0","left":"0","isLinked":false},"video_text":" Watch the Overview"},"elements":[],"isInner":false,"widgetType":"xooapp_video_box","elType":"widget"}],"isInner":false,"elType":"column"},{"id":"47fe2f5b","settings":{"_column_size":33,"_inline_size":null},"elements":[{"id":"6e9feee0","settings":{"icon":"pe-7s-refresh-2","title_text":"Free Updates","description_text":"Semper a augue suscipit, luctus neque purus ipsum neque primis libero\n","font_gradient_primary_color":"#ffffff","font_gradient_secondary_color":"#ffffff","text_align":"left","title_color":"#ffffff","description_color":"#ffffff","_padding":{"unit":"px","top":"0","right":"0","bottom":"0","left":"30","isLinked":false},"_animation":"fadeInRight","_animation_delay":300,"text_align_mobile":"center","_margin_mobile":{"unit":"px","top":"0","right":"0","bottom":"0","left":"0","isLinked":false},"_padding_mobile":{"unit":"px","top":"0","right":"0","bottom":"0","left":"0","isLinked":false}},"elements":[],"isInner":false,"widgetType":"feature-box","elType":"widget"},{"id":"538c21d4","settings":{"icon":"pe-7s-help2","title_text":"Fast Support","description_text":"Luctus neque purus ipsum neque primis libero tempor ligula varius ipsum\n","font_gradient_primary_color":"#ffffff","font_gradient_secondary_color":"#ffffff","text_align":"left","title_color":"#ffffff","description_color":"#ffffff","_padding":{"unit":"px","top":"0","right":"0","bottom":"0","left":"30","isLinked":false},"_animation":"fadeInRight","_animation_delay":500,"text_align_mobile":"center","_margin_mobile":{"unit":"px","top":"0","right":"0","bottom":"0","left":"0","isLinked":false},"_padding_mobile":{"unit":"px","top":"0","right":"0","bottom":"0","left":"0","isLinked":false}},"elements":[],"isInner":false,"widgetType":"feature-box","elType":"widget"}],"isInner":false,"elType":"column"}],"isInner":false,"elType":"section"},{"id":"1401f3cb","settings":{"content_width":{"unit":"px","size":0},"layout":"full_width","gap":"no","padding":{"unit":"px","top":"60","right":"0","bottom":"100","left":"0","isLinked":false},"html_tag":"div","_element_id":"screen","padding_mobile":{"unit":"px","top":"50","right":"0","bottom":"0","left":"0","isLinked":false}},"elements":[{"id":"7533aed4","settings":{"_column_size":100},"elements":[{"id":"8f354d3","settings":{"title":"Unique App Screens","subheading_title":"Aliquam a augue suscipit, luctus neque purus ipsum neque dolor primis libero tempus, tempor posuere ligula varius","align":"center","sub_align":"center","title_color":"#0c0c0c","typography_typography":"custom","sub_title_color":"#0c0c0c","sub_typography_typography":"custom","_padding":{"unit":"px","top":"0","right":"0","bottom":"0","left":"0","isLinked":true},"_margin":{"unit":"px","top":"0","right":"0","bottom":"60","left":"0","isLinked":false},"typography_line_height":{"unit":"em","size":1.6999999999999999555910790149937383830547332763671875},"typography_letter_spacing":{"unit":"px","size":0},"_margin_mobile":{"unit":"px","top":"0","right":"0","bottom":"0","left":"0","isLinked":false},"_padding_mobile":{"unit":"px","top":"0","right":"0","bottom":"0","left":"0","isLinked":false}},"elements":[],"isInner":false,"widgetType":"xooapp-section-heading","elType":"widget"},{"id":"7e4af0c3","settings":{"carousel":[{"id":117,"url":"http:\/\/jthemes.org\/wp\/xooapp\/wp-content\/uploads\/2018\/10\/screen-1.jpg"},{"id":118,"url":"http:\/\/jthemes.org\/wp\/xooapp\/wp-content\/uploads\/2018\/10\/screen-2.jpg"},{"id":119,"url":"http:\/\/jthemes.org\/wp\/xooapp\/wp-content\/uploads\/2018\/10\/screen-3.jpg"},{"id":120,"url":"http:\/\/jthemes.org\/wp\/xooapp\/wp-content\/uploads\/2018\/10\/screen-4.jpg"},{"id":121,"url":"http:\/\/jthemes.org\/wp\/xooapp\/wp-content\/uploads\/2018\/10\/screen-5.jpg"},{"id":122,"url":"http:\/\/jthemes.org\/wp\/xooapp\/wp-content\/uploads\/2018\/10\/screen-6.jpg"},{"id":123,"url":"http:\/\/jthemes.org\/wp\/xooapp\/wp-content\/uploads\/2018\/10\/screen-7.jpg"},{"id":124,"url":"http:\/\/jthemes.org\/wp\/xooapp\/wp-content\/uploads\/2018\/10\/screen-8.jpg"}],"thumbnail_size":"full","_margin":{"unit":"px","top":"0","right":"0","bottom":"0","left":"0","isLinked":false}},"elements":[],"isInner":false,"widgetType":"app-screenshot-carousel","elType":"widget"}],"isInner":false,"elType":"column"}],"isInner":false,"elType":"section"},{"id":"32a199cb","settings":{"margin":{"unit":"px","top":"0","right":0,"bottom":"0","left":0,"isLinked":false},"heading_color":"#c9c9c9","color_text":"#848484","html_tag":"div","content_position":"middle","background_background":"classic","background_color":"#f7f7f7","padding":{"unit":"px","top":"100","right":"0","bottom":"0","left":"0","isLinked":false},"gap":"no","padding_mobile":{"unit":"px","top":"50","right":"0","bottom":"50","left":"0","isLinked":false}},"elements":[{"id":"33922a50","settings":{"_column_size":100},"elements":[{"id":"7e891b15","settings":{"structure":"20","html_tag":"div","content_position":"middle","gap":"no"},"elements":[{"id":"1b5611fa","settings":{"_column_size":50,"_inline_size":null},"elements":[{"id":"3b040fef","settings":{"title":"Experienced and Skilled","size":"xxl","title_color":"#0c0c0c","typography_typography":"custom","_animation":"fadeInRight"},"elements":[],"isInner":false,"widgetType":"xooapp-heading","elType":"widget"},{"id":"14d9c523","settings":{"editor":"<p class=\"animated fadeInRight visible\" data-animation=\"fadeInRight\" data-animation-delay=\"400\">An orci nullam tempor sapien, eget gravida integer donec ipsum porta justo at odio integer congue magna undo auctor gravida velna magna orci lacus odio ac risus auctor faucibus orci ligula massa luctus et ultrices posuere cubilia<\/p>\n","typography_typography":"custom"},"elements":[],"isInner":false,"widgetType":"text-editor","elType":"widget"},{"id":"1a98af54","settings":{"view":"inline","button_list":[{"button_text":"","icon":"fa fa-tablet","_id":"59bea23","link":{"url":"","is_external":"true","nofollow":""},"show_icon":"yes","icon_align":"left","icon_indent":{"unit":"px","size":8},"icon_size":{"unit":"px","size":41},"rotate":{"unit":"deg","size":90},"button_indi_color":"","button_font_color":"#bfbfbf","title_typography_typography":"","title_typography_font_family":"Roboto","title_typography_font_size":{"unit":"px","size":""},"title_typography_font_size_tablet":{"unit":"px","size":""},"title_typography_font_size_mobile":{"unit":"px","size":""},"title_typography_font_weight":"","title_typography_text_transform":"","title_typography_font_style":"","title_typography_text_decoration":"","title_typography_line_height":{"unit":"em","size":""},"title_typography_line_height_tablet":{"unit":"em","size":""},"title_typography_line_height_mobile":{"unit":"em","size":""},"title_typography_letter_spacing":{"unit":"px","size":""},"title_typography_letter_spacing_tablet":{"unit":"px","size":""},"title_typography_letter_spacing_mobile":{"unit":"px","size":""},"button_margin":{"unit":"px","top":"","right":"","bottom":"","left":"","isLinked":true},"border_type":"","border_width":{"unit":"px","top":"","right":"","bottom":"","left":"","isLinked":true},"border_color":"","border_radius":{"unit":"px","top":"","right":"","bottom":"","left":"","isLinked":true},"button_hover_indi_color":"","button_hover_font_color":"","align":"","align_tablet":"","align_mobile":""},{"button_text":"","icon":"fa fa-mobile-phone","_id":"1fddb98","link":{"url":"","is_external":"true","nofollow":""},"show_icon":"yes","icon_align":"left","icon_indent":{"unit":"px","size":8},"icon_size":{"unit":"px","size":43},"rotate":{"unit":"deg","size":0},"button_indi_color":"","button_font_color":"#bfbfbf","title_typography_typography":"","title_typography_font_family":"Roboto","title_typography_font_size":{"unit":"px","size":""},"title_typography_font_size_tablet":{"unit":"px","size":""},"title_typography_font_size_mobile":{"unit":"px","size":""},"title_typography_font_weight":"","title_typography_text_transform":"","title_typography_font_style":"","title_typography_text_decoration":"","title_typography_line_height":{"unit":"em","size":""},"title_typography_line_height_tablet":{"unit":"em","size":""},"title_typography_line_height_mobile":{"unit":"em","size":""},"title_typography_letter_spacing":{"unit":"px","size":""},"title_typography_letter_spacing_tablet":{"unit":"px","size":""},"title_typography_letter_spacing_mobile":{"unit":"px","size":""},"button_margin":{"unit":"px","top":"","right":"","bottom":"","left":"","isLinked":true},"border_type":"","border_width":{"unit":"px","top":"","right":"","bottom":"","left":"","isLinked":true},"border_color":"","border_radius":{"unit":"px","top":"","right":"","bottom":"","left":"","isLinked":true},"button_hover_indi_color":"","button_hover_font_color":"","align":"","align_tablet":"","align_mobile":""},{"button_text":"Available on iPhone, iPad and all <br>Android devices from 5.5","link":{"url":"","is_external":"true","nofollow":""},"show_icon":"No","icon":"","icon_align":"left","icon_indent":{"unit":"px","size":""},"icon_size":{"unit":"px","size":""},"rotate":{"unit":"deg","size":0},"button_indi_color":"","button_font_color":"#4f4f4f","title_typography_typography":"custom","title_typography_font_family":"Roboto","title_typography_font_size":{"unit":"px","size":16},"title_typography_font_size_tablet":{"unit":"px","size":""},"title_typography_font_size_mobile":{"unit":"px","size":""},"title_typography_font_weight":"300","title_typography_text_transform":"","title_typography_font_style":"italic","title_typography_text_decoration":"","title_typography_line_height":{"unit":"em","size":1.100000000000000088817841970012523233890533447265625},"title_typography_line_height_tablet":{"unit":"em","size":""},"title_typography_line_height_mobile":{"unit":"em","size":""},"title_typography_letter_spacing":{"unit":"px","size":""},"title_typography_letter_spacing_tablet":{"unit":"px","size":""},"title_typography_letter_spacing_mobile":{"unit":"px","size":""},"button_margin":{"unit":"px","top":"","right":"","bottom":"","left":"","isLinked":true},"border_type":"","border_width":{"unit":"px","top":"","right":"","bottom":"","left":"","isLinked":true},"border_color":"","border_radius":{"unit":"px","top":"","right":"","bottom":"","left":"","isLinked":true},"_id":"fdcc5b8","button_hover_indi_color":"","button_hover_font_color":"","align":"","align_tablet":"","align_mobile":""}]},"elements":[],"isInner":false,"widgetType":"xooapp_button_list","elType":"widget"}],"isInner":true,"elType":"column"},{"id":"54297a1","settings":{"_column_size":50,"_inline_size":null},"elements":[{"id":"48f5a2b9","settings":{"image":{"id":60,"url":"http:\/\/jthemes.org\/wp\/xooapp\/wp-content\/uploads\/2018\/10\/image-03.png"},"_animation":"fadeInLeft","align":"center","_margin":{"unit":"px","top":"0","right":"0","bottom":"-70","left":"0","isLinked":false},"_padding":{"unit":"px","top":"0","right":"0","bottom":"0","left":"0","isLinked":false},"_margin_mobile":{"unit":"px","top":"20","right":"0","bottom":"0","left":"0","isLinked":false}},"elements":[],"isInner":false,"widgetType":"image","elType":"widget"}],"isInner":true,"elType":"column"}],"isInner":true,"elType":"section"}],"isInner":false,"elType":"column"}],"isInner":false,"elType":"section"},{"id":"53b89c4b","settings":{"padding":{"unit":"px","top":"100","right":"0","bottom":"60","left":"0","isLinked":false},"_element_id":"how_it_works","padding_mobile":{"unit":"px","top":"50","right":"0","bottom":"50","left":"0","isLinked":false}},"elements":[{"id":"2f0f8aa3","settings":{"_column_size":100},"elements":[{"id":"3a14bf7e","settings":{"title":"Why Choose XooApp\n","subheading_title":"Aliquam a augue suscipit, luctus neque purus ipsum neque dolor primis libero tempus, tempor posuere ligula varius volutpat egestas et augue \n\n","typography_typography":"custom","typography_font_size":{"unit":"px","size":60},"sub_typography_typography":"custom","title_margin":{"unit":"px","top":"0","right":"0","bottom":"10","left":"0","isLinked":false},"subtitle_margin":{"unit":"px","top":"0","right":"0","bottom":"0","left":"0","isLinked":false},"subtitle_padding":{"unit":"%","top":"","right":"","bottom":"","left":"","isLinked":false},"section_margin":{"unit":"px","top":"0","right":"0","bottom":"30","left":"0","isLinked":false},"section_padding":{"unit":"px","top":"0","right":"0","bottom":"0","left":"0","isLinked":false},"section_margin_tablet":{"unit":"px","top":"0","right":"0","bottom":"0","left":"0","isLinked":false}},"elements":[],"isInner":false,"widgetType":"xooapp-section-heading","elType":"widget"},{"id":"97fa029","settings":{"tabs":[{"tab_title":"Unique Design","tab_content":"<p>[XOOAPP_ELEMENTOR id=\"319\"]<\/p>","_id":"24c8f5b"},{"tab_title":"Cross-Platform","tab_content":"<p>[XOOAPP_ELEMENTOR id=\"314\"]<\/p>","_id":"fcbce63"},{"tab_title":"Free Update","tab_content":"<p>[XOOAPP_ELEMENTOR id=\"311\"]<\/p>","_id":"0058b71"}],"border_width":{"unit":"px","size":0},"border_color":"#23a455","background_color":"#ffffff","tab_color":"#000000","content_color":"#ffffff","content_typography_typography":"custom","tab_active_color":"#ffffff","tab_typography_typography":"custom","tab_typography_font_size":{"unit":"px","size":17},"tab_typography_font_weight":"300","_margin":{"unit":"px","top":"30","right":"7","bottom":"7","left":"7","isLinked":false}},"elements":[],"isInner":false,"widgetType":"tabs","elType":"widget"}],"isInner":false,"elType":"column"}],"isInner":false,"elType":"section"},{"id":"78f6a401","settings":{"structure":"20","padding":{"unit":"px","top":"100","right":"0","bottom":"100","left":"0","isLinked":false},"html_tag":"div","content_position":"middle"},"elements":[{"id":"1990a0e","settings":{"_column_size":50,"_inline_size":null},"elements":[{"id":"2d7640ef","settings":{"team_name":"Jonathan Barnes","designation":"Founder","social_list":[{"social_name":"Facebook","social_icon":"fa fa-facebook","_id":"a8a8d0f","social_link":"Social Link","list_color":""},{"social_name":"Twitter","social_icon":"fa fa-twitter","_id":"5d33090","social_link":"Social Link","list_color":""},{"social_name":"Dribbble","social_icon":"fa fa-dribbble","_id":"f620987","social_link":"Social Link","list_color":""}],"counter_list":[{"counter_name":"Happy Client","counter_icon":"pe-7s-smile","counter_number":"1154","_id":"570bf68","width":{"unit":"px","top":"0","right":"1","bottom":"1","left":"0","isLinked":false},"color":"#2d2d2d","border_type":"solid","border_width":{"unit":"px","top":"0","right":"1","bottom":"1","left":"0","isLinked":false},"border_color":"#d3d3d3"},{"counter_name":"Tickets Closed","counter_icon":"pe-7s-help2","counter_number":"409","_id":"d1b975c","width":{"unit":"px","top":"","right":"","bottom":"","left":"","isLinked":true},"color":"","border_type":"solid","border_width":{"unit":"px","top":"0","right":"0","bottom":"1","left":"0","isLinked":false},"border_color":"#dddddd"},{"counter_name":"Followers","counter_icon":"pe-7s-users","counter_number":"869","_id":"bf65d72","width":{"unit":"px","top":"","right":"","bottom":"","left":"","isLinked":true},"color":"","border_type":"solid","border_width":{"unit":"px","top":"0","right":"1","bottom":"0","left":"0","isLinked":false},"border_color":"#dddddd"},{"counter_name":"Cups of Coffee","counter_icon":"pe-7s-coffee","counter_number":"901","_id":"e8a2c00","width":{"unit":"px","top":"","right":"","bottom":"","left":"","isLinked":true},"color":"","border_type":"","border_width":{"unit":"px","top":"1","right":"0","bottom":"0","left":"1","isLinked":false},"border_color":"#dddddd"}],"number_color":"#0c0c0c","description_color":"#0c0c0c","description_typography_typography":"custom","font_gradient_primary_color":"#23a455","font_gradient_secondary_color":"#61ce70"},"elements":[],"isInner":false,"widgetType":"xooapp-counter","elType":"widget"}],"isInner":false,"elType":"column"},{"id":"64190eb4","settings":{"_column_size":50,"_inline_size":null},"elements":[{"id":"5217df31","settings":{"image":{"url":"http:\/\/jthemes.org\/wp\/xooapp\/wp-content\/uploads\/2018\/10\/image-06.png","id":62}},"elements":[],"isInner":false,"widgetType":"image","elType":"widget"}],"isInner":false,"elType":"column"}],"isInner":false,"elType":"section"},{"id":"1dd72a80","settings":{"content_position":"middle","html_tag":"div","background_background":"classic","background_color":"#efefef","padding":{"unit":"px","top":"100","right":"0","bottom":"100","left":"0","isLinked":false},"_element_id":"go_premium","padding_mobile":{"unit":"px","top":"50","right":"0","bottom":"50","left":"0","isLinked":false}},"elements":[{"id":"43b59fa9","settings":{"_column_size":100},"elements":[{"id":"1b720919","settings":{"title":"Go Premium. Be Happy","subheading_title":"Aliquam a augue suscipit, luctus neque purus ipsum neque dolor <br> primis libero tempus, tempor posuere ligula varius","sub_typography_typography":"custom","title_margin":{"unit":"px","top":"0","right":"0","bottom":"0","left":"0","isLinked":false},"section_padding":{"unit":"px","top":"0","right":"0","bottom":"0","left":"0","isLinked":true}},"elements":[],"isInner":false,"widgetType":"xooapp-section-heading","elType":"widget"},{"id":"2396cd19","settings":{"content_width":{"unit":"px","size":732},"structure":"20","html_tag":"div","gap":"extended"},"elements":[{"id":"6f9f1191","settings":{"_column_size":50,"_inline_size":null},"elements":[{"id":"3070253b","settings":{"title":"<div class=\"pricing-plan m-bottom-10\"><h4 class=\"h4-md\">XooApp Free<\/h4><p><span class=\"price\">Free<\/span><\/p><\/div>","view":"","icon_list":[{"text":"20 Users Tasks","icon":"fa fa-check","_id":"dede0fa","link":{"url":"","is_external":"","nofollow":""}},{"text":"5 GB of Storage","icon":"fa fa-check","_id":"efce0d6","link":{"url":"","is_external":"","nofollow":""}},{"text":"Theme Customization","icon":"fa fa-dot-circle-o","_id":"f988f9e","link":{"url":"","is_external":"","nofollow":""}},{"text":"Free Email Support","icon":"fa fa-dot-circle-o","_id":"b4cc90b","link":{"url":"","is_external":"","nofollow":""}},{"text":"Security Suite","icon":"fa fa-dot-circle-o","_id":"6ea43db","link":{"url":"","is_external":"","nofollow":""}}],"button_text":"Get Started","space_between":{"unit":"px","size":15},"icon_size":{"unit":"px","size":21}},"elements":[],"isInner":false,"widgetType":"pricing-table","elType":"widget"}],"isInner":true,"elType":"column"},{"id":"297e3404","settings":{"_column_size":50,"_inline_size":null},"elements":[{"id":"217005ac","settings":{"title":"<div class=\"pricing-plan m-bottom-10\"><h4 class=\"h4-md\">XooApp <strong>Pro<\/strong><\/h4><p><span class=\"price\">20$<\/span><sup class=\"validity\"> \/ monthly<\/sup><\/p><\/div>","icon_list":[{"text":"20 Users Tasks","icon":"fa fa-check","_id":"dede0fa","link":{"url":"","is_external":"","nofollow":""}},{"text":"5 GB of Storage","icon":"fa fa-check","_id":"efce0d6","link":{"url":"","is_external":"","nofollow":""}},{"text":"Theme Customization","icon":"fa fa-dot-circle-o","_id":"f988f9e","link":{"url":"","is_external":"","nofollow":""}},{"text":"Free Email Support","icon":"fa fa-dot-circle-o","_id":"b4cc90b","link":{"url":"","is_external":"","nofollow":""}},{"text":"Security Suite","icon":"fa fa-dot-circle-o","_id":"6ea43db","link":{"url":"","is_external":"","nofollow":""}}],"button_text":"Upgrade to PRO","space_between":{"unit":"px","size":16},"icon_size":{"unit":"px","size":19},"text_color":"#0c0c0c","icon_typography_typography":"custom","icon_typography_line_height":{"unit":"em","size":1},"button_style":"btn-lightblue"},"elements":[],"isInner":false,"widgetType":"pricing-table","elType":"widget"}],"isInner":true,"elType":"column"}],"isInner":true,"elType":"section"}],"isInner":false,"elType":"column"}],"isInner":false,"elType":"section"},{"id":"5b1b45e7","settings":{"html_tag":"div","padding_tablet":{"unit":"px","top":"50","right":"0","bottom":"50","left":"0","isLinked":false}},"elements":[{"id":"13fe2d24","settings":{"_column_size":100,"padding":{"unit":"px","top":"100","right":"0","bottom":"100","left":"0","isLinked":false}},"elements":[{"id":"42377f02","settings":{"title":"Apps by DSAThemes\n","align":"center","subheading_title":"Aliquam a augue suscipit, luctus neque purus ipsum neque dolor primis libero tempus, tempor posuere ligula varius","title_color":"#0c0c0c","typography_typography":"custom","sub_title_color":"#0c0c0c","sub_typography_typography":"custom","title_margin":{"unit":"px","top":"0","right":"0","bottom":"10","left":"0","isLinked":false},"title_margin_tablet":{"unit":"px","top":"0","right":"0","bottom":"0","left":"0","isLinked":false},"title_margin_mobile":{"unit":"px","top":"0","right":"0","bottom":"0","left":"0","isLinked":false},"subtitle_margin":{"unit":"px","top":"0","right":"0","bottom":"0","left":"0","isLinked":false},"subtitle_padding":{"unit":"%","top":"","right":"","bottom":"","left":"","isLinked":false}},"elements":[],"isInner":false,"widgetType":"xooapp-section-heading","elType":"widget"},{"id":"21e4ccae","settings":{"structure":"30","content_width":{"unit":"px","size":950},"html_tag":"div"},"elements":[{"id":"78305dc4","settings":{"_column_size":33,"_inline_size":null,"margin_mobile":{"unit":"px","top":"0","right":"0","bottom":"20","left":"0","isLinked":false}},"elements":[{"id":"33b66323","settings":{"title_text":"Eventador","description_text":"Aliquam a augue luctus neque purus ipsum neque dolor primis suscipit","text_align":"center","feature_image":{"id":10,"url":"http:\/\/jthemes.org\/wp\/xooapp\/wp-content\/uploads\/2018\/10\/app-logo-1.png"},"sub_title_text":"Productivity","icon_space":{"unit":"px","size":23},"title_bottom_space":{"unit":"px","size":0},"shape":"square","social_list":[{"social_name":"IOS","social_icon":"fa fa-apple","social_link":"#","_id":"cddb6ba"},{"social_name":"Android","social_icon":"fa fa-android","social_link":"#","_id":"abfe8a5"}],"font_gradient_primary_color":"#888888","font_gradient_secondary_color":"#888888","primary_color":"#0c0000","hover_primary_color":"#e2e2e2","description_typography_typography":"custom","description_typography_font_weight":"300","_animation":"fadeInUp"},"elements":[],"isInner":false,"widgetType":"feature-box","elType":"widget"}],"isInner":true,"elType":"column"},{"id":"132f658d","settings":{"_column_size":33,"_inline_size":null,"margin_mobile":{"unit":"px","top":"0","right":"0","bottom":"20","left":"0","isLinked":false}},"elements":[{"id":"110781eb","settings":{"title_text":"UniSet","description_text":"Aliquam a augue luctus neque purus ipsum neque dolor primis suscipit","text_align":"center","feature_image":{"id":11,"url":"http:\/\/jthemes.org\/wp\/xooapp\/wp-content\/uploads\/2018\/10\/app-logo-2.png"},"sub_title_text":"Social Networking","icon_space":{"unit":"px","size":23},"title_bottom_space":{"unit":"px","size":0},"font_gradient_primary_color":"#888888","font_gradient_secondary_color":"#888888","primary_color":"#0c0000","social_list":[{"social_name":"Apple","social_icon":"fa fa-apple","social_link":"","_id":"8e215af"},{"social_name":"Android","social_icon":"fa fa-android","social_link":"","_id":"f7a54a4"}],"description_typography_typography":"custom","description_typography_font_weight":"300","_animation":"fadeInUp"},"elements":[],"isInner":false,"widgetType":"feature-box","elType":"widget"}],"isInner":true,"elType":"column"},{"id":"63381b91","settings":{"_column_size":33,"_inline_size":null},"elements":[{"id":"69f4a364","settings":{"title_text":"LeekApp","description_text":"Aliquam a augue luctus neque purus ipsum neque dolor primis suscipit","text_align":"center","feature_image":{"id":12,"url":"http:\/\/jthemes.org\/wp\/xooapp\/wp-content\/uploads\/2018\/10\/app-logo-3.png"},"sub_title_text":"Finance","icon_space":{"unit":"px","size":23},"title_bottom_space":{"unit":"px","size":0},"social_list":[{"social_name":"IOS","social_icon":"fa fa-apple","social_link":"#","_id":"8eca15d"},{"social_name":"Android","social_icon":"fa fa-android","social_link":"#","_id":"0f9814e"}],"font_gradient_primary_color":"#888888","font_gradient_secondary_color":"#888888","description_typography_typography":"custom","description_typography_font_size":{"unit":"px","size":15},"description_typography_font_weight":"300","_animation":"fadeInUp"},"elements":[],"isInner":false,"widgetType":"feature-box","elType":"widget"}],"isInner":true,"elType":"column"}],"isInner":true,"elType":"section"}],"isInner":false,"elType":"column"}],"isInner":false,"elType":"section"},{"id":"af989ff","settings":{"background_background":"classic","background_color":"#f7f7f7","padding":{"unit":"px","top":"60","right":"0","bottom":"100","left":"0","isLinked":false},"html_tag":"div","_element_id":"reviews"},"elements":[{"id":"5d6b1d3a","settings":{"_column_size":100,"_inline_size":null},"elements":[{"id":"5ccb334","settings":{"title":"Customers Feedback\n","subheading_title":"Aliquam a augue suscipit, luctus neque purus ipsum neque dolor primis<br> libero tempus, tempor posuere ligula varius","title_color":"#0c0c0c","sub_title_color":"#0c0c0c","sub_typography_typography":"custom","_margin":{"unit":"px","top":"0","right":"0","bottom":"-60","left":"0","isLinked":false},"title_margin":{"unit":"px","top":"0","right":"0","bottom":"0","left":"0","isLinked":false},"subtitle_margin":{"unit":"px","top":"0","right":"0","bottom":"0","left":"0","isLinked":false},"subtitle_padding":{"unit":"px","top":"0","right":"0","bottom":"0","left":"0","isLinked":false}},"elements":[],"isInner":false,"widgetType":"xooapp-section-heading","elType":"widget"},{"id":"2192b0a0","settings":{"html_tag":"div","background_background":"classic","background_color":"#f7f7f7"},"elements":[{"id":"42221cc1","settings":{"_column_size":100,"_inline_size":null,"background_background":"classic","background_color":"#f9f9f9"},"elements":[{"id":"6738bc75","settings":{"testimonial_option":[{"title":"Jonathan Morgan","designation":"Marketting","testimoni_content_title":"Super Support","testimoni_content":"Enim ad minim veniam, quis nostrud exercitation ullamco laboris nisi ut aliquip ex ea commodo conse quat. Duis aute irure dolor in reprehenderit in voluptate.","testimoni_image":{"url":"http:\/\/jthemes.org\/wp\/xooapp\/wp-content\/plugins\/xooapp-master\/assets\/images\/review-author-1.jpg"},"testimonial_rating":"<i class=\"fa fa-star\"><\/i><i class=\"fa fa-star\"><\/i><i class=\"fa fa-star\"><\/i><i class=\"fa fa-star\"><\/i><i class=\"fa fa-star\"><\/i>","_id":"a83175c"},{"title":"Harsul Hisham","designation":"Engineer","testimoni_content_title":"What a theme!","testimoni_content":"Enim ad minim veniam, quis nostrud exercitation ullamco laboris nisi ut aliquip ex ea commodo conse quat. Duis aute irure dolor in reprehenderit in voluptate.","testimoni_image":{"url":"http:\/\/jthemes.org\/wp\/xooapp\/wp-content\/plugins\/xooapp-master\/assets\/images\/review-author-2.jpg"},"testimonial_rating":"<i class=\"fa fa-star\"><\/i><i class=\"fa fa-star\"><\/i><i class=\"fa fa-star\"><\/i><i class=\"fa fa-star\"><\/i><i class=\"fa fa-star\"><\/i>","_id":"38005a2"},{"title":"Teem Southy","designation":"Developer","testimoni_content_title":"Outstanding Support","testimoni_content":"Enim ad minim veniam, quis nostrud exercitation ullamco laboris nisi ut aliquip ex ea commodo conse quat. Duis aute irure dolor in reprehenderit in voluptate.","testimoni_image":{"url":"http:\/\/jthemes.org\/wp\/xooapp\/wp-content\/plugins\/xooapp-master\/assets\/images\/review-author-3.jpg"},"testimonial_rating":"<i class=\"fa fa-star\"><\/i><i class=\"fa fa-star\"><\/i><i class=\"fa fa-star\"><\/i><i class=\"fa fa-star\"><\/i><i class=\"fa fa-star\"><\/i>","_id":"bb9db2a"},{"title":"Harsul Hisham","designation":"Engineer","testimoni_content_title":"Happy!!","testimoni_content":"Enim ad minim veniam, quis nostrud exercitation ullamco laboris nisi ut aliquip ex ea commodo conse quat. Duis aute irure dolor in reprehenderit in voluptate.","testimoni_image":{"url":"http:\/\/jthemes.org\/wp\/xooapp\/wp-content\/plugins\/xooapp-master\/assets\/images\/review-author-4.jpg"},"testimonial_rating":"<i class=\"fa fa-star\"><\/i><i class=\"fa fa-star\"><\/i><i class=\"fa fa-star\"><\/i><i class=\"fa fa-star\"><\/i><i class=\"fa fa-star-o\"><\/i>","_id":"fb14771"},{"title":"Jake Margin","designation":"Marketing","testimoni_content_title":"Nice Person","testimoni_content":"Enim ad minim veniam, quis nostrud exercitation ullamco laboris nisi ut aliquip ex ea commodo conse quat. Duis aute irure dolor in reprehenderit in voluptate.","testimoni_image":{"url":"http:\/\/jthemes.org\/wp\/xooapp\/wp-content\/plugins\/xooapp-master\/assets\/images\/review-author-5.jpg"},"testimonial_rating":"<i class=\"fa fa-star\"><\/i><i class=\"fa fa-star\"><\/i><i class=\"fa fa-star\"><\/i><i class=\"fa fa-star\"><\/i><i class=\"fa fa-star\"><\/i>","_id":"c3eda0f"}],"content_typography_typography":"custom","content_typography_font_weight":"300","_background_background":"classic","_background_color":"#ffffff","bg_color":"#f7f7f7","item_center_bg_color":"#f7f7f7","content_bg_color":"#ffffff"},"elements":[],"isInner":false,"widgetType":"xooapp-testimonials","elType":"widget"}],"isInner":true,"elType":"column"}],"isInner":true,"elType":"section"}],"isInner":false,"elType":"column"}],"isInner":false,"elType":"section"},{"id":"51433e86","settings":{"padding":{"unit":"px","top":"100","right":"0","bottom":"100","left":"0","isLinked":false},"html_tag":"div","padding_mobile":{"unit":"px","top":"50","right":"0","bottom":"50","left":"0","isLinked":false},"padding_tablet":{"unit":"px","top":"50","right":"0","bottom":"50","left":"0","isLinked":false},"_element_id":"faqs"},"elements":[{"id":"55bdbf9c","settings":{"_column_size":100},"elements":[{"id":"df2b2f9","settings":{"title":"Troubles with XooApp?\n","subheading_title":"Aliquam a augue suscipit, luctus neque purus ipsum neque dolor <br>primis libero tempus, tempor posuere ligula varius","typography_typography":"custom","typography_font_size":{"unit":"px","size":60},"sub_typography_typography":"custom","title_margin":{"unit":"px","top":"0","right":"0","bottom":"0","left":"0","isLinked":false}},"elements":[],"isInner":false,"widgetType":"xooapp-section-heading","elType":"widget"},{"id":"68231034","settings":{"structure":"20"},"elements":[{"id":"7a6b8409","settings":{"_column_size":50,"_inline_size":null,"padding":{"unit":"px","top":"0","right":"45","bottom":"0","left":"45","isLinked":false}},"elements":[{"id":"585e3f04","settings":{"editor":"<div class=\"question animated fadeInUp visible\" data-animation=\"fadeInUp\" data-animation-delay=\"300\"><h5 class=\"h5-sm\">Lobortis sit magna ornare magna egestas?<\/h5><p>Etiam sit amet mauris suscipit sit amet in odio. Integer congue leo metus. Vitae arcu mollis blandit ultrice ligula egestas magna suscipit lectus magna suscipit luctus undo blandit vitae purus laoreet<\/p><\/div><div class=\"question animated fadeInUp visible\" data-animation=\"fadeInUp\" data-animation-delay=\"400\"><h5 class=\"h5-sm\">Placeat axime facere omnis volute?<\/h5><p>An augue egestas an ipsum vitae emo ligula volute ante ipsum primis in faucibus sit ametn in odio. Integer congue leo metus, eu mollis lorem viverra suscipit lectus magna<\/p><\/div><div class=\"question animated fadeInUp visible\" data-animation=\"fadeInUp\" data-animation-delay=\"500\"><h5 class=\"h5-sm\">An interdum lobortis pretium ornare?<\/h5><p>Feugiat eros, ac tincidunt ligula massa in faucibus orci luctus et ultrices posuere cubilia curae<\/p><\/div><div class=\"question animated fadeInUp visible\" data-animation=\"fadeInUp\" data-animation-delay=\"600\"><h5 class=\"h5-sm\">Interdum lobortis pretium ornare?<\/h5><p>Praesent semper, lacus sed cursus porta, odio augue ligula massa risus laoreet. Laoreet auctor massa varius egestas amet mauris suscipit semper lacus sed cursus porta feugiat primis<\/p><\/div>","typography_typography":"custom","typography_font_size":{"unit":"px","size":16}},"elements":[],"isInner":false,"widgetType":"text-editor","elType":"widget"}],"isInner":true,"elType":"column"},{"id":"574778a6","settings":{"_column_size":50,"_inline_size":null,"padding":{"unit":"px","top":"0","right":"45","bottom":"0","left":"45","isLinked":false}},"elements":[{"id":"3cfc4680","settings":{"editor":"<div class=\"question animated fadeInUp visible\" data-animation=\"fadeInUp\" data-animation-delay=\"300\"><h5 class=\"h5-sm\">Aliquam dapibus pretium ornare?<\/h5><p>Feugiat eros ligula massa lipsum primis in orci luctus et ultrices posuere cubilia curae congue lorem. ante ipsum primis in faucibus bibendum sit amet in odio<\/p><\/div><div class=\"question animated fadeInUp visible\" data-animation=\"fadeInUp\" data-animation-delay=\"400\"><h5 class=\"h5-sm\">Pretium purus lacus tempor an ipsum vitae augue egestas emo ligula?<\/h5><p>Praesent semper lacus sed cursus porta, feugiat primis in orci luctus ligula eros ac ligula massa in faucibus orci luctus et ultrices posuere ante ipsum primis in faucibus bibendum sit amet in odio.<\/p><\/div><div class=\"question animated fadeInUp visible\" data-animation=\"fadeInUp\" data-animation-delay=\"500\"><h5 class=\"h5-sm\">Dapibus lobortis pretium ornare?<\/h5><p>Praesent semper, lacus sed cursus porta,feugiat primis in faucibus orci luctus tincidunt ligula ultrice sapien egestas lobortis magna<\/p><\/div><div class=\"question animated fadeInUp visible\" data-animation=\"fadeInUp\" data-animation-delay=\"600\"><h5 class=\"h5-sm\">Interdum lobortis pretium ornare?<\/h5><p>Feugiat eros, ac tincidunt ligula massa in faucibus orci luctus et ultrices posuere cubilia curae integer congue leo metus, eu mollis lorem primis in orci<\/p><\/div>"},"elements":[],"isInner":false,"widgetType":"text-editor","elType":"widget"}],"isInner":true,"elType":"column"}],"isInner":true,"elType":"section"},{"id":"78ac91de","settings":{"title":"Didn't find what you're looking for?\n","align":"center","typography_typography":"custom","typography_font_size":{"unit":"px","size":26},"typography_font_weight":"500","_margin":{"unit":"px","top":"0","right":"0","bottom":"0","left":"0","isLinked":false},"_padding":{"unit":"px","top":"50","right":"0","bottom":"0","left":"0","isLinked":false}},"elements":[],"isInner":false,"widgetType":"heading","elType":"widget"},{"id":"887b579","settings":{"text":"Ask Your Question Here","align":"center","size":"md","background_color":"#42a5f5"},"elements":[],"isInner":false,"widgetType":"button","elType":"widget"}],"isInner":false,"elType":"column"}],"isInner":false,"elType":"section"},{"id":"3ae77e14","settings":{"padding":{"unit":"px","top":"100","right":"0","bottom":"100","left":"0","isLinked":false},"html_tag":"div","_element_id":"blog","background_background":"classic","background_color":"#f7f7f7","padding_mobile":{"unit":"px","top":"50","right":"0","bottom":"50","left":"0","isLinked":false},"padding_tablet":{"unit":"px","top":"50","right":"0","bottom":"50","left":"0","isLinked":false}},"elements":[{"id":"59fe274c","settings":{"_column_size":100},"elements":[{"id":"34ef808a","settings":{"title":"Our Latest News\n","subheading_title":"Aliquam a augue suscipit, luctus neque purus ipsum neque dolor primis <br> libero tempus, tempor posuere ligula varius","sub_typography_typography":"custom","title_margin":{"unit":"px","top":"0","right":"0","bottom":"0","left":"0","isLinked":false},"subtitle_margin":{"unit":"px","top":"0","right":"0","bottom":"0","left":"0","isLinked":false},"subtitle_padding":{"unit":"px","top":"0","right":"0","bottom":"0","left":"0","isLinked":false},"section_padding":{"unit":"%","top":"","right":"","bottom":"","left":"","isLinked":true}},"elements":[],"isInner":false,"widgetType":"xooapp-section-heading","elType":"widget"},{"id":"1ee6be6c","settings":{"read_more_text":"More Details","title_typography_typography":"custom","title_typography_font_family":"Montserrat","title_hover_color":"#888888","description_typography_typography":"custom","title_typography_font_weight":"700"},"elements":[],"isInner":false,"widgetType":"xooapp_blog","elType":"widget"}],"isInner":false,"elType":"column"}],"isInner":false,"elType":"section"},{"id":"4624667e","settings":{"background_background":"classic","background_color":"#ffffff","padding":{"unit":"px","top":"100","right":"0","bottom":"100","left":"0","isLinked":false},"content_position":"middle","text_align":"center","html_tag":"div","padding_mobile":{"unit":"px","top":"50","right":"0","bottom":"50","left":"0","isLinked":false},"padding_tablet":{"unit":"px","top":"50","right":"0","bottom":"50","left":"0","isLinked":false},"_element_id":"press_about_us"},"elements":[{"id":"5a90b29","settings":{"_column_size":100},"elements":[{"id":"43f26306","settings":{"title":"Press About XooApp\n","subheading_title":"Aliquam a augue suscipit, luctus neque purus ipsum neque dolor <br> primis libero tempus, tempor posuere ligula varius","typography_typography":"custom","sub_typography_typography":"custom","title_margin":{"unit":"px","top":"0","right":"0","bottom":"0","left":"0","isLinked":false}},"elements":[],"isInner":false,"widgetType":"xooapp-section-heading","elType":"widget"},{"id":"c4f07a8","settings":{"structure":"40","html_tag":"div"},"elements":[{"id":"183ccef3","settings":{"_column_size":25,"_inline_size":null,"margin_mobile":{"unit":"px","top":"0","right":"0","bottom":"30","left":"0","isLinked":false}},"elements":[{"id":"772a352","settings":{"title_text":"","description_text":"","image":{"url":"http:\/\/jthemes.org\/wp\/xooapp\/wp-content\/uploads\/2018\/10\/press-1.png","id":82},"image_space":{"unit":"px","size":0},"image_size":{"unit":"%","size":80},"hover_animation":"grow","css_filters_css_filter":"custom","css_filters_hover_css_filter":"custom","_padding":{"unit":"px","top":"40","right":"40","bottom":"40","left":"40","isLinked":true},"_background_background":"classic","_background_color":"#ffffff","_box_shadow_box_shadow_type":"yes","_box_shadow_box_shadow":{"horizontal":0,"vertical":0,"blur":17,"spread":3,"color":"rgba(0,0,0,0.13)"}},"elements":[],"isInner":false,"widgetType":"image-box","elType":"widget"}],"isInner":true,"elType":"column"},{"id":"1b7787a1","settings":{"_column_size":25,"_inline_size":null,"margin_mobile":{"unit":"px","top":"0","right":"0","bottom":"30","left":"0","isLinked":false}},"elements":[{"id":"49bcedd0","settings":{"title_text":"","description_text":"","image":{"url":"http:\/\/jthemes.org\/wp\/xooapp\/wp-content\/uploads\/2018\/10\/press-2.png","id":83},"image_space":{"unit":"px","size":0},"image_size":{"unit":"%","size":80},"hover_animation":"grow","css_filters_css_filter":"custom","css_filters_hover_css_filter":"custom","_padding":{"unit":"px","top":"40","right":"40","bottom":"40","left":"40","isLinked":true},"_background_background":"classic","_background_color":"#ffffff","_box_shadow_box_shadow_type":"yes","_box_shadow_box_shadow":{"horizontal":0,"vertical":0,"blur":17,"spread":3,"color":"rgba(0,0,0,0.13)"}},"elements":[],"isInner":false,"widgetType":"image-box","elType":"widget"}],"isInner":true,"elType":"column"},{"id":"57ac611f","settings":{"_column_size":25,"_inline_size":null,"margin_mobile":{"unit":"px","top":"0","right":"0","bottom":"30","left":"0","isLinked":false}},"elements":[{"id":"161918b9","settings":{"title_text":"","description_text":"","image":{"url":"http:\/\/jthemes.org\/wp\/xooapp\/wp-content\/uploads\/2018\/10\/press-3.png","id":84},"image_space":{"unit":"px","size":0},"image_size":{"unit":"%","size":80},"hover_animation":"grow","css_filters_css_filter":"custom","css_filters_hover_css_filter":"custom","_padding":{"unit":"px","top":"40","right":"40","bottom":"40","left":"40","isLinked":true},"_background_background":"classic","_background_color":"#ffffff","_box_shadow_box_shadow_type":"yes","_box_shadow_box_shadow":{"horizontal":0,"vertical":0,"blur":17,"spread":3,"color":"rgba(0,0,0,0.13)"}},"elements":[],"isInner":false,"widgetType":"image-box","elType":"widget"}],"isInner":true,"elType":"column"},{"id":"84f7956","settings":{"_column_size":25,"_inline_size":null},"elements":[{"id":"17154737","settings":{"title_text":"","description_text":"","image":{"url":"http:\/\/jthemes.org\/wp\/xooapp\/wp-content\/uploads\/2018\/10\/press-4.png","id":85},"image_space":{"unit":"px","size":0},"image_size":{"unit":"%","size":80},"hover_animation":"grow","css_filters_css_filter":"custom","css_filters_hover_css_filter":"custom","_padding":{"unit":"px","top":"40","right":"40","bottom":"40","left":"40","isLinked":true},"_background_background":"classic","_background_color":"#ffffff","_box_shadow_box_shadow_type":"yes","_box_shadow_box_shadow":{"horizontal":0,"vertical":0,"blur":17,"spread":3,"color":"rgba(0,0,0,0.13)"}},"elements":[],"isInner":false,"widgetType":"image-box","elType":"widget"}],"isInner":true,"elType":"column"}],"isInner":true,"elType":"section"},{"id":"1f4c9d99","settings":{"title":"","subheading_title":"Semper lacus cursus porta, feugiat primis in luctus ultrice tellus potenti neque dolor primis in posuere magna nec augue ipsum primis risus auctor purus pretium ligula rutrum","typography_typography":"custom","sub_typography_typography":"custom","_padding":{"unit":"px","top":"40","right":"0","bottom":"0","left":"0","isLinked":false}},"elements":[],"isInner":false,"widgetType":"xooapp-section-heading","elType":"widget"},{"id":"12476aa","settings":{"text":"What Our Clients Say","align":"center","background_color":"rgba(0,0,0,0)","text_padding":{"unit":"px","top":"0","right":"0","bottom":"0","left":"0","isLinked":false},"_margin":{"unit":"px","top":"0","right":"0","bottom":"0","left":"0","isLinked":true},"_css_classes":"btn btn-lightgreen"},"elements":[],"isInner":false,"widgetType":"button","elType":"widget"}],"isInner":false,"elType":"column"}],"isInner":false,"elType":"section"},{"id":"36717fa9","settings":{"html_tag":"div","content_position":"middle","background_background":"classic","background_color":"#ffffff","background_position":"center center","background_attachment":"fixed","background_repeat":"no-repeat","background_size":"cover","margin":{"unit":"%","top":"","right":0,"bottom":"","left":0,"isLinked":false},"padding":{"unit":"px","top":"100","right":"0","bottom":"0","left":"0","isLinked":false},"gap":"no","text_align":"center","padding_mobile":{"unit":"px","top":"50","right":"0","bottom":"50","left":"0","isLinked":false},"padding_tablet":{"unit":"px","top":"50","right":"0","bottom":"50","left":"0","isLinked":false}},"elements":[{"id":"303c39fb","settings":{"_column_size":100,"_inline_size":null},"elements":[{"id":"a6ecdc3","settings":{"title":"Beautiful User Interface\n","subheading_title":"Gravida donec integer ipsum porta justo at odio velna vitae auctor integer magna at risus  auctor purus rutrum primis ultrice ligula luctus impedit magna dolor vitae risus","title_color":"#0c0c0c","typography_typography":"custom","sub_title_color":"#0c0c0c","sub_typography_typography":"custom","_margin":{"unit":"px","top":"0","right":"0","bottom":"0","left":"0","isLinked":true},"_padding":{"unit":"px","top":"0","right":"0","bottom":"0","left":"0","isLinked":false},"title_margin":{"unit":"px","top":"0","right":"0","bottom":"0","left":"0","isLinked":false},"subtitle_margin":{"unit":"px","top":"0","right":"0","bottom":"0","left":"0","isLinked":false},"subtitle_padding":{"unit":"px","top":"0","right":"0","bottom":"0","left":"0","isLinked":false},"section_margin":{"unit":"px","top":"0","right":"0","bottom":"0","left":"0","isLinked":false},"section_margin_tablet":{"unit":"px","top":"0","right":"0","bottom":"30","left":"0","isLinked":false},"section_margin_mobile":{"unit":"px","top":"0","right":"0","bottom":"0","left":"0","isLinked":false}},"elements":[],"isInner":false,"widgetType":"xooapp-section-heading","elType":"widget"},{"id":"1295f02f","settings":{"app_image_one":{"url":"http:\/\/jthemes.org\/wp\/xooapp\/wp-content\/uploads\/2018\/10\/header-googleplay.png","id":141},"app_image_two":{"url":"http:\/\/jthemes.org\/wp\/xooapp\/wp-content\/uploads\/2018\/10\/windows.png","id":142},"_margin":{"unit":"px","top":"0","right":"0","bottom":"0","left":"0","isLinked":false},"_padding":{"unit":"px","top":"0","right":"0","bottom":"40","left":"0","isLinked":false}},"elements":[],"isInner":false,"widgetType":"xooapp_app_info","elType":"widget"},{"id":"7d7039e5","settings":{"image":{"url":"http:\/\/jthemes.org\/wp\/xooapp\/wp-content\/uploads\/2018\/10\/image-11.png","id":67},"image_size":"full"},"elements":[],"isInner":false,"widgetType":"image","elType":"widget"}],"isInner":false,"elType":"column"}],"isInner":false,"elType":"section"},{"id":"1158ed52","settings":{"html_tag":"div","structure":"40","padding":{"unit":"px","top":"40","right":"0","bottom":"40","left":"0","isLinked":false}},"elements":[{"id":"748b3e48","settings":{"_column_size":25,"_inline_size":null,"_inline_size_mobile":50,"margin_mobile":{"unit":"px","top":"0","right":"0","bottom":"30","left":"0","isLinked":false}},"elements":[{"id":"36f2079","settings":{"image":{"url":"http:\/\/jthemes.org\/wp\/xooapp\/wp-content\/uploads\/2018\/10\/brand-1.png","id":20}},"elements":[],"isInner":false,"widgetType":"image","elType":"widget"}],"isInner":false,"elType":"column"},{"id":"21cf9c31","settings":{"_column_size":25,"_inline_size":null,"_inline_size_mobile":50},"elements":[{"id":"30f02f7e","settings":{"image":{"url":"http:\/\/jthemes.org\/wp\/xooapp\/wp-content\/uploads\/2018\/10\/brand-2.png","id":21}},"elements":[],"isInner":false,"widgetType":"image","elType":"widget"}],"isInner":false,"elType":"column"},{"id":"4dc66464","settings":{"_column_size":25,"_inline_size":null,"_inline_size_mobile":50},"elements":[{"id":"6e25c927","settings":{"image":{"url":"http:\/\/jthemes.org\/wp\/xooapp\/wp-content\/uploads\/2018\/10\/brand-3.png","id":22}},"elements":[],"isInner":false,"widgetType":"image","elType":"widget"}],"isInner":false,"elType":"column"},{"id":"4f64a5fd","settings":{"_column_size":25,"_inline_size":null,"_inline_size_mobile":50},"elements":[{"id":"451c42d6","settings":{"image":{"url":"http:\/\/jthemes.org\/wp\/xooapp\/wp-content\/uploads\/2018\/10\/brand-4.png","id":23}},"elements":[],"isInner":false,"widgetType":"image","elType":"widget"}],"isInner":false,"elType":"column"}],"isInner":false,"elType":"section"},{"id":"2a305c28","settings":{"content_position":"middle","background_background":"classic","background_color":"#42a045","background_image":{"url":"http:\/\/jthemes.org\/wp\/xooapp\/wp-content\/uploads\/2018\/10\/tra-bg-2.png","id":98},"background_position":"bottom right","background_attachment":"fixed","background_repeat":"no-repeat","background_size":"cover","padding":{"unit":"px","top":"100","right":"0","bottom":"100","left":"0","isLinked":false},"html_tag":"div","content_width":{"unit":"px","size":1000},"padding_tablet":{"unit":"px","top":"50","right":"0","bottom":"50","left":"0","isLinked":false}},"elements":[{"id":"25856511","settings":{"_column_size":100,"_inline_size":null},"elements":[{"id":"69928cc","settings":{"title":"Keep in touch with us for existing offer. Subscribe for Newsletter\n","align":"center","subheading_title":"","title_color":"#ffffff","typography_typography":"custom","typography_font_size":{"unit":"px","size":50},"section_margin":{"unit":"%","top":"","right":"","bottom":"","left":"","isLinked":false},"section_padding":{"unit":"px","top":"0","right":"0","bottom":"0","left":"0","isLinked":false}},"elements":[],"isInner":false,"widgetType":"xooapp-section-heading","elType":"widget"},{"id":"6f9759a3","settings":{"content_position":"middle","html_tag":"div"},"elements":[{"id":"6270b8d0","settings":{"_column_size":100,"_inline_size":null},"elements":[{"id":"3ddae997","settings":{"wp":{"title":""},"_padding":{"unit":"px","top":"0","right":"100","bottom":"0","left":"100","isLinked":false}},"elements":[],"isInner":false,"widgetType":"wp-widget-mc4wp_form_widget","elType":"widget"}],"isInner":true,"elType":"column"}],"isInner":true,"elType":"section"}],"isInner":false,"elType":"column"}],"isInner":false,"elType":"section"},{"id":"7a937a5c","settings":{"html_tag":"div","structure":"40","padding":{"unit":"px","top":"100","right":"0","bottom":"30","left":"0","isLinked":false},"background_background":"classic","background_color":"#ffffff","padding_mobile":{"unit":"px","top":"50","right":"0","bottom":"50","left":"0","isLinked":false},"padding_tablet":{"unit":"px","top":"50","right":"0","bottom":"50","left":"0","isLinked":false}},"elements":[{"id":"49adc17c","settings":{"_column_size":25,"_inline_size":38.24600000000000221689333557151257991790771484375},"elements":[{"id":"9068e57","settings":{"banner_desc":"<p>Nemo ipsam egestas volute turpis dolores ut aliquam quaerat sodales sapien undo euismod blandit vitae arcu. Aenean blandit non nulla at sodales mollis in eget velit aliquam quaerat sodales sapien undo ongue magna impedit<\/p>"},"elements":[],"isInner":false,"widgetType":"xooapp_logo","elType":"widget"}],"isInner":false,"elType":"column"},{"id":"2415f4e8","settings":{"_column_size":25,"_inline_size":20.876999999999998891553332214243710041046142578125,"margin_mobile":{"unit":"px","top":"0","right":"0","bottom":"30","left":"0","isLinked":false}},"elements":[{"id":"dea3137","settings":{"wp":{"title":"Useful Links","nav_menu":"13"}},"elements":[],"isInner":false,"widgetType":"wp-widget-nav_menu","elType":"widget"}],"isInner":false,"elType":"column"},{"id":"62eb3125","settings":{"_column_size":25,"_inline_size":20.43900000000000005684341886080801486968994140625},"elements":[{"id":"6e23b0f5","settings":{"wp":{"title":"Support","nav_menu":"12"}},"elements":[],"isInner":false,"widgetType":"wp-widget-nav_menu","elType":"widget"}],"isInner":false,"elType":"column"},{"id":"2ead4700","settings":{"_column_size":25,"_inline_size":20.437999999999998834709913353435695171356201171875},"elements":[{"id":"3d7654a7","settings":{"app_image_one":{"url":"http:\/\/jthemes.org\/wp\/xooapp\/wp-content\/uploads\/2018\/10\/header-googleplay.png","id":141},"app_image_two":{"url":"http:\/\/jthemes.org\/wp\/xooapp\/wp-content\/uploads\/2018\/10\/appstore.png","id":138},"_padding":{"unit":"px","top":"50","right":"0","bottom":"5","left":"0","isLinked":false}},"elements":[],"isInner":false,"widgetType":"xooapp_app_info","elType":"widget"}],"isInner":false,"elType":"column"}],"isInner":false,"elType":"section"}]}