{"version":"0.4","title":"Home 11","type":"page","content":[{"id":"7b54f9d6","settings":{"layout":"full_width","gap":"no","content_position":"middle","html_tag":"div"},"elements":[{"id":"203b3318","settings":{"_column_size":100},"elements":[{"id":"14d670c1","settings":{"nav_item_lists":[{"nav":"About","link":"#about","_id":"80ce0b8","show_dropdown":"yes","sub_nav":"Why XooApp\nHow It Works\nReviews\n<div class=\"dropdown-divider\"><\/div>\nPress About Us","priority":""},{"nav":"Screens","link":"#screen","_id":"6f21b50","show_dropdown":"","sub_nav":"","priority":""},{"nav":"Our Team","link":"#our_team","_id":"0002162","show_dropdown":"","sub_nav":"","priority":""},{"nav":"FAQs","link":"#faqs","_id":"338912a","show_dropdown":"","sub_nav":"","priority":""},{"nav":"Blog","link":"#blog","_id":"135bf74","show_dropdown":"","sub_nav":"","priority":""}],"social_button":"yes","social_icon_list":[{"social":"fa fa-facebook","_id":"bec443c","social_link":{"url":"","is_external":"","nofollow":""}},{"social":"fa fa-twitter","_id":"c3dfe5c","social_link":{"url":"","is_external":"","nofollow":""}},{"social":"fa fa-dribbble","_id":"818892f","social_link":{"url":"","is_external":"","nofollow":""}}],"title_typography_typography":"custom","title_typography_font_weight":"500"},"elements":[],"isInner":false,"widgetType":"xooapp_header","elType":"widget"}],"isInner":false,"elType":"column"}],"isInner":false,"elType":"section"},{"id":"1213dc2a","settings":{"content_position":"middle","html_tag":"div","background_background":"gradient","background_position":"center center","padding":{"unit":"px","top":"0","right":"0","bottom":"0","left":"0","isLinked":false},"gap":"no","background_size":"cover","shape_divider_top_width":{"unit":"%","size":100},"text_align":"center","background_overlay_background":"classic","background_overlay_image":{"url":"http:\/\/jthemes.org\/wp\/xooapp\/wp-content\/uploads\/2018\/10\/hero-11-img.jpg","id":53},"background_overlay_position":"center center","background_overlay_opacity":{"unit":"px","size":1},"background_overlay_repeat":"no-repeat","background_overlay_size":"cover","layout":"full_width","background_color":"#783bb1","background_color_b":"#472fad","overlay_postion_left":{"unit":"%","size":60},"overlay_image_width":{"unit":"%","size":40},"xooapp_responsive_background_color_mobile":"#7542b7","xooapp_overlay_hide_mobile_mobile":"overlay-no","padding_mobile":{"unit":"px","top":"60","right":"0","bottom":"0","left":"0","isLinked":false}},"elements":[{"id":"3254ea08","settings":{"_column_size":100,"_inline_size":null,"text_align":"left","margin":{"unit":"px","top":"0","right":"0","bottom":"0","left":"0","isLinked":false},"padding":{"unit":"px","top":"0","right":"0","bottom":"0","left":"0","isLinked":false},"html_tag":"div"},"elements":[{"id":"361e1d63","settings":{"structure":"20","margin":{"unit":"%","top":"","right":0,"bottom":"","left":0,"isLinked":true},"padding":{"unit":"em","top":"","right":"","bottom":"","left":"","isLinked":true},"content_position":"middle","html_tag":"div","padding_mobile":{"unit":"px","top":"0","right":"0","bottom":"0","left":"0","isLinked":false}},"elements":[{"id":"10854bd0","settings":{"_column_size":50,"_inline_size":null,"padding":{"unit":"px","top":"200","right":"0","bottom":"180","left":"40","isLinked":false},"margin_mobile":{"unit":"px","top":"40","right":"0","bottom":"0","left":"0","isLinked":false},"padding_mobile":{"unit":"px","top":"0","right":"0","bottom":"0","left":"0","isLinked":false}},"elements":[{"id":"2fc1c8c7","settings":{"title":"Showcase your mobile App with\u00a0<b>XooApp<\/b>","title_color":"#ffffff","typography_typography":"custom","typography_font_weight":"500","_margin_mobile":{"unit":"px","top":"0","right":"0","bottom":"0","left":"0","isLinked":false},"_padding_mobile":{"unit":"px","top":"0","right":"0","bottom":"0","left":"0","isLinked":false},"header_size":"h1","align_mobile":"center","typography_font_size":{"unit":"px","size":60},"typography_font_size_tablet":{"unit":"px","size":30},"typography_font_size_mobile":{"unit":"px","size":22}},"elements":[],"isInner":false,"widgetType":"xooapp-heading","elType":"widget"},{"id":"5cade250","settings":{"title":"Semper lacus cursus porta, feugiat primis luctus ultrice tellus potenti neque dolor primis in magna","header_size":"p","title_color":"#ffffff","typography_typography":"custom","typography_font_weight":"300","_margin":{"unit":"px","top":"0","right":"0","bottom":"0","left":"0","isLinked":false},"_padding":{"unit":"px","top":"0","right":"0","bottom":"0","left":"0","isLinked":false},"typography_font_size":{"unit":"px","size":20},"_margin_mobile":{"unit":"px","top":"0","right":"0","bottom":"0","left":"0","isLinked":false},"_padding_mobile":{"unit":"px","top":"0","right":"0","bottom":"0","left":"0","isLinked":false},"typography_font_size_mobile":{"unit":"px","size":16},"align_mobile":"center"},"elements":[],"isInner":false,"widgetType":"heading","elType":"widget"},{"id":"275620dd","settings":{"app_image_one":{"url":"http:\/\/jthemes.org\/wp\/xooapp\/wp-content\/uploads\/2018\/10\/appstore-tra-white.png","id":145},"app_image_two":{"url":"http:\/\/jthemes.org\/wp\/xooapp\/wp-content\/uploads\/2018\/10\/googleplay-tra-white.png","id":148},"section_margin":{"unit":"px","top":"0","right":"15","bottom":"0","left":"0","isLinked":false},"_margin":{"unit":"px","top":"40","right":"0","bottom":"0","left":"0","isLinked":false},"align_mobile":"center"},"elements":[],"isInner":false,"widgetType":"xooapp_app_info","elType":"widget"},{"id":"763e65bf","settings":{"title":"* Requires iOS 7.0 or higher\n","header_size":"span","title_color":"#ffffff","typography_typography":"custom","typography_font_weight":"300","typography_font_style":"italic","align_mobile":"center"},"elements":[],"isInner":false,"widgetType":"xooapp-heading","elType":"widget"}],"isInner":true,"elType":"column"},{"id":"5aed8e36","settings":{"_column_size":50,"_inline_size":null},"elements":[],"isInner":true,"elType":"column"}],"isInner":true,"elType":"section"}],"isInner":false,"elType":"column"}],"isInner":false,"elType":"section"},{"id":"c6e2f60","settings":{"html_tag":"div","structure":"40","padding":{"unit":"px","top":"60","right":"0","bottom":"60","left":"0","isLinked":false}},"elements":[{"id":"3de66ea","settings":{"_column_size":25,"_inline_size":null,"_inline_size_mobile":50,"margin_mobile":{"unit":"px","top":"0","right":"0","bottom":"30","left":"0","isLinked":false}},"elements":[{"id":"16010d03","settings":{"image":{"url":"http:\/\/jthemes.org\/wp\/xooapp\/wp-content\/uploads\/2018\/10\/brand-1.png","id":20}},"elements":[],"isInner":false,"widgetType":"image","elType":"widget"}],"isInner":false,"elType":"column"},{"id":"8551bc3","settings":{"_column_size":25,"_inline_size":null,"_inline_size_mobile":50},"elements":[{"id":"2f1604da","settings":{"image":{"url":"http:\/\/jthemes.org\/wp\/xooapp\/wp-content\/uploads\/2018\/10\/brand-2.png","id":21}},"elements":[],"isInner":false,"widgetType":"image","elType":"widget"}],"isInner":false,"elType":"column"},{"id":"b3ca596","settings":{"_column_size":25,"_inline_size":null,"_inline_size_mobile":50},"elements":[{"id":"5f48f931","settings":{"image":{"url":"http:\/\/jthemes.org\/wp\/xooapp\/wp-content\/uploads\/2018\/10\/brand-3.png","id":22}},"elements":[],"isInner":false,"widgetType":"image","elType":"widget"}],"isInner":false,"elType":"column"},{"id":"6e6c49f8","settings":{"_column_size":25,"_inline_size":null,"_inline_size_mobile":50},"elements":[{"id":"1107d01a","settings":{"image":{"url":"http:\/\/jthemes.org\/wp\/xooapp\/wp-content\/uploads\/2018\/10\/brand-4.png","id":23}},"elements":[],"isInner":false,"widgetType":"image","elType":"widget"}],"isInner":false,"elType":"column"}],"isInner":false,"elType":"section"},{"id":"10e2de5","settings":{"layout":"full_width","gap":"no","padding":{"unit":"%","top":"","right":"","bottom":"","left":"","isLinked":false},"background_color":"#715fef","html_tag":"div","_element_id":"why_xooapp"},"elements":[{"id":"228e28ff","settings":{"_column_size":100,"background_background":"classic"},"elements":[{"id":"4433b0be","settings":{"structure":"20","background_color":"#f0f0f0","color_text":"#ffffff","padding":{"unit":"px","top":"100","right":"0","bottom":"100","left":"0","isLinked":false},"background_position":"bottom center","content_position":"middle","html_tag":"div","gap":"no"},"elements":[{"id":"ca3e4d0","settings":{"_column_size":50,"_inline_size":null,"padding":{"unit":"px","top":"0","right":"45","bottom":"0","left":"45","isLinked":false},"padding_tablet":{"unit":"px","top":"0","right":"0","bottom":"0","left":"0","isLinked":false},"padding_mobile":{"unit":"px","top":"0","right":"0","bottom":"0","left":"0","isLinked":false}},"elements":[{"id":"5f637b05","settings":{"image":{"id":63,"url":"http:\/\/jthemes.org\/wp\/xooapp\/wp-content\/uploads\/2018\/10\/image-07.png"},"image_size":"full","align":"right","_margin":{"unit":"px","top":"0","right":"0","bottom":"0","left":"0","isLinked":false},"_animation":"fadeInRight"},"elements":[],"isInner":false,"widgetType":"image","elType":"widget"}],"isInner":true,"elType":"column"},{"id":"105049b7","settings":{"_column_size":50,"_inline_size":null,"padding":{"unit":"px","top":"0","right":"0","bottom":"0","left":"60","isLinked":false}},"elements":[{"id":"182b0a55","settings":{"title":"Promote your App easily","size":"xxl","align":"left","title_color":"#0c0c0c","typography_typography":"custom","_animation":"fadeInLeft","_animation_delay":300},"elements":[],"isInner":false,"widgetType":"xooapp-heading","elType":"widget"},{"id":"7a20772b","settings":{"editor":"<p>An enim nullam tempor sapien gravida donec enim ipsum porta justo integer at odio velna vitae auctor integer congue magna at pretium purus pretium ligula rutrum luctus risus<\/p><h5>Features Never Stop<\/h5>","text_color":"#0c0c0c","typography_typography":"custom","typography_font_weight":"300","_animation":"fadeInLeft","_animation_delay":400,"_margin":{"unit":"px","top":"0","right":"0","bottom":"0","left":"0","isLinked":false},"_padding":{"unit":"px","top":"0","right":"0","bottom":"0","left":"0","isLinked":false}},"elements":[],"isInner":false,"widgetType":"text-editor","elType":"widget"},{"id":"2294ef0b","settings":{"icon_list":[{"text":"Fringilla risus nec, luctus mauris orci auctor purus euismod pretium purus pretium ligula rutrum tempor sapien","icon":"fa fa-circle-o","_id":"be28755","link":{"url":"","is_external":"","nofollow":""}},{"text":"Muaerat sodales sapien undo euismod purus blandit","icon":"fa fa-circle-o","_id":"630ce1c","link":{"url":"","is_external":"","nofollow":""}},{"text":"Nemo ipsam egestas volute turpis dolores ut aliquam quaerat sodales sapien undo pretium purus","icon":"fa fa-circle-o","_id":"f0061dd","link":{"url":"","is_external":"","nofollow":""}}],"space_between":{"unit":"px","size":10},"icon_color":"#4f4f4f","icon_size":{"unit":"px","size":12},"text_indent":{"unit":"px","size":10},"_animation":"fadeInLeft","_animation_delay":400,"icon_typography_typography":"custom"},"elements":[],"isInner":false,"widgetType":"icon-list","elType":"widget"}],"isInner":true,"elType":"column"}],"isInner":true,"elType":"section"}],"isInner":false,"elType":"column"}],"isInner":false,"elType":"section"},{"id":"441aca79","settings":{"margin":{"unit":"%","top":"","right":0,"bottom":"","left":0,"isLinked":false},"heading_color":"#c9c9c9","color_text":"#848484","html_tag":"div","content_position":"middle","background_background":"classic","background_color":"#f7f7f7","padding":{"unit":"px","top":"100","right":"0","bottom":"100","left":"0","isLinked":false},"gap":"no","padding_mobile":{"unit":"px","top":"0","right":"0","bottom":"0","left":"0","isLinked":false}},"elements":[{"id":"4cdeb470","settings":{"_column_size":100},"elements":[{"id":"7f489411","settings":{"structure":"20","html_tag":"div","content_position":"middle","gap":"no","padding_mobile":{"unit":"px","top":"0","right":"0","bottom":"0","left":"0","isLinked":false}},"elements":[{"id":"6262a0c8","settings":{"_column_size":50,"_inline_size":null},"elements":[{"id":"6ad2dec3","settings":{"title":"Available on all your devices\n","size":"xxl","title_color":"#0c0c0c","typography_typography":"custom","_animation":"fadeInRight"},"elements":[],"isInner":false,"widgetType":"xooapp-heading","elType":"widget"},{"id":"cc2cb65","settings":{"editor":"<p>An enim nullam tempor sapien gravida donec enim ipsum porta justo integer at odio velna vitae auctor integer congue<\/p><h5>Use on any devices<\/h5><p>An nullam tempor sapien, eget gravida donec enim ipsum porta justo integer at odio velna vitae auctor integer congue magna undo. Gravida magna lacus odio ac risus auctor<\/p>","typography_typography":"custom"},"elements":[],"isInner":false,"widgetType":"text-editor","elType":"widget"},{"id":"1485b945","settings":{"view":"inline","button_list":[{"button_text":"","social":"fa fa-arrow-right","_id":"6cd30a8","link":{"url":"","is_external":"true","nofollow":""},"show_icon":"yes","icon":"fa fa-tablet","icon_align":"left","icon_indent":{"unit":"px","size":""},"icon_size":{"unit":"px","size":40},"button_indi_color":"","button_font_color":"#c4c4c4","button_margin":{"unit":"px","top":"","right":"","bottom":"","left":"","isLinked":true},"border_type":"","border_width":{"unit":"px","top":"","right":"","bottom":"","left":"","isLinked":true},"border_color":"","border_radius":{"unit":"px","top":"","right":"","bottom":"","left":"","isLinked":true},"rotate":{"unit":"deg","size":90},"title_typography_typography":"","title_typography_font_family":"Montserrat","title_typography_font_size":{"unit":"px","size":""},"title_typography_font_size_tablet":{"unit":"px","size":""},"title_typography_font_size_mobile":{"unit":"px","size":""},"title_typography_font_weight":"","title_typography_text_transform":"","title_typography_font_style":"","title_typography_text_decoration":"","title_typography_line_height":{"unit":"em","size":""},"title_typography_line_height_tablet":{"unit":"em","size":""},"title_typography_line_height_mobile":{"unit":"em","size":""},"title_typography_letter_spacing":{"unit":"px","size":""},"title_typography_letter_spacing_tablet":{"unit":"px","size":""},"title_typography_letter_spacing_mobile":{"unit":"px","size":""},"button_hover_indi_color":"","button_hover_font_color":"","align":"","align_tablet":"","align_mobile":""},{"button_text":"","social":"fa fa-arrow-right","_id":"abf9193","link":{"url":"","is_external":"true","nofollow":""},"show_icon":"yes","icon":"fa fa-mobile-phone","icon_align":"right","icon_indent":{"unit":"px","size":7},"icon_size":{"unit":"px","size":41},"button_indi_color":"","button_font_color":"#bababa","button_margin":{"unit":"px","top":"0","right":"10","bottom":"0","left":"0","isLinked":false},"border_type":"","border_width":{"unit":"px","top":"","right":"","bottom":"","left":"","isLinked":true},"border_color":"","border_radius":{"unit":"px","top":"","right":"","bottom":"","left":"","isLinked":true},"rotate":{"unit":"deg","size":0},"title_typography_typography":"","title_typography_font_family":"Montserrat","title_typography_font_size":{"unit":"px","size":""},"title_typography_font_size_tablet":{"unit":"px","size":""},"title_typography_font_size_mobile":{"unit":"px","size":""},"title_typography_font_weight":"","title_typography_text_transform":"","title_typography_font_style":"","title_typography_text_decoration":"","title_typography_line_height":{"unit":"em","size":""},"title_typography_line_height_tablet":{"unit":"em","size":""},"title_typography_line_height_mobile":{"unit":"em","size":""},"title_typography_letter_spacing":{"unit":"px","size":""},"title_typography_letter_spacing_tablet":{"unit":"px","size":""},"title_typography_letter_spacing_mobile":{"unit":"px","size":""},"button_hover_indi_color":"","button_hover_font_color":"","align":"","align_tablet":"","align_mobile":""},{"button_text":"Available on iPhone, iPad and all <br> Android devices from 5.5","link":{"url":"","is_external":"true","nofollow":""},"show_icon":"No","icon":"","icon_align":"left","icon_indent":{"unit":"px","size":""},"icon_size":{"unit":"px","size":""},"rotate":{"unit":"deg","size":0},"button_indi_color":"","button_font_color":"#232323","button_margin":{"unit":"px","top":"","right":"","bottom":"","left":"","isLinked":true},"border_type":"","border_width":{"unit":"px","top":"","right":"","bottom":"","left":"","isLinked":true},"border_color":"","border_radius":{"unit":"px","top":"","right":"","bottom":"","left":"","isLinked":true},"_id":"95de789","title_typography_typography":"custom","title_typography_font_family":"Roboto","title_typography_font_size":{"unit":"px","size":16},"title_typography_font_size_tablet":{"unit":"px","size":""},"title_typography_font_size_mobile":{"unit":"px","size":15},"title_typography_font_weight":"300","title_typography_text_transform":"","title_typography_font_style":"italic","title_typography_text_decoration":"","title_typography_line_height":{"unit":"em","size":""},"title_typography_line_height_tablet":{"unit":"em","size":""},"title_typography_line_height_mobile":{"unit":"em","size":""},"title_typography_letter_spacing":{"unit":"px","size":""},"title_typography_letter_spacing_tablet":{"unit":"px","size":""},"title_typography_letter_spacing_mobile":{"unit":"px","size":""},"button_hover_indi_color":"","button_hover_font_color":"","align":"","align_tablet":"","align_mobile":""}],"button_color":"custom"},"elements":[],"isInner":false,"widgetType":"xooapp_button_list","elType":"widget"}],"isInner":true,"elType":"column"},{"id":"3897692d","settings":{"_column_size":50,"_inline_size":null},"elements":[{"id":"614b1cf8","settings":{"image":{"id":17,"url":"http:\/\/jthemes.org\/wp\/xooapp\/wp-content\/uploads\/2018\/10\/apple-watch.png"},"_animation":"fadeInLeft","align":"center","_margin":{"unit":"px","top":"0","right":"0","bottom":"0","left":"0","isLinked":false},"_padding":{"unit":"px","top":"0","right":"0","bottom":"0","left":"0","isLinked":false}},"elements":[],"isInner":false,"widgetType":"image","elType":"widget"}],"isInner":true,"elType":"column"}],"isInner":true,"elType":"section"}],"isInner":false,"elType":"column"}],"isInner":false,"elType":"section"},{"id":"43f7063f","settings":{"layout":"full_width","gap":"no","padding":{"unit":"%","top":"","right":"","bottom":"","left":"","isLinked":false},"background_color":"#715fef","html_tag":"div"},"elements":[{"id":"679c5754","settings":{"_column_size":100,"background_background":"classic"},"elements":[{"id":"1d97bc04","settings":{"structure":"20","background_color":"#f0f0f0","color_text":"#ffffff","padding":{"unit":"px","top":"100","right":"0","bottom":"100","left":"0","isLinked":false},"background_position":"bottom center","content_position":"middle","html_tag":"div","gap":"no"},"elements":[{"id":"10079117","settings":{"_column_size":50,"_inline_size":null,"padding":{"unit":"px","top":"0","right":"45","bottom":"0","left":"45","isLinked":false},"padding_tablet":{"unit":"px","top":"0","right":"0","bottom":"0","left":"0","isLinked":false},"padding_mobile":{"unit":"px","top":"0","right":"0","bottom":"0","left":"0","isLinked":false}},"elements":[{"id":"e841493","settings":{"image":{"id":65,"url":"http:\/\/jthemes.org\/wp\/xooapp\/wp-content\/uploads\/2018\/10\/image-09.png"},"image_size":"full","align":"right","_margin":{"unit":"px","top":"0","right":"0","bottom":"0","left":"0","isLinked":false},"_animation":"fadeInRight"},"elements":[],"isInner":false,"widgetType":"image","elType":"widget"}],"isInner":true,"elType":"column"},{"id":"7d82d95d","settings":{"_column_size":50,"_inline_size":null,"padding":{"unit":"px","top":"0","right":"0","bottom":"0","left":"60","isLinked":false},"margin_mobile":{"unit":"px","top":"20","right":"20","bottom":"20","left":"20","isLinked":true}},"elements":[{"id":"cef9ede","settings":{"title":"Experienced and Skilled\n","size":"xxl","align":"left","title_color":"#0c0c0c","typography_typography":"custom","_animation":"fadeInLeft","_animation_delay":300},"elements":[],"isInner":false,"widgetType":"xooapp-heading","elType":"widget"},{"id":"5100a693","settings":{"editor":"<p>An enim nullam tempor sapien gravida donec enim ipsum porta justo integer at odio velna vitae auctor integer congue magna at pretium purus pretium ligula rutrum luctus risus<\/p><h5>Feature Integration<\/h5><p>An nullam tempor sapien, eget gravida donec enim ipsum porta justo integer at odio velna vitae auctor integer congue<\/p><h5>Multiple Discussions<\/h5><p>Justo integer at odio velna vitae auctor integer congue magna undo impedit. Gravida magna lacus odio ac risus<\/p>","text_color":"#0c0c0c","typography_typography":"custom","typography_font_weight":"300","typography_font_size":{"unit":"px","size":17},"_animation":"fadeInLeft","_animation_delay":400,"_margin":{"unit":"px","top":"0","right":"0","bottom":"0","left":"0","isLinked":false},"_padding":{"unit":"px","top":"0","right":"0","bottom":"0","left":"0","isLinked":false}},"elements":[],"isInner":false,"widgetType":"text-editor","elType":"widget"}],"isInner":true,"elType":"column"}],"isInner":true,"elType":"section"}],"isInner":false,"elType":"column"}],"isInner":false,"elType":"section"},{"id":"2dddfdee","settings":{"background_background":"classic","background_color":"#262626","background_image":{"id":98,"url":"http:\/\/jthemes.org\/wp\/xooapp\/wp-content\/uploads\/2018\/10\/tra-bg-2.png"},"background_position":"bottom center","background_attachment":"fixed","background_repeat":"no-repeat","padding":{"unit":"px","top":"100","right":"0","bottom":"150","left":"0","isLinked":false},"html_tag":"div","_element_id":"how_it_works"},"elements":[{"id":"1ab218fc","settings":{"_column_size":100},"elements":[{"id":"1fa0c7f7","settings":{"title":"How XooApp Works\n","align":"center","subheading_title":"Aliquam a augue suscipit, luctus neque purus ipsum neque dolor primis libero tempus, tempor posuere ligula varius","title_color":"#ffffff","typography_typography":"custom","typography_line_height":{"unit":"em","size":1.5},"sub_title_color":"#ffffff","sub_typography_typography":"custom","_margin":{"unit":"px","top":"","right":"","bottom":"","left":"","isLinked":false},"_padding":{"unit":"px","top":"0","right":"0","bottom":"30","left":"0","isLinked":false}},"elements":[],"isInner":false,"widgetType":"xooapp-section-heading","elType":"widget"},{"id":"3fc10a49","settings":{"banner_title":"Modern, Powerful and Creative","banner_button_text":"Discover More","banner_button_link":"#","video_link":"https:\/\/www.youtube.com\/watch?v=kuceVNBTJio","banner_bg_img":{"id":107,"url":"http:\/\/jthemes.org\/wp\/xooapp\/wp-content\/uploads\/2018\/10\/hero-1-img.png"}},"elements":[],"isInner":false,"widgetType":"xooapp_video_content","elType":"widget"}],"isInner":false,"elType":"column"}],"isInner":false,"elType":"section"},{"id":"3ab84ff1","settings":{"content_width":{"unit":"px","size":0},"layout":"full_width","gap":"no","padding":{"unit":"px","top":"60","right":"0","bottom":"100","left":"0","isLinked":false},"html_tag":"div","_element_id":"screen","background_background":"classic","background_overlay_color":"#42a045","background_overlay_image":{"url":"http:\/\/jthemes.org\/wp\/xooapp\/wp-content\/uploads\/2018\/10\/tra-bg-2.png","id":98},"background_overlay_position":"center center","background_overlay_attachment":"fixed","background_overlay_opacity":{"unit":"px","size":1},"padding_tablet":{"unit":"px","top":"90","right":"0","bottom":"80","left":"0","isLinked":false},"padding_mobile":{"unit":"px","top":"70","right":"0","bottom":"0","left":"0","isLinked":false}},"elements":[{"id":"1020010f","settings":{"_column_size":100},"elements":[{"id":"5c742259","settings":{"title":"Unique App Screens","subheading_title":"Aliquam a augue suscipit, luctus neque purus ipsum neque dolor primis libero tempus, tempor posuere ligula varius","align":"center","sub_align":"center","title_color":"#0c0c0c","typography_typography":"custom","sub_title_color":"#0c0c0c","sub_typography_typography":"custom","_padding":{"unit":"px","top":"0","right":"0","bottom":"0","left":"0","isLinked":true},"_margin":{"unit":"px","top":"0","right":"0","bottom":"60","left":"0","isLinked":false},"typography_line_height":{"unit":"em","size":1.6999999999999999555910790149937383830547332763671875},"typography_letter_spacing":{"unit":"px","size":0},"section_padding":{"unit":"px","top":"0","right":"0","bottom":"0","left":"0","isLinked":false},"_margin_mobile":{"unit":"px","top":"0","right":"0","bottom":"0","left":"0","isLinked":false},"_padding_mobile":{"unit":"px","top":"0","right":"0","bottom":"0","left":"0","isLinked":false}},"elements":[],"isInner":false,"widgetType":"xooapp-section-heading","elType":"widget"},{"id":"664b2092","settings":{"carousel":[{"id":117,"url":"http:\/\/jthemes.org\/wp\/xooapp\/wp-content\/uploads\/2018\/10\/screen-1.jpg"},{"id":118,"url":"http:\/\/jthemes.org\/wp\/xooapp\/wp-content\/uploads\/2018\/10\/screen-2.jpg"},{"id":119,"url":"http:\/\/jthemes.org\/wp\/xooapp\/wp-content\/uploads\/2018\/10\/screen-3.jpg"},{"id":120,"url":"http:\/\/jthemes.org\/wp\/xooapp\/wp-content\/uploads\/2018\/10\/screen-4.jpg"},{"id":121,"url":"http:\/\/jthemes.org\/wp\/xooapp\/wp-content\/uploads\/2018\/10\/screen-5.jpg"},{"id":122,"url":"http:\/\/jthemes.org\/wp\/xooapp\/wp-content\/uploads\/2018\/10\/screen-6.jpg"},{"id":123,"url":"http:\/\/jthemes.org\/wp\/xooapp\/wp-content\/uploads\/2018\/10\/screen-7.jpg"},{"id":124,"url":"http:\/\/jthemes.org\/wp\/xooapp\/wp-content\/uploads\/2018\/10\/screen-8.jpg"}],"thumbnail_size":"full","_margin":{"unit":"px","top":"0","right":"0","bottom":"0","left":"0","isLinked":false},"frame_select":"","_padding_mobile":{"unit":"px","top":"0","right":"0","bottom":"0","left":"0","isLinked":false}},"elements":[],"isInner":false,"widgetType":"app-screenshot-carousel","elType":"widget"}],"isInner":false,"elType":"column"}],"isInner":false,"elType":"section"},{"id":"39b633a5","settings":{"background_color":"#efefef","html_tag":"div","xooapp_responsive_background":{"url":"http:\/\/jthemes.org\/wp\/xooapp\/wp-content\/uploads\/2018\/10\/tra-waves.png","id":99},"responsive_background_control":"bottom center","xooapp_responsive_background_color":"#efefef","_element_id":"our_team","padding_tablet":{"unit":"px","top":"60","right":"0","bottom":"0","left":"0","isLinked":false}},"elements":[{"id":"3470a200","settings":{"_column_size":100,"padding":{"unit":"px","top":"90","right":"0","bottom":"100","left":"0","isLinked":false}},"elements":[{"id":"f19e81e","settings":{"title":"Our Executive Team","align":"center","subheading_title":"Aliquam a augue suscipit, luctus neque purus ipsum neque dolor primis libero tempus, tempor posuere ligula varius","title_color":"#0c0c0c","sub_typography_typography":"custom","sub_typography_line_height":{"unit":"px","size":""},"sub_text_shadow_text_shadow":{"horizontal":0,"vertical":0,"blur":0,"color":"rgba(0,0,0,0.3)"},"typography_typography":"custom","typography_line_height":{"unit":"em","size":1.600000000000000088817841970012523233890533447265625},"sub_title_color":"#0c0c0c","_padding":{"unit":"px","top":"0","right":"0","bottom":"0","left":"0","isLinked":false},"title_margin":{"unit":"%","top":"","right":"","bottom":"","left":"","isLinked":false},"subtitle_margin":{"unit":"px","top":"0","right":"0","bottom":"0","left":"0","isLinked":false},"subtitle_padding":{"unit":"%","top":"","right":"","bottom":"","left":"","isLinked":false},"section_margin":{"unit":"px","top":"0","right":"0","bottom":"0","left":"0","isLinked":false},"section_padding":{"unit":"px","top":"0","right":"0","bottom":"0","left":"0","isLinked":false}},"elements":[],"isInner":false,"widgetType":"xooapp-section-heading","elType":"widget"},{"id":"6decfb89","settings":{"structure":"40","html_tag":"div"},"elements":[{"id":"27890c68","settings":{"_column_size":25,"_inline_size":null,"_inline_size_tablet":50},"elements":[{"id":"2bdf4ad6","settings":{"team_image":{"id":93,"url":"http:\/\/jthemes.org\/wp\/xooapp\/wp-content\/uploads\/2018\/10\/team-1.jpg"},"team_name":"Jonathan Barnes","designation":"Founder","social_list":[{"social_name":"Facebook","social_icon":"fa fa-facebook","_id":"480bfe2","social_link":"#","list_color":""},{"social_name":"Twitter","social_icon":"fa fa-twitter","_id":"2b96165","social_link":"#","list_color":""},{"social_name":"Dribbble","social_icon":"fa fa-dribbble","_id":"c4b3cd3","social_link":"#","list_color":""}],"primary_color":"#ffffff","_animation":"fadeInUp","_animation_delay":300},"elements":[],"isInner":false,"widgetType":"xooapp-team","elType":"widget"}],"isInner":true,"elType":"column"},{"id":"1805ba08","settings":{"_column_size":25,"_inline_size":null,"_inline_size_tablet":50},"elements":[{"id":"7c3eb5a2","settings":{"team_image":{"id":94,"url":"http:\/\/jthemes.org\/wp\/xooapp\/wp-content\/uploads\/2018\/10\/team-2.jpg"},"team_name":"Hannah Harper","designation":"Project Manager","social_list":[{"social_name":"Facebook","social_icon":"fa fa-facebook","_id":"480bfe2","social_link":"#","list_color":"#c4c4c4"},{"social_name":"Twitter","social_icon":"fa fa-twitter","_id":"2b96165","social_link":"#","list_color":""},{"social_name":"Dribbble","social_icon":"fa fa-dribbble","_id":"c4b3cd3","social_link":"#","list_color":""}],"primary_color":"#ffffff","_animation":"fadeInUp","_animation_delay":400},"elements":[],"isInner":false,"widgetType":"xooapp-team","elType":"widget"}],"isInner":true,"elType":"column"},{"id":"2372132a","settings":{"_column_size":25,"_inline_size":null,"_inline_size_tablet":50},"elements":[{"id":"3c616662","settings":{"team_image":{"id":95,"url":"http:\/\/jthemes.org\/wp\/xooapp\/wp-content\/uploads\/2018\/10\/team-3.jpg"},"team_name":"Matthew Anderson","designation":"Programmer","social_list":[{"social_name":"Facebook","social_icon":"fa fa-facebook","_id":"480bfe2","social_link":"#","list_color":"#606060"},{"social_name":"Twitter","social_icon":"fa fa-twitter","_id":"2b96165","social_link":"#","list_color":""},{"social_name":"Dribbble","social_icon":"fa fa-dribbble","_id":"c4b3cd3","social_link":"#","list_color":""}],"primary_color":"#ffffff","_animation":"fadeInUp","_animation_delay":500},"elements":[],"isInner":false,"widgetType":"xooapp-team","elType":"widget"}],"isInner":true,"elType":"column"},{"id":"4cf59ccf","settings":{"_column_size":25,"_inline_size":null,"_inline_size_tablet":50},"elements":[{"id":"59e3eb5","settings":{"team_image":{"id":96,"url":"http:\/\/jthemes.org\/wp\/xooapp\/wp-content\/uploads\/2018\/10\/team-4.jpg"},"team_name":"Megan Coleman","designation":"Graphic Designer","social_list":[{"social_name":"Facebook","social_icon":"fa fa-facebook","_id":"480bfe2","social_link":"#","list_color":""},{"social_name":"Twitter","social_icon":"fa fa-twitter","_id":"2b96165","social_link":"#","list_color":""},{"social_name":"Dribbble","social_icon":"fa fa-dribbble","_id":"c4b3cd3","social_link":"#","list_color":""}],"primary_color":"#ffffff","_animation":"fadeInUp","_animation_delay":600},"elements":[],"isInner":false,"widgetType":"xooapp-team","elType":"widget"}],"isInner":true,"elType":"column"}],"isInner":true,"elType":"section"},{"id":"2267bbdb","settings":{"html_tag":"div","padding":{"unit":"px","top":"60","right":"0","bottom":"0","left":"0","isLinked":false}},"elements":[{"id":"17706ca3","settings":{"_column_size":100,"_inline_size":null},"elements":[{"id":"7e46a25e","settings":{"title":"<strong>We Are Hiring!<\/strong> Become part of our talented team","align":"center","subheading_title":"Gravida enim tempor sapien eget gravida donec enim ipsum porta justo at odio velna auctor <br \/>congue vitae magna at risus enim ipsum porta justo integer","title_color":"#0c0c0c","sub_title_color":"#0c0c0c","sub_header_size":"span","typography_typography":"custom","typography_font_weight":"400","sub_typography_typography":"custom","sub_typography_font_size":{"unit":"px","size":18},"_margin":{"unit":"px","top":"0","right":"0","bottom":"0","left":"0","isLinked":true},"title_margin":{"unit":"%","top":"","right":"","bottom":"","left":"","isLinked":true},"subtitle_margin":{"unit":"px","top":"0","right":"0","bottom":"0","left":"0","isLinked":false},"subtitle_padding":{"unit":"px","top":"0","right":"0","bottom":"0","left":"0","isLinked":false},"typography_font_size_mobile":{"unit":"px","size":20},"title_margin_mobile":{"unit":"px","top":"0","right":"0","bottom":"0","left":"0","isLinked":false},"sub_typography_font_size_mobile":{"unit":"px","size":14},"_margin_mobile":{"unit":"px","top":"0","right":"0","bottom":"0","left":"0","isLinked":false},"_padding_mobile":{"unit":"px","top":"0","right":"0","bottom":"0","left":"0","isLinked":false}},"elements":[],"isInner":false,"widgetType":"xooapp-section-heading","elType":"widget"},{"id":"57d29f65","settings":{"text":"Join Our Team","align":"center","size":"md"},"elements":[],"isInner":false,"widgetType":"button","elType":"widget"}],"isInner":true,"elType":"column"}],"isInner":true,"elType":"section"}],"isInner":false,"elType":"column"}],"isInner":false,"elType":"section"},{"id":"17749c5","settings":{"background_background":"classic","background_color":"#e8e8e8","padding":{"unit":"px","top":"60","right":"0","bottom":"60","left":"0","isLinked":false},"html_tag":"div","_element_id":"reviews","xooapp_responsive_background_color":"#ffffff"},"elements":[{"id":"39ed6198","settings":{"_column_size":100,"_inline_size":null},"elements":[{"id":"65ab1a71","settings":{"title":"Customers Feedback\n","subheading_title":"Aliquam a augue suscipit, luctus neque purus ipsum neque dolor primis<br> libero tempus, tempor posuere ligula varius","title_color":"#0c0c0c","sub_title_color":"#0c0c0c","sub_typography_typography":"custom","_margin":{"unit":"px","top":"0","right":"0","bottom":"-60","left":"0","isLinked":false},"title_margin":{"unit":"px","top":"0","right":"0","bottom":"0","left":"0","isLinked":false},"subtitle_margin":{"unit":"px","top":"0","right":"0","bottom":"0","left":"0","isLinked":false},"subtitle_padding":{"unit":"px","top":"0","right":"0","bottom":"0","left":"0","isLinked":false}},"elements":[],"isInner":false,"widgetType":"xooapp-section-heading","elType":"widget"},{"id":"369fd128","settings":{"html_tag":"div","background_background":"classic","background_color":"#e8e8e8","gap":"no","margin":{"unit":"px","top":"0","right":0,"bottom":"0","left":0,"isLinked":false},"margin_mobile":{"unit":"px","top":"60","right":0,"bottom":"0","left":0,"isLinked":false},"padding":{"unit":"px","top":"30","right":"0","bottom":"0","left":"0","isLinked":false},"padding_mobile":{"unit":"px","top":"0","right":"0","bottom":"0","left":"0","isLinked":false}},"elements":[{"id":"7372264f","settings":{"_column_size":100,"_inline_size":null,"background_background":"classic","background_color":"#e8e8e8"},"elements":[{"id":"673e2a87","settings":{"testimonial_option":[{"title":"Jonathan Morgan","designation":"Marketting","testimoni_content_title":"Super Support","testimoni_content":"Enim ad minim veniam, quis nostrud exercitation ullamco laboris nisi ut aliquip ex ea commodo conse quat. Duis aute irure dolor in reprehenderit in voluptate.","testimoni_image":{"url":"http:\/\/jthemes.org\/wp\/xooapp\/wp-content\/plugins\/xooapp-master\/assets\/images\/review-author-1.jpg"},"testimonial_rating":"<i class=\"fa fa-star\"><\/i><i class=\"fa fa-star\"><\/i><i class=\"fa fa-star\"><\/i><i class=\"fa fa-star\"><\/i><i class=\"fa fa-star\"><\/i>","_id":"a83175c"},{"title":"Harsul Hisham","designation":"Engineer","testimoni_content_title":"What a theme!","testimoni_content":"Enim ad minim veniam, quis nostrud exercitation ullamco laboris nisi ut aliquip ex ea commodo conse quat. Duis aute irure dolor in reprehenderit in voluptate.","testimoni_image":{"url":"http:\/\/jthemes.org\/wp\/xooapp\/wp-content\/plugins\/xooapp-master\/assets\/images\/review-author-2.jpg"},"testimonial_rating":"<i class=\"fa fa-star\"><\/i><i class=\"fa fa-star\"><\/i><i class=\"fa fa-star\"><\/i><i class=\"fa fa-star\"><\/i><i class=\"fa fa-star\"><\/i>","_id":"38005a2"},{"title":"Teem Southy","designation":"Developer","testimoni_content_title":"Outstanding Support","testimoni_content":"Enim ad minim veniam, quis nostrud exercitation ullamco laboris nisi ut aliquip ex ea commodo conse quat. Duis aute irure dolor in reprehenderit in voluptate.","testimoni_image":{"url":"http:\/\/jthemes.org\/wp\/xooapp\/wp-content\/plugins\/xooapp-master\/assets\/images\/review-author-3.jpg"},"testimonial_rating":"<i class=\"fa fa-star\"><\/i><i class=\"fa fa-star\"><\/i><i class=\"fa fa-star\"><\/i><i class=\"fa fa-star\"><\/i><i class=\"fa fa-star\"><\/i>","_id":"bb9db2a"},{"title":"Harsul Hisham","designation":"Engineer","testimoni_content_title":"Happy!!","testimoni_content":"Enim ad minim veniam, quis nostrud exercitation ullamco laboris nisi ut aliquip ex ea commodo conse quat. Duis aute irure dolor in reprehenderit in voluptate.","testimoni_image":{"url":"http:\/\/jthemes.org\/wp\/xooapp\/wp-content\/plugins\/xooapp-master\/assets\/images\/review-author-4.jpg"},"testimonial_rating":"<i class=\"fa fa-star\"><\/i><i class=\"fa fa-star\"><\/i><i class=\"fa fa-star\"><\/i><i class=\"fa fa-star\"><\/i><i class=\"fa fa-star-o\"><\/i>","_id":"fb14771"},{"title":"Jake Margin","designation":"Marketing","testimoni_content_title":"Nice Person","testimoni_content":"Enim ad minim veniam, quis nostrud exercitation ullamco laboris nisi ut aliquip ex ea commodo conse quat. Duis aute irure dolor in reprehenderit in voluptate.","testimoni_image":{"url":"http:\/\/jthemes.org\/wp\/xooapp\/wp-content\/plugins\/xooapp-master\/assets\/images\/review-author-5.jpg"},"testimonial_rating":"<i class=\"fa fa-star\"><\/i><i class=\"fa fa-star\"><\/i><i class=\"fa fa-star\"><\/i><i class=\"fa fa-star\"><\/i><i class=\"fa fa-star\"><\/i>","_id":"c3eda0f"}],"content_typography_typography":"custom","content_typography_font_weight":"300","_background_background":"classic","_background_color":"#ffffff","bg_color":"#e8e8e8","item_center_bg_color":"#e8e8e8","content_bg_color":"#ffffff"},"elements":[],"isInner":false,"widgetType":"xooapp-testimonials","elType":"widget"}],"isInner":true,"elType":"column"}],"isInner":true,"elType":"section"}],"isInner":false,"elType":"column"}],"isInner":false,"elType":"section"},{"id":"7121403a","settings":{"structure":"20","padding":{"unit":"px","top":"100","right":"0","bottom":"100","left":"0","isLinked":false},"html_tag":"div"},"elements":[{"id":"53ac4c6b","settings":{"_column_size":50,"_inline_size":null},"elements":[{"id":"4c9a232e","settings":{"team_name":"Jonathan Barnes","designation":"Founder","social_list":[{"social_name":"Facebook","social_icon":"fa fa-facebook","_id":"a8a8d0f","social_link":"Social Link","list_color":""},{"social_name":"Twitter","social_icon":"fa fa-twitter","_id":"5d33090","social_link":"Social Link","list_color":""},{"social_name":"Dribbble","social_icon":"fa fa-dribbble","_id":"f620987","social_link":"Social Link","list_color":""}],"counter_list":[{"counter_name":"Happy Client","counter_icon":"pe-7s-smile","counter_number":"1154","_id":"570bf68","width":{"unit":"px","top":"0","right":"1","bottom":"1","left":"0","isLinked":false},"color":"#2d2d2d","border_type":"solid","border_width":{"unit":"px","top":"0","right":"1","bottom":"1","left":"0","isLinked":false},"border_color":"#dddddd"},{"counter_name":"Tickets Closed","counter_icon":"pe-7s-help2","counter_number":"409","_id":"d1b975c","width":{"unit":"px","top":"","right":"","bottom":"","left":"","isLinked":true},"color":"","border_type":"solid","border_width":{"unit":"px","top":"0","right":"0","bottom":"1","left":"0","isLinked":false},"border_color":"#dddddd"},{"counter_name":"Followers","counter_icon":"pe-7s-users","counter_number":"869","_id":"bf65d72","width":{"unit":"px","top":"","right":"","bottom":"","left":"","isLinked":true},"color":"","border_type":"solid","border_width":{"unit":"px","top":"0","right":"1","bottom":"0","left":"0","isLinked":false},"border_color":"#dddddd"},{"counter_name":"Cups of Coffee","counter_icon":"pe-7s-coffee","counter_number":"901","_id":"e8a2c00","width":{"unit":"px","top":"","right":"","bottom":"","left":"","isLinked":true},"color":"","border_type":"","border_width":{"unit":"px","top":"1","right":"0","bottom":"0","left":"1","isLinked":false},"border_color":"#dddddd"}],"number_color":"#0c0c0c","description_color":"#0c0c0c","description_typography_typography":"custom","font_gradient_primary_color":"#23a455","font_gradient_secondary_color":"rgba(134,206,143,0.42)"},"elements":[],"isInner":false,"widgetType":"xooapp-counter","elType":"widget"}],"isInner":false,"elType":"column"},{"id":"4ba60d2a","settings":{"_column_size":50,"_inline_size":null},"elements":[{"id":"561a8b0f","settings":{"image":{"url":"http:\/\/jthemes.org\/wp\/xooapp\/wp-content\/uploads\/2018\/10\/image-06.png","id":62}},"elements":[],"isInner":false,"widgetType":"image","elType":"widget"}],"isInner":false,"elType":"column"}],"isInner":false,"elType":"section"},{"id":"6d719f00","settings":{"content_position":"middle","background_background":"classic","background_color":"#42a045","background_image":{"url":"http:\/\/jthemes.org\/wp\/xooapp\/wp-content\/uploads\/2018\/10\/tra-bg-2.png","id":98},"background_position":"bottom right","background_attachment":"fixed","background_repeat":"no-repeat","background_size":"cover","padding":{"unit":"px","top":"100","right":"0","bottom":"100","left":"0","isLinked":false},"html_tag":"div","content_width":{"unit":"px","size":1000}},"elements":[{"id":"1426b538","settings":{"_column_size":100,"_inline_size":null},"elements":[{"id":"68715dcf","settings":{"html_tag":"div","content_width":{"unit":"px","size":900}},"elements":[{"id":"60bc35be","settings":{"_column_size":100,"_inline_size":null},"elements":[{"id":"50967b1e","settings":{"title":"Stay up to date with our news, ideas and updates","align":"center","subheading_title":"","title_color":"#ffffff","section_margin":{"unit":"%","top":"","right":"","bottom":"","left":"","isLinked":false},"section_padding":{"unit":"px","top":"0","right":"0","bottom":"0","left":"0","isLinked":false},"header_size":"h1"},"elements":[],"isInner":false,"widgetType":"xooapp-section-heading","elType":"widget"}],"isInner":true,"elType":"column"}],"isInner":true,"elType":"section"},{"id":"1e145682","settings":{"html_tag":"div"},"elements":[{"id":"44c54e1e","settings":{"_column_size":100,"_inline_size":null},"elements":[{"id":"71dd0e07","settings":{"wp":{"title":""},"_padding":{"unit":"px","top":"0","right":"150","bottom":"0","left":"150","isLinked":false},"_padding_tablet":{"unit":"px","top":"0","right":"50","bottom":"0","left":"50","isLinked":false},"_padding_mobile":{"unit":"px","top":"0","right":"30","bottom":"0","left":"30","isLinked":false}},"elements":[],"isInner":false,"widgetType":"wp-widget-mc4wp_form_widget","elType":"widget"}],"isInner":true,"elType":"column"}],"isInner":true,"elType":"section"}],"isInner":false,"elType":"column"}],"isInner":false,"elType":"section"},{"id":"33e61c7","settings":{"padding":{"unit":"px","top":"100","right":"0","bottom":"100","left":"0","isLinked":false},"html_tag":"div","background_background":"classic","background_overlay_background":"classic","background_overlay_position":"bottom center","_element_id":"faqs"},"elements":[{"id":"794b8538","settings":{"_column_size":100},"elements":[{"id":"1bcfb55e","settings":{"title":"Troubles with XooApp?\n","subheading_title":"Aliquam a augue suscipit, luctus neque purus ipsum neque dolor <br>primis libero tempus, tempor posuere ligula varius","typography_typography":"custom","typography_font_size":{"unit":"px","size":60},"sub_typography_typography":"custom","title_margin":{"unit":"px","top":"0","right":"0","bottom":"0","left":"0","isLinked":false}},"elements":[],"isInner":false,"widgetType":"xooapp-section-heading","elType":"widget"},{"id":"151ed002","settings":{"structure":"20"},"elements":[{"id":"7de063da","settings":{"_column_size":50,"_inline_size":null,"padding":{"unit":"px","top":"0","right":"45","bottom":"0","left":"45","isLinked":false}},"elements":[{"id":"32d40902","settings":{"editor":"<div class=\"question animated fadeInUp visible\" data-animation=\"fadeInUp\" data-animation-delay=\"300\"><h5 class=\"h5-sm\">Lobortis sit magna ornare magna egestas?<\/h5><p>Etiam sit amet mauris suscipit sit amet in odio. Integer congue leo metus. Vitae arcu mollis blandit ultrice ligula egestas magna suscipit lectus magna suscipit luctus undo blandit vitae purus laoreet<\/p><\/div><div class=\"question animated fadeInUp visible\" data-animation=\"fadeInUp\" data-animation-delay=\"400\"><h5 class=\"h5-sm\">Placeat axime facere omnis volute?<\/h5><p>An augue egestas an ipsum vitae emo ligula volute ante ipsum primis in faucibus sit ametn in odio. Integer congue leo metus, eu mollis lorem viverra suscipit lectus magna<\/p><\/div><div class=\"question animated fadeInUp visible\" data-animation=\"fadeInUp\" data-animation-delay=\"500\"><h5 class=\"h5-sm\">An interdum lobortis pretium ornare?<\/h5><p>Feugiat eros, ac tincidunt ligula massa in faucibus orci luctus et ultrices posuere cubilia curae<\/p><\/div><div class=\"question animated fadeInUp visible\" data-animation=\"fadeInUp\" data-animation-delay=\"600\"><h5 class=\"h5-sm\">Interdum lobortis pretium ornare?<\/h5><p>Praesent semper, lacus sed cursus porta, odio augue ligula massa risus laoreet. Laoreet auctor massa varius egestas amet mauris suscipit semper lacus sed cursus porta feugiat primis<\/p><\/div>","typography_typography":"custom","typography_font_size":{"unit":"px","size":16}},"elements":[],"isInner":false,"widgetType":"text-editor","elType":"widget"}],"isInner":true,"elType":"column"},{"id":"77809adb","settings":{"_column_size":50,"_inline_size":null,"padding":{"unit":"px","top":"0","right":"45","bottom":"0","left":"45","isLinked":false}},"elements":[{"id":"40c47b4e","settings":{"editor":"<div class=\"question animated fadeInUp visible\" data-animation=\"fadeInUp\" data-animation-delay=\"300\"><h5 class=\"h5-sm\">Aliquam dapibus pretium ornare?<\/h5><p>Feugiat eros ligula massa lipsum primis in orci luctus et ultrices posuere cubilia curae congue lorem. ante ipsum primis in faucibus bibendum sit amet in odio<\/p><\/div><div class=\"question animated fadeInUp visible\" data-animation=\"fadeInUp\" data-animation-delay=\"400\"><h5 class=\"h5-sm\">Pretium purus lacus tempor an ipsum vitae augue egestas emo ligula?<\/h5><p>Praesent semper lacus sed cursus porta, feugiat primis in orci luctus ligula eros ac ligula massa in faucibus orci luctus et ultrices posuere ante ipsum primis in faucibus bibendum sit amet in odio.<\/p><\/div><div class=\"question animated fadeInUp visible\" data-animation=\"fadeInUp\" data-animation-delay=\"500\"><h5 class=\"h5-sm\">Dapibus lobortis pretium ornare?<\/h5><p>Praesent semper, lacus sed cursus porta,feugiat primis in faucibus orci luctus tincidunt ligula ultrice sapien egestas lobortis magna<\/p><\/div><div class=\"question animated fadeInUp visible\" data-animation=\"fadeInUp\" data-animation-delay=\"600\"><h5 class=\"h5-sm\">Interdum lobortis pretium ornare?<\/h5><p>Feugiat eros, ac tincidunt ligula massa in faucibus orci luctus et ultrices posuere cubilia curae integer congue leo metus, eu mollis lorem primis in orci<\/p><\/div>"},"elements":[],"isInner":false,"widgetType":"text-editor","elType":"widget"}],"isInner":true,"elType":"column"}],"isInner":true,"elType":"section"},{"id":"7e4a1a1a","settings":{"title":"Didn't find what you're looking for?\n","align":"center","typography_typography":"custom","typography_font_size":{"unit":"px","size":26},"typography_font_weight":"500","_margin":{"unit":"px","top":"0","right":"0","bottom":"0","left":"0","isLinked":false},"_padding":{"unit":"px","top":"50","right":"0","bottom":"0","left":"0","isLinked":false}},"elements":[],"isInner":false,"widgetType":"heading","elType":"widget"},{"id":"24422f61","settings":{"text":"Ask Your Question Here","align":"center","size":"md","background_color":"#42a5f5"},"elements":[],"isInner":false,"widgetType":"button","elType":"widget"}],"isInner":false,"elType":"column"}],"isInner":false,"elType":"section"},{"id":"f2f36bd","settings":{"background_background":"classic","background_color":"#e8e8e8","padding":{"unit":"px","top":"100","right":"0","bottom":"100","left":"0","isLinked":false},"content_position":"middle","text_align":"center","html_tag":"div","_element_id":"press_about_us"},"elements":[{"id":"d1765f0","settings":{"_column_size":100},"elements":[{"id":"5189e24f","settings":{"title":"Press About XooApp\n","subheading_title":"Aliquam a augue suscipit, luctus neque purus ipsum neque dolor <br> primis libero tempus, tempor posuere ligula varius","typography_typography":"custom","sub_typography_typography":"custom"},"elements":[],"isInner":false,"widgetType":"xooapp-section-heading","elType":"widget"},{"id":"43d4888","settings":{"structure":"40","html_tag":"div","padding":{"unit":"px","top":"0","right":"0","bottom":"30","left":"0","isLinked":false}},"elements":[{"id":"234a3e45","settings":{"_column_size":25,"_inline_size":null,"_inline_size_tablet":50},"elements":[{"id":"38ac79fa","settings":{"title_text":"","description_text":"","image":{"url":"http:\/\/jthemes.org\/wp\/xooapp\/wp-content\/uploads\/2018\/10\/press-1.png","id":82},"image_space":{"unit":"px","size":0},"image_size":{"unit":"%","size":80},"hover_animation":"grow","css_filters_css_filter":"custom","css_filters_hover_css_filter":"custom","_padding":{"unit":"px","top":"40","right":"40","bottom":"40","left":"40","isLinked":true},"_background_background":"classic","_background_color":"#ffffff","_box_shadow_box_shadow_type":"yes","_box_shadow_box_shadow":{"horizontal":0,"vertical":0,"blur":17,"spread":3,"color":"rgba(0,0,0,0.13)"},"_margin_tablet":{"unit":"px","top":"0","right":"0","bottom":"30","left":"0","isLinked":false},"_padding_tablet":{"unit":"px","top":"20","right":"20","bottom":"20","left":"20","isLinked":true},"_margin_mobile":{"unit":"px","top":"0","right":"0","bottom":"20","left":"0","isLinked":false}},"elements":[],"isInner":false,"widgetType":"image-box","elType":"widget"}],"isInner":true,"elType":"column"},{"id":"72a68ad1","settings":{"_column_size":25,"_inline_size":null,"_inline_size_tablet":50},"elements":[{"id":"2b59885b","settings":{"title_text":"","description_text":"","image":{"url":"http:\/\/jthemes.org\/wp\/xooapp\/wp-content\/uploads\/2018\/10\/press-2.png","id":83},"image_space":{"unit":"px","size":0},"image_size":{"unit":"%","size":80},"hover_animation":"grow","css_filters_css_filter":"custom","css_filters_hover_css_filter":"custom","_padding":{"unit":"px","top":"40","right":"40","bottom":"40","left":"40","isLinked":true},"_background_background":"classic","_background_color":"#ffffff","_box_shadow_box_shadow_type":"yes","_box_shadow_box_shadow":{"horizontal":0,"vertical":0,"blur":17,"spread":3,"color":"rgba(0,0,0,0.13)"},"_margin_mobile":{"unit":"px","top":"0","right":"0","bottom":"20","left":"0","isLinked":false},"_padding_mobile":{"unit":"em","top":"","right":"","bottom":"","left":"","isLinked":false}},"elements":[],"isInner":false,"widgetType":"image-box","elType":"widget"}],"isInner":true,"elType":"column"},{"id":"7a66a0","settings":{"_column_size":25,"_inline_size":null,"_inline_size_tablet":50,"padding_mobile":{"unit":"px","top":"0","right":"0","bottom":"0","left":"0","isLinked":false}},"elements":[{"id":"7d215d9d","settings":{"title_text":"","description_text":"","image":{"url":"http:\/\/jthemes.org\/wp\/xooapp\/wp-content\/uploads\/2018\/10\/press-3.png","id":84},"image_space":{"unit":"px","size":0},"image_size":{"unit":"%","size":80},"hover_animation":"grow","css_filters_css_filter":"custom","css_filters_hover_css_filter":"custom","_padding":{"unit":"px","top":"40","right":"40","bottom":"40","left":"40","isLinked":true},"_background_background":"classic","_background_color":"#ffffff","_box_shadow_box_shadow_type":"yes","_box_shadow_box_shadow":{"horizontal":0,"vertical":0,"blur":17,"spread":3,"color":"rgba(0,0,0,0.13)"},"_margin_mobile":{"unit":"px","top":"0","right":"0","bottom":"20","left":"0","isLinked":false},"_padding_mobile":{"unit":"px","top":"0","right":"0","bottom":"0","left":"0","isLinked":false}},"elements":[],"isInner":false,"widgetType":"image-box","elType":"widget"}],"isInner":true,"elType":"column"},{"id":"42a4266e","settings":{"_column_size":25,"_inline_size":null,"_inline_size_tablet":50},"elements":[{"id":"2c3044cc","settings":{"title_text":"","description_text":"","image":{"url":"http:\/\/jthemes.org\/wp\/xooapp\/wp-content\/uploads\/2018\/10\/press-4.png","id":85},"image_space":{"unit":"px","size":0},"image_size":{"unit":"%","size":80},"hover_animation":"grow","css_filters_css_filter":"custom","css_filters_hover_css_filter":"custom","_padding":{"unit":"px","top":"40","right":"40","bottom":"40","left":"40","isLinked":true},"_background_background":"classic","_background_color":"#ffffff","_box_shadow_box_shadow_type":"yes","_box_shadow_box_shadow":{"horizontal":0,"vertical":0,"blur":17,"spread":3,"color":"rgba(0,0,0,0.13)"},"_padding_mobile":{"unit":"px","top":"0","right":"0","bottom":"0","left":"0","isLinked":false}},"elements":[],"isInner":false,"widgetType":"image-box","elType":"widget"}],"isInner":true,"elType":"column"}],"isInner":true,"elType":"section"},{"id":"35021783","settings":{"editor":"<p>Semper lacus cursus porta, feugiat primis in luctus ultrice tellus potenti neque dolor primis in<br \/>posuere magna nec augue ipsum primis risus auctor purus pretium ligula rutrum<\/p>","text_color":"#0c0c0c","typography_typography":"custom","typography_font_size":{"unit":"px","size":18},"typography_font_weight":"300","typography_font_size_mobile":{"unit":"px","size":16}},"elements":[],"isInner":false,"widgetType":"text-editor","elType":"widget"},{"id":"405425d0","settings":{"text":"What Our Clients Say","align":"center","background_color":"rgba(0,0,0,0)","text_padding":{"unit":"px","top":"0","right":"0","bottom":"0","left":"0","isLinked":false},"_margin":{"unit":"px","top":"0","right":"0","bottom":"0","left":"0","isLinked":true},"_css_classes":"btn btn-lightgreen"},"elements":[],"isInner":false,"widgetType":"button","elType":"widget"}],"isInner":false,"elType":"column"}],"isInner":false,"elType":"section"},{"id":"2f5edb7c","settings":{"padding":{"unit":"px","top":"100","right":"0","bottom":"100","left":"0","isLinked":false},"html_tag":"div"},"elements":[{"id":"574802a4","settings":{"_column_size":100},"elements":[{"id":"58f9cfe8","settings":{"title":"Our Latest News\n","subheading_title":"Aliquam a augue suscipit, luctus neque purus ipsum neque dolor primis  libero tempus, tempor posuere ligula varius","sub_typography_typography":"custom","title_margin":{"unit":"px","top":"0","right":"0","bottom":"0","left":"0","isLinked":false},"subtitle_margin":{"unit":"px","top":"0","right":"0","bottom":"0","left":"0","isLinked":false},"subtitle_padding":{"unit":"%","top":"","right":"","bottom":"","left":"","isLinked":false}},"elements":[],"isInner":false,"widgetType":"xooapp-section-heading","elType":"widget"},{"id":"35f6aaf4","settings":{"read_more_text":"More Details","title_typography_typography":"custom","title_typography_font_family":"Montserrat","title_hover_color":"#888888","description_typography_typography":"custom","title_typography_font_weight":"700"},"elements":[],"isInner":false,"widgetType":"xooapp_blog","elType":"widget"}],"isInner":false,"elType":"column"}],"isInner":false,"elType":"section"},{"id":"7d68a132","settings":{"html_tag":"div","background_background":"classic","background_color":"#444444","background_position":"bottom center","background_repeat":"no-repeat","padding":{"unit":"px","top":"100","right":"0","bottom":"100","left":"0","isLinked":false},"content_width":{"unit":"px","size":980}},"elements":[{"id":"d1162ef","settings":{"_column_size":100},"elements":[{"id":"c0dfeeb","settings":{"title":"Looking For Support?","subheading_title":"Got a Question? We'd love to hear from you. Send us a message and  we will respond you as soon as possible","typography_typography":"custom","typography_font_size":{"unit":"px","size":60},"sub_typography_typography":"custom","sub_typography_font_size":{"unit":"px","size":20},"title_margin":{"unit":"px","top":"0","right":"0","bottom":"8","left":"0","isLinked":false},"subtitle_margin":{"unit":"px","top":"0","right":"0","bottom":"0","left":"0","isLinked":false},"subtitle_padding":{"unit":"%","top":"0","right":"8","bottom":"0","left":"8","isLinked":false},"subtitle_padding_tablet":{"unit":"px","top":"0","right":"0","bottom":"0","left":"0","isLinked":false},"subtitle_padding_mobile":{"unit":"px","top":"0","right":"0","bottom":"0","left":"0","isLinked":false},"section_margin":{"unit":"px","top":"0","right":"0","bottom":"60","left":"0","isLinked":false},"section_padding":{"unit":"px","top":"0","right":"0","bottom":"0","left":"0","isLinked":false},"_margin":{"unit":"px","top":"0","right":"0","bottom":"0","left":"0","isLinked":false},"_padding":{"unit":"px","top":"0","right":"0","bottom":"0","left":"0","isLinked":false},"title_color":"#ffffff","sub_title_color":"#ffffff"},"elements":[],"isInner":false,"widgetType":"xooapp-section-heading","elType":"widget"},{"id":"4a319c4e","settings":{"wp":{"title":"","content":"[contact-form-7 id=\"5\" title=\"Contact form 1\"]"},"_element_id":"contacts-2 "},"elements":[],"isInner":false,"widgetType":"wp-widget-custom_html","elType":"widget"}],"isInner":false,"elType":"column"}],"isInner":false,"elType":"section"},{"id":"42e093f2","settings":{"html_tag":"div","structure":"40","padding":{"unit":"px","top":"100","right":"0","bottom":"30","left":"0","isLinked":false},"background_background":"classic","background_color":"#ffffff"},"elements":[{"id":"b50bf9a","settings":{"_column_size":25,"_inline_size":38.24600000000000221689333557151257991790771484375},"elements":[{"id":"74dcfc04","settings":{"banner_desc":"<p>Nemo ipsam egestas volute turpis dolores ut aliquam quaerat sodales sapien undo euismod blandit vitae arcu. Aenean blandit non nulla at sodales mollis in eget velit aliquam quaerat sodales sapien undo ongue magna impedit<\/p>","logo_size_tablet":{"unit":"px","size":150}},"elements":[],"isInner":false,"widgetType":"xooapp_logo","elType":"widget"}],"isInner":false,"elType":"column"},{"id":"4377b4be","settings":{"_column_size":25,"_inline_size":20.876999999999998891553332214243710041046142578125},"elements":[{"id":"53cc51a6","settings":{"wp":{"title":"Useful Links","nav_menu":"13"}},"elements":[],"isInner":false,"widgetType":"wp-widget-nav_menu","elType":"widget"}],"isInner":false,"elType":"column"},{"id":"7beb6729","settings":{"_column_size":25,"_inline_size":20.43900000000000005684341886080801486968994140625},"elements":[{"id":"575c161","settings":{"wp":{"title":"Support","nav_menu":"12"}},"elements":[],"isInner":false,"widgetType":"wp-widget-nav_menu","elType":"widget"}],"isInner":false,"elType":"column"},{"id":"3564f4e2","settings":{"_column_size":25,"_inline_size":20.437999999999998834709913353435695171356201171875},"elements":[{"id":"78cd67bd","settings":{"app_image_one":{"url":"http:\/\/jthemes.org\/wp\/xooapp\/wp-content\/uploads\/2018\/10\/header-googleplay.png","id":141},"app_image_two":{"url":"http:\/\/jthemes.org\/wp\/xooapp\/wp-content\/uploads\/2018\/10\/appstore.png","id":138},"_padding":{"unit":"px","top":"50","right":"0","bottom":"5","left":"0","isLinked":false}},"elements":[],"isInner":false,"widgetType":"xooapp_app_info","elType":"widget"}],"isInner":false,"elType":"column"}],"isInner":false,"elType":"section"}],"page_settings":{"background_color":"#f0f0f0"}}