{"version":"0.4","title":"Home 10","type":"page","content":[{"id":"14570f40","settings":{"layout":"full_width","gap":"no","content_position":"middle","html_tag":"div"},"elements":[{"id":"21a65d7f","settings":{"_column_size":100},"elements":[{"id":"24434571","settings":{"nav_item_lists":[{"nav":"About","link":"#about","_id":"80ce0b8","show_dropdown":"yes","sub_nav":"Features\nWhy XooApp\nOur Team\nHow It Works\nReviews\n<div class=\"dropdown-divider\"><\/div>\nPress About Us","priority":""},{"nav":"Screens","link":"#screen","_id":"6f21b50","show_dropdown":"","sub_nav":"","priority":""},{"nav":"Go Premium","link":"#go_premium","_id":"338912a","show_dropdown":"","sub_nav":"","priority":"yes"},{"nav":"FAQs","link":"#faqs","_id":"135bf74","show_dropdown":"","sub_nav":"","priority":""}],"social_icon_list":[{"social":"fa fa-facebook","_id":"bec443c","social_link":{"url":"","is_external":"","nofollow":""}},{"social":"fa fa-twitter","_id":"c3dfe5c","social_link":{"url":"","is_external":"","nofollow":""}},{"social":"fa fa-dribbble","_id":"818892f","social_link":{"url":"","is_external":"","nofollow":""}}],"title_typography_typography":"custom","title_typography_font_size":{"unit":"px","size":16.800000000000000710542735760100185871124267578125},"title_typography_font_weight":"500","app_img":{"url":"http:\/\/jthemes.org\/wp\/xooapp\/wp-content\/uploads\/2018\/10\/appstore-1.png","id":138},"banner_bg_img":{"url":"http:\/\/jthemes.org\/wp\/xooapp\/wp-content\/uploads\/2018\/12\/logo.png","id":2153}},"elements":[],"isInner":false,"widgetType":"xooapp_header","elType":"widget"}],"isInner":false,"elType":"column"}],"isInner":false,"elType":"section"},{"id":"36baf5fb","settings":{"content_position":"middle","html_tag":"div","background_background":"classic","background_position":"center center","padding":{"unit":"px","top":"160","right":"0","bottom":"100","left":"0","isLinked":false},"gap":"no","background_size":"cover","shape_divider_top_width":{"unit":"%","size":100},"text_align":"center","background_overlay_image":{"url":"http:\/\/jthemes.org\/wp\/xooapp\/wp-content\/uploads\/2018\/10\/hero-10.png","id":52},"background_overlay_position":"top center","background_overlay_opacity":{"unit":"px","size":1},"structure":"20","background_overlay_repeat":"no-repeat","background_overlay_size":"cover","padding_mobile":{"unit":"px","top":"60","right":"0","bottom":"0","left":"0","isLinked":false},"reverse_order_mobile":"reverse-mobile","responsive_background_control_mobile":"center right","background_image":{"url":"http:\/\/jthemes.org\/wp\/xooapp\/wp-content\/uploads\/2018\/10\/hero-10-1.png","id":52}},"elements":[{"id":"35dad33","settings":{"_column_size":50,"_inline_size":null,"text_align":"left","margin":{"unit":"px","top":"0","right":"0","bottom":"0","left":"0","isLinked":false},"padding":{"unit":"px","top":"0","right":"0","bottom":"0","left":"0","isLinked":false},"html_tag":"div"},"elements":[{"id":"7d7b8014","settings":{"title":"We make amazing landing pages\u00a0<span class=\"green-color\" style=\"color: #42a045;\">for your mobile App<\/span>","size":"xxl","align_mobile":"center"},"elements":[],"isInner":false,"widgetType":"xooapp-heading","elType":"widget"},{"id":"73972074","settings":{"video_link":"https:\/\/www.youtube.com\/watch?v=kuceVNBTJio","video_style":"text","video_text":" Watch the Overview","banner_bg_img":{"url":"","id":""},"align_mobile":"center"},"elements":[],"isInner":false,"widgetType":"xooapp_video_box","elType":"widget"}],"isInner":false,"elType":"column"},{"id":"722f578d","settings":{"_column_size":50,"_inline_size":null,"html_tag":"div"},"elements":[{"id":"6da1717f","settings":{"image":{"url":"http:\/\/jthemes.org\/wp\/xooapp\/wp-content\/uploads\/2018\/10\/hero-10-img.png","id":51},"align_mobile":"center","_padding_mobile":{"unit":"px","top":"0","right":"0","bottom":"20","left":"0","isLinked":false}},"elements":[],"isInner":false,"widgetType":"image","elType":"widget"}],"isInner":false,"elType":"column"}],"isInner":false,"elType":"section"},{"id":"6ef0c1c7","settings":{"margin":{"unit":"%","top":"","right":0,"bottom":"","left":0,"isLinked":false},"heading_color":"#c9c9c9","color_text":"#848484","html_tag":"div","padding":{"unit":"px","top":"60","right":"0","bottom":"60","left":"0","isLinked":false},"_element_id":"features","background_background":"classic"},"elements":[{"id":"3bd4ca4d","settings":{"_column_size":100},"elements":[{"id":"189ae255","settings":{"title":"Features Never Stop\n","subheading_title":"Aliquam a augue suscipit, luctus neque purus ipsum neque dolor primis libero tempus, tempor posuere ligula varius","title_margin":{"unit":"px","top":"0","right":"0","bottom":"0","left":"0","isLinked":false},"subtitle_margin":{"unit":"px","top":"0","right":"0","bottom":"0","left":"0","isLinked":false},"subtitle_padding":{"unit":"%","top":"","right":"","bottom":"","left":"","isLinked":false},"section_margin":{"unit":"%","top":"","right":"","bottom":"","left":"","isLinked":true},"section_padding":{"unit":"px","top":"0","right":"0","bottom":"0","left":"0","isLinked":true},"typography_typography":"custom","sub_typography_typography":"custom"},"elements":[],"isInner":false,"widgetType":"xooapp-section-heading","elType":"widget"},{"id":"41e3b12f","settings":{"html_tag":"div","structure":"40","gap":"extended"},"elements":[{"id":"72aef379","settings":{"_column_size":25,"_inline_size":null,"space_between_widgets":0,"_inline_size_tablet":50,"margin_tablet":{"unit":"px","top":"0","right":"0","bottom":"30","left":"0","isLinked":false}},"elements":[{"id":"16de740a","settings":{"icon":"pe-7s-piggy","title_text":"Super Affordable","description_text":"Semper lacus cursus porta, feugiat primis ultrice in ligula risus auctor tempus","icon_size":{"unit":"px","size":80},"title_typography_typography":"custom","title_typography_font_size":{"unit":"px","size":18},"text_align":"center","font_gradient_primary_color":"#029c09","font_gradient_secondary_color":"#02ce0b","icon_space":{"unit":"px","size":11},"_padding":{"unit":"px","top":"50","right":"20","bottom":"30","left":"20","isLinked":false},"_background_background":"classic","_background_color":"#ffffff","_border_radius":{"unit":"px","top":"4","right":"4","bottom":"4","left":"4","isLinked":true},"_box_shadow_box_shadow_type":"yes","_box_shadow_box_shadow":{"horizontal":0,"vertical":0,"blur":10,"spread":0,"color":"rgba(0,0,0,0.1)"}},"elements":[],"isInner":false,"widgetType":"feature-box","elType":"widget"}],"isInner":true,"elType":"column"},{"id":"432a776d","settings":{"_column_size":25,"_inline_size":null,"_inline_size_tablet":50,"margin_tablet":{"unit":"px","top":"0","right":"0","bottom":"30","left":"0","isLinked":false},"margin_mobile":{"unit":"px","top":"0","right":"0","bottom":"40","left":"0","isLinked":false}},"elements":[{"id":"73aaaca3","settings":{"icon":"pe-7s-expand1","title_text":"Fast Turnaround","description_text":"Semper lacus cursus porta, feugiat primis ultrice in ligula risus auctor tempus","icon_size":{"unit":"px","size":80},"title_typography_typography":"custom","title_typography_font_size":{"unit":"px","size":18},"text_align":"center","font_gradient_primary_color":"#029c09","font_gradient_secondary_color":"#02ce0b","icon_space":{"unit":"px","size":11},"_padding":{"unit":"px","top":"50","right":"20","bottom":"30","left":"20","isLinked":false},"_background_background":"classic","_background_color":"#ffffff","_border_radius":{"unit":"px","top":"4","right":"4","bottom":"4","left":"4","isLinked":true},"_box_shadow_box_shadow_type":"yes","_box_shadow_box_shadow":{"horizontal":0,"vertical":0,"blur":10,"spread":0,"color":"rgba(0,0,0,0.1)"}},"elements":[],"isInner":false,"widgetType":"feature-box","elType":"widget"}],"isInner":true,"elType":"column"},{"id":"1f8701b9","settings":{"_column_size":25,"_inline_size":null,"_inline_size_tablet":50,"margin_tablet":{"unit":"px","top":"0","right":"0","bottom":"0","left":"0","isLinked":false},"margin_mobile":{"unit":"px","top":"0","right":"0","bottom":"40","left":"0","isLinked":false}},"elements":[{"id":"6c739d9","settings":{"icon":"pe-7s-refresh-2","title_text":"Free Updates","description_text":"Semper lacus cursus porta, feugiat primis ultrice in ligula risus auctor tempus","icon_size":{"unit":"px","size":80},"title_typography_typography":"custom","title_typography_font_size":{"unit":"px","size":18},"text_align":"center","font_gradient_primary_color":"#029c09","font_gradient_secondary_color":"#02ce0b","icon_space":{"unit":"px","size":11},"_padding":{"unit":"px","top":"50","right":"20","bottom":"30","left":"20","isLinked":false},"_background_background":"classic","_background_color":"#ffffff","_border_radius":{"unit":"px","top":"4","right":"4","bottom":"4","left":"4","isLinked":true},"_box_shadow_box_shadow_type":"yes","_box_shadow_box_shadow":{"horizontal":0,"vertical":0,"blur":10,"spread":0,"color":"rgba(0,0,0,0.1)"}},"elements":[],"isInner":false,"widgetType":"feature-box","elType":"widget"}],"isInner":true,"elType":"column"},{"id":"31c4c7ba","settings":{"_column_size":25,"_inline_size":null,"_inline_size_tablet":50,"margin_tablet":{"unit":"px","top":"0","right":"0","bottom":"0","left":"0","isLinked":false},"margin_mobile":{"unit":"px","top":"0","right":"0","bottom":"0","left":"0","isLinked":false}},"elements":[{"id":"665c9e3f","settings":{"icon":"pe-7s-help2","title_text":"Fast Support","description_text":"Semper lacus cursus porta, feugiat primis ultrice in ligula risus auctor tempus","icon_size":{"unit":"px","size":80},"title_typography_typography":"custom","title_typography_font_size":{"unit":"px","size":18},"text_align":"center","font_gradient_primary_color":"#029c09","font_gradient_secondary_color":"#02ce0b","icon_space":{"unit":"px","size":11},"_padding":{"unit":"px","top":"50","right":"20","bottom":"30","left":"20","isLinked":false},"_background_background":"classic","_background_color":"#ffffff","_border_radius":{"unit":"px","top":"4","right":"4","bottom":"4","left":"4","isLinked":true},"_box_shadow_box_shadow_type":"yes","_box_shadow_box_shadow":{"horizontal":0,"vertical":0,"blur":10,"spread":0,"color":"rgba(0,0,0,0.1)"}},"elements":[],"isInner":false,"widgetType":"feature-box","elType":"widget"}],"isInner":true,"elType":"column"}],"isInner":true,"elType":"section"}],"isInner":false,"elType":"column"}],"isInner":false,"elType":"section"},{"id":"67c0ded2","settings":{"layout":"full_width","gap":"no","padding":{"unit":"%","top":"","right":"","bottom":"","left":"","isLinked":false},"background_color":"#715fef","html_tag":"div","padding_mobile":{"unit":"px","top":"0","right":"0","bottom":"50","left":"0","isLinked":false},"_element_id":"why_xooapp"},"elements":[{"id":"7f06ff86","settings":{"_column_size":100,"background_background":"classic"},"elements":[{"id":"294f201d","settings":{"structure":"20","background_color":"#ffffff","color_text":"#ffffff","padding":{"unit":"px","top":"60","right":"0","bottom":"100","left":"0","isLinked":false},"background_position":"bottom center","content_position":"middle","html_tag":"div","gap":"no"},"elements":[{"id":"34c50fa1","settings":{"_column_size":50,"_inline_size":null},"elements":[{"id":"40323d70","settings":{"image":{"id":63,"url":"http:\/\/jthemes.org\/wp\/xooapp\/wp-content\/uploads\/2018\/10\/image-07.png"},"image_size":"full","align":"center","_margin":{"unit":"px","top":"0","right":"0","bottom":"0","left":"0","isLinked":false},"_padding_mobile":{"unit":"%","top":"","right":"","bottom":"","left":"","isLinked":true},"_margin_mobile":{"unit":"px","top":"0","right":"0","bottom":"30","left":"0","isLinked":false}},"elements":[],"isInner":false,"widgetType":"image","elType":"widget"}],"isInner":true,"elType":"column"},{"id":"2aee4f73","settings":{"_column_size":50,"_inline_size":null,"padding":{"unit":"px","top":"0","right":"45","bottom":"0","left":"45","isLinked":false}},"elements":[{"id":"38b2c1f8","settings":{"title":"Experienced and Skilled","size":"xxl","align":"left","title_color":"#0c0c0c","typography_typography":"custom"},"elements":[],"isInner":false,"widgetType":"xooapp-heading","elType":"widget"},{"id":"1453e952","settings":{"editor":"<p class=\"animated fadeInLeft visible\" data-animation=\"fadeInLeft\" data-animation-delay=\"400\">An nullam tempor sapien, eget gravida donec enim ipsum porta justo integer at odio velna vitae auctor integer congue magna undo impedit. Gravida magna lacus odio ac risus auctor tempus dolor feugiat lacinia risus orci auctor purus pretium ligula<\/p><h5 class=\"h5-md animated fadeInLeft visible\" data-animation=\"fadeInLeft\" data-animation-delay=\"500\">Feature Integration<\/h5><p class=\"animated fadeInLeft visible\" data-animation=\"fadeInLeft\" data-animation-delay=\"600\">An nullam tempor sapien, eget gravida donec enim ipsum porta justo integer at odio velna vitae auctor integer congue gravida donec enim ipsum porta justo integer at odio velna<\/p>","text_color":"#0c0c0c","typography_typography":"custom","typography_font_weight":"300"},"elements":[],"isInner":false,"widgetType":"text-editor","elType":"widget"}],"isInner":true,"elType":"column"}],"isInner":true,"elType":"section"}],"isInner":false,"elType":"column"}],"isInner":false,"elType":"section"},{"id":"19d4c42b","settings":{"content_width":{"unit":"px","size":0},"layout":"full_width","gap":"no","padding":{"unit":"px","top":"60","right":"0","bottom":"160","left":"0","isLinked":false},"html_tag":"div","_element_id":"screen","background_background":"classic","background_overlay_background":"classic","background_overlay_color":"#42a045","background_overlay_image":{"url":"http:\/\/jthemes.org\/wp\/xooapp\/wp-content\/uploads\/2018\/10\/tra-bg-2.png","id":98},"background_overlay_position":"center center","background_overlay_attachment":"fixed","background_overlay_opacity":{"unit":"px","size":1},"padding_mobile":{"unit":"px","top":"50","right":"0","bottom":"0","left":"0","isLinked":false}},"elements":[{"id":"39008fe5","settings":{"_column_size":100},"elements":[{"id":"3308ca14","settings":{"title":"Unique App Screens","subheading_title":"Aliquam a augue suscipit, luctus neque purus ipsum neque dolor primis libero tempus, tempor posuere ligula varius","align":"center","sub_align":"center","title_color":"#ffffff","typography_typography":"custom","sub_title_color":"#ffffff","sub_typography_typography":"custom","_padding":{"unit":"px","top":"0","right":"0","bottom":"0","left":"0","isLinked":false},"_margin":{"unit":"px","top":"0","right":"0","bottom":"60","left":"0","isLinked":false},"typography_line_height":{"unit":"em","size":1.6999999999999999555910790149937383830547332763671875},"typography_letter_spacing":{"unit":"px","size":0}},"elements":[],"isInner":false,"widgetType":"xooapp-section-heading","elType":"widget"},{"id":"755aeac1","settings":{"carousel":[{"id":117,"url":"http:\/\/jthemes.org\/wp\/xooapp\/wp-content\/uploads\/2018\/10\/screen-1.jpg"},{"id":118,"url":"http:\/\/jthemes.org\/wp\/xooapp\/wp-content\/uploads\/2018\/10\/screen-2.jpg"},{"id":119,"url":"http:\/\/jthemes.org\/wp\/xooapp\/wp-content\/uploads\/2018\/10\/screen-3.jpg"},{"id":120,"url":"http:\/\/jthemes.org\/wp\/xooapp\/wp-content\/uploads\/2018\/10\/screen-4.jpg"},{"id":121,"url":"http:\/\/jthemes.org\/wp\/xooapp\/wp-content\/uploads\/2018\/10\/screen-5.jpg"},{"id":122,"url":"http:\/\/jthemes.org\/wp\/xooapp\/wp-content\/uploads\/2018\/10\/screen-6.jpg"},{"id":123,"url":"http:\/\/jthemes.org\/wp\/xooapp\/wp-content\/uploads\/2018\/10\/screen-7.jpg"},{"id":124,"url":"http:\/\/jthemes.org\/wp\/xooapp\/wp-content\/uploads\/2018\/10\/screen-8.jpg"}],"thumbnail_size":"full","_margin":{"unit":"px","top":"100","right":"0","bottom":"0","left":"0","isLinked":false},"frame_select":"yes"},"elements":[],"isInner":false,"widgetType":"app-screenshot-carousel","elType":"widget"}],"isInner":false,"elType":"column"}],"isInner":false,"elType":"section"},{"id":"2c852daa","settings":{"background_color":"#efefef","html_tag":"div","padding_tablet":{"unit":"px","top":"100","right":"0","bottom":"100","left":"0","isLinked":false},"padding_mobile":{"unit":"px","top":"100","right":"0","bottom":"50","left":"0","isLinked":false},"_element_id":"our_team"},"elements":[{"id":"1ac63d32","settings":{"_column_size":100,"padding":{"unit":"px","top":"90","right":"0","bottom":"100","left":"0","isLinked":false}},"elements":[{"id":"4bd7234","settings":{"title":"Our Executive Team","align":"center","subheading_title":"Aliquam a augue suscipit, luctus neque purus ipsum neque dolor primis libero tempus, tempor posuere ligula varius","title_color":"#0c0c0c","sub_typography_typography":"custom","sub_typography_line_height":{"unit":"px","size":""},"sub_text_shadow_text_shadow":{"horizontal":0,"vertical":0,"blur":0,"color":"rgba(0,0,0,0.3)"},"typography_typography":"custom","typography_line_height":{"unit":"em","size":1.600000000000000088817841970012523233890533447265625},"sub_title_color":"#0c0c0c","_padding":{"unit":"px","top":"0","right":"0","bottom":"0","left":"0","isLinked":false},"title_margin":{"unit":"px","top":"","right":"","bottom":"","left":"","isLinked":false},"subtitle_margin":{"unit":"px","top":"0","right":"0","bottom":"0","left":"0","isLinked":false},"subtitle_padding":{"unit":"%","top":"","right":"","bottom":"","left":"","isLinked":false},"section_margin":{"unit":"px","top":"0","right":"0","bottom":"0","left":"0","isLinked":false},"section_padding":{"unit":"px","top":"0","right":"0","bottom":"0","left":"0","isLinked":false}},"elements":[],"isInner":false,"widgetType":"xooapp-section-heading","elType":"widget"},{"id":"4218a3a0","settings":{"structure":"40","gap":"extended","html_tag":"div","padding_tablet":{"unit":"px","top":"0","right":"0","bottom":"0","left":"0","isLinked":false}},"elements":[{"id":"2ce9fbfb","settings":{"_column_size":25,"_inline_size":null,"_inline_size_tablet":50},"elements":[{"id":"6558c681","settings":{"team_image":{"id":93,"url":"http:\/\/jthemes.org\/wp\/xooapp\/wp-content\/uploads\/2018\/10\/team-1.jpg"},"team_name":"Jonathan Barnes","designation":"Founder","social_list":[{"social_name":"Facebook","social_icon":"fa fa-facebook","_id":"480bfe2","social_link":"#","list_color":""},{"social_name":"Twitter","social_icon":"fa fa-twitter","_id":"2b96165","social_link":"#","list_color":""},{"social_name":"Dribbble","social_icon":"fa fa-dribbble","_id":"c4b3cd3","social_link":"#","list_color":""}],"primary_color":"#ffffff","link":{"url":"#","is_external":"","nofollow":""}},"elements":[],"isInner":false,"widgetType":"xooapp-team","elType":"widget"}],"isInner":true,"elType":"column"},{"id":"cb034a9","settings":{"_column_size":25,"_inline_size":null,"_inline_size_tablet":50},"elements":[{"id":"3b9f82f5","settings":{"team_image":{"id":94,"url":"http:\/\/jthemes.org\/wp\/xooapp\/wp-content\/uploads\/2018\/10\/team-2.jpg"},"team_name":"Hannah Harper","designation":"Project Manager","social_list":[{"social_name":"Facebook","social_icon":"fa fa-facebook","_id":"480bfe2","social_link":"#","list_color":"#c4c4c4"},{"social_name":"Twitter","social_icon":"fa fa-twitter","_id":"2b96165","social_link":"#","list_color":""},{"social_name":"Dribbble","social_icon":"fa fa-dribbble","_id":"c4b3cd3","social_link":"#","list_color":""}],"primary_color":"#ffffff"},"elements":[],"isInner":false,"widgetType":"xooapp-team","elType":"widget"}],"isInner":true,"elType":"column"},{"id":"1256a785","settings":{"_column_size":25,"_inline_size":null,"_inline_size_tablet":50},"elements":[{"id":"6d7c59e2","settings":{"team_image":{"id":95,"url":"http:\/\/jthemes.org\/wp\/xooapp\/wp-content\/uploads\/2018\/10\/team-3.jpg"},"team_name":"Matthew Anderson","designation":"Programmer","social_list":[{"social_name":"Facebook","social_icon":"fa fa-facebook","_id":"480bfe2","social_link":"#","list_color":"#606060"},{"social_name":"Twitter","social_icon":"fa fa-twitter","_id":"2b96165","social_link":"#","list_color":""},{"social_name":"Dribbble","social_icon":"fa fa-dribbble","_id":"c4b3cd3","social_link":"#","list_color":""}],"primary_color":"#ffffff"},"elements":[],"isInner":false,"widgetType":"xooapp-team","elType":"widget"}],"isInner":true,"elType":"column"},{"id":"2952e3b7","settings":{"_column_size":25,"_inline_size":null,"_inline_size_tablet":50},"elements":[{"id":"298bc620","settings":{"team_image":{"id":96,"url":"http:\/\/jthemes.org\/wp\/xooapp\/wp-content\/uploads\/2018\/10\/team-4.jpg"},"team_name":"Megan Coleman","designation":"Graphic Designer","social_list":[{"social_name":"Facebook","social_icon":"fa fa-facebook","_id":"480bfe2","social_link":"#","list_color":""},{"social_name":"Twitter","social_icon":"fa fa-twitter","_id":"2b96165","social_link":"#","list_color":""},{"social_name":"Dribbble","social_icon":"fa fa-dribbble","_id":"c4b3cd3","social_link":"#","list_color":""}],"primary_color":"#ffffff"},"elements":[],"isInner":false,"widgetType":"xooapp-team","elType":"widget"}],"isInner":true,"elType":"column"}],"isInner":true,"elType":"section"},{"id":"1f0e07ac","settings":{"html_tag":"div"},"elements":[{"id":"125ada88","settings":{"_column_size":100,"_inline_size":null},"elements":[{"id":"282547e0","settings":{"title":"<strong>We Are Hiring!<\/strong> Become part of our talented team","header_size":"h4","align":"center","subheading_title":"Gravida enim tempor sapien eget gravida donec enim ipsum porta justo at odio velna auctor <br \/>congue vitae magna at risus enim ipsum porta justo integer","title_color":"#0c0c0c","sub_title_color":"#0c0c0c","size":"xl","sub_header_size":"span","typography_typography":"custom","typography_font_weight":"400","sub_typography_typography":"custom","sub_typography_font_size":{"unit":"px","size":18},"typography_font_size":{"unit":"px","size":30},"typography_line_height":{"unit":"em","size":2},"_margin":{"unit":"px","top":"0","right":"0","bottom":"0","left":"0","isLinked":true},"title_margin":{"unit":"%","top":"","right":"","bottom":"","left":"","isLinked":true},"subtitle_margin":{"unit":"px","top":"0","right":"0","bottom":"0","left":"0","isLinked":false},"subtitle_padding":{"unit":"px","top":"0","right":"0","bottom":"0","left":"0","isLinked":false},"typography_font_size_mobile":{"unit":"px","size":20},"typography_line_height_mobile":{"unit":"em","size":1.3000000000000000444089209850062616169452667236328125},"title_margin_mobile":{"unit":"px","top":"0","right":"0","bottom":"8","left":"0","isLinked":false},"sub_typography_font_size_mobile":{"unit":"px","size":16},"sub_typography_line_height_mobile":{"unit":"em","size":1.100000000000000088817841970012523233890533447265625},"_margin_mobile":{"unit":"%","top":"0","right":"0","bottom":"0","left":"0","isLinked":false},"typography_line_height_tablet":{"unit":"em","size":1.100000000000000088817841970012523233890533447265625},"title_margin_tablet":{"unit":"px","top":"0","right":"0","bottom":"0","left":"0","isLinked":false},"section_margin_tablet":{"unit":"px","top":"0","right":"0","bottom":"0","left":"0","isLinked":false},"section_padding_tablet":{"unit":"px","top":"0","right":"0","bottom":"0","left":"0","isLinked":false}},"elements":[],"isInner":false,"widgetType":"xooapp-section-heading","elType":"widget"},{"id":"30504490","settings":{"text":"Join Our Team","align":"center","size":"md"},"elements":[],"isInner":false,"widgetType":"button","elType":"widget"}],"isInner":true,"elType":"column"}],"isInner":true,"elType":"section"}],"isInner":false,"elType":"column"}],"isInner":false,"elType":"section"},{"id":"be7f454","settings":{"structure":"20","padding":{"unit":"px","top":"100","right":"0","bottom":"100","left":"0","isLinked":false},"html_tag":"div","content_position":"middle","background_color":"#ffffff","padding_mobile":{"unit":"px","top":"50","right":"0","bottom":"50","left":"0","isLinked":false},"_element_id":"how_it_works"},"elements":[{"id":"36bf4566","settings":{"_column_size":50,"_inline_size":null},"elements":[{"id":"750f8315","settings":{"team_name":"Jonathan Barnes","designation":"Founder","social_list":[{"social_name":"Facebook","social_icon":"fa fa-facebook","_id":"a8a8d0f","social_link":"Social Link","list_color":""},{"social_name":"Twitter","social_icon":"fa fa-twitter","_id":"5d33090","social_link":"Social Link","list_color":""},{"social_name":"Dribbble","social_icon":"fa fa-dribbble","_id":"f620987","social_link":"Social Link","list_color":""}],"counter_list":[{"counter_name":"Happy Client","counter_icon":"pe-7s-smile","counter_number":"1154","_id":"570bf68","width":{"unit":"px","top":"0","right":"1","bottom":"1","left":"0","isLinked":false},"color":"#2d2d2d","border_type":"solid","border_width":{"unit":"px","top":"0","right":"1","bottom":"1","left":"0","isLinked":false},"border_color":"#d3d3d3"},{"counter_name":"Tickets Closed","counter_icon":"pe-7s-help2","counter_number":"409","_id":"d1b975c","width":{"unit":"px","top":"","right":"","bottom":"","left":"","isLinked":true},"color":"","border_type":"solid","border_width":{"unit":"px","top":"0","right":"0","bottom":"1","left":"0","isLinked":false},"border_color":"#dddddd"},{"counter_name":"Followers","counter_icon":"pe-7s-users","counter_number":"869","_id":"bf65d72","width":{"unit":"px","top":"","right":"","bottom":"","left":"","isLinked":true},"color":"","border_type":"solid","border_width":{"unit":"px","top":"0","right":"1","bottom":"0","left":"0","isLinked":false},"border_color":"#dddddd"},{"counter_name":"Cups of Coffee","counter_icon":"pe-7s-coffee","counter_number":"901","_id":"e8a2c00","width":{"unit":"px","top":"","right":"","bottom":"","left":"","isLinked":true},"color":"","border_type":"","border_width":{"unit":"px","top":"1","right":"0","bottom":"0","left":"1","isLinked":false},"border_color":"#dddddd"}],"number_color":"#0c0c0c","description_color":"#0c0c0c","description_typography_typography":"custom","font_gradient_primary_color":"#23a455","font_gradient_secondary_color":"#61ce70"},"elements":[],"isInner":false,"widgetType":"xooapp-counter","elType":"widget"}],"isInner":false,"elType":"column"},{"id":"34885f06","settings":{"_column_size":50,"_inline_size":null},"elements":[{"id":"5cf68fa7","settings":{"image":{"url":"http:\/\/jthemes.org\/wp\/xooapp\/wp-content\/uploads\/2018\/10\/image-06.png","id":62}},"elements":[],"isInner":false,"widgetType":"image","elType":"widget"}],"isInner":false,"elType":"column"}],"isInner":false,"elType":"section"},{"id":"3ee50cbc","settings":{"background_background":"classic","background_color":"#e8e8e8","padding":{"unit":"px","top":"150","right":"0","bottom":"100","left":"0","isLinked":false},"html_tag":"div","padding_mobile":{"unit":"px","top":"","right":"","bottom":"","left":"","isLinked":false}},"elements":[{"id":"3a4af85c","settings":{"_column_size":100,"text_align":"center"},"elements":[{"id":"67e8104c","settings":{"banner_title":"","banner_desc":"","banner_button_text":"","banner_button_link":"","video_link":"https:\/\/www.youtube.com\/watch?v=kuceVNBTJio","banner_bg_img":{"url":"http:\/\/jthemes.org\/wp\/xooapp\/wp-content\/uploads\/2018\/10\/video-4-img.jpg","id":103},"section_padding":{"unit":"px","top":"0","right":"0","bottom":"0","left":"0","isLinked":false}},"elements":[],"isInner":false,"widgetType":"xooapp_video_content","elType":"widget"},{"id":"2b961c04","settings":{"editor":"<p class=\"p-md\">Integer at odio velna vitae auctor integer congue magna at risus auctor purus pretium ligula rutrum arcu aenean<br \/>primis in pharetra ultrice ligula luctus blandit congue magna undo impedit varius feugiat nulla arcu<\/p>","align":"center","text_color":"#0c0c0c","typography_typography":"custom","typography_font_size":{"unit":"px","size":18},"typography_font_weight":"300","_padding":{"unit":"%","top":"5","right":"0","bottom":"0","left":"0","isLinked":false},"_margin_mobile":{"unit":"px","top":"80","right":"0","bottom":"0","left":"0","isLinked":false},"_padding_mobile":{"unit":"px","top":"0","right":"0","bottom":"0","left":"0","isLinked":false}},"elements":[],"isInner":false,"widgetType":"text-editor","elType":"widget"},{"id":"6e6f481","settings":{"app_image_one":{"url":"http:\/\/jthemes.org\/wp\/xooapp\/wp-content\/uploads\/2018\/10\/header-appstore.png","id":140},"app_image_two":{"url":"http:\/\/jthemes.org\/wp\/xooapp\/wp-content\/uploads\/2018\/10\/header-googleplay.png","id":141},"_margin":{"unit":"px","top":"0","right":"0","bottom":"0","left":"0","isLinked":false},"_padding":{"unit":"px","top":"0","right":"0","bottom":"0","left":"0","isLinked":false},"section_margin":{"unit":"px","top":"0","right":"0","bottom":"0","left":"0","isLinked":false},"section_padding":{"unit":"px","top":"0","right":"0","bottom":"0","left":"0","isLinked":false}},"elements":[],"isInner":false,"widgetType":"xooapp_app_info","elType":"widget"}],"isInner":false,"elType":"column"}],"isInner":false,"elType":"section"},{"id":"8de101f","settings":{"background_background":"classic","background_color":"#f0f0f0","padding":{"unit":"px","top":"100","right":"0","bottom":"100","left":"0","isLinked":false},"html_tag":"div","_element_id":"reviews"},"elements":[{"id":"5c635d0","settings":{"_column_size":100,"_inline_size":null},"elements":[{"id":"5240d5fb","settings":{"title":"Customers Feedback\n","subheading_title":"Aliquam a augue suscipit, luctus neque purus ipsum neque dolor primis libero tempus, tempor posuere ligula varius","title_color":"#0c0c0c","sub_title_color":"#0c0c0c","sub_typography_typography":"custom"},"elements":[],"isInner":false,"widgetType":"xooapp-section-heading","elType":"widget"},{"id":"565d2085","settings":{"html_tag":"div"},"elements":[{"id":"7c75f0","settings":{"_column_size":100,"_inline_size":null},"elements":[{"id":"7e8f2649","settings":{"testimonial_option":[{"title":"Jonathan Morgan","designation":"Marketting","testimoni_content_title":"Super Support","testimoni_content":"Enim ad minim veniam, quis nostrud exercitation ullamco laboris nisi ut aliquip ex ea commodo conse quat. Duis aute irure dolor in reprehenderit in voluptate.","testimoni_image":{"url":"http:\/\/jthemes.org\/wp\/xooapp\/wp-content\/plugins\/xooapp-master\/assets\/images\/review-author-1.jpg"},"testimonial_rating":"<i class=\"fa fa-star\"><\/i><i class=\"fa fa-star\"><\/i><i class=\"fa fa-star\"><\/i><i class=\"fa fa-star\"><\/i><i class=\"fa fa-star\"><\/i>","_id":"a83175c"},{"title":"Harsul Hisham","designation":"Engineer","testimoni_content_title":"What a theme!","testimoni_content":"Enim ad minim veniam, quis nostrud exercitation ullamco laboris nisi ut aliquip ex ea commodo conse quat. Duis aute irure dolor in reprehenderit in voluptate.","testimoni_image":{"url":"http:\/\/jthemes.org\/wp\/xooapp\/wp-content\/plugins\/xooapp-master\/assets\/images\/review-author-2.jpg"},"testimonial_rating":"<i class=\"fa fa-star\"><\/i><i class=\"fa fa-star\"><\/i><i class=\"fa fa-star\"><\/i><i class=\"fa fa-star\"><\/i><i class=\"fa fa-star\"><\/i>","_id":"38005a2"},{"title":"Teem Southy","designation":"Developer","testimoni_content_title":"Outstanding Support","testimoni_content":"Enim ad minim veniam, quis nostrud exercitation ullamco laboris nisi ut aliquip ex ea commodo conse quat. Duis aute irure dolor in reprehenderit in voluptate.","testimoni_image":{"url":"http:\/\/jthemes.org\/wp\/xooapp\/wp-content\/plugins\/xooapp-master\/assets\/images\/review-author-3.jpg"},"testimonial_rating":"<i class=\"fa fa-star\"><\/i><i class=\"fa fa-star\"><\/i><i class=\"fa fa-star\"><\/i><i class=\"fa fa-star\"><\/i><i class=\"fa fa-star\"><\/i>","_id":"bb9db2a"},{"title":"Harsul Hisham","designation":"Engineer","testimoni_content_title":"Happy!!","testimoni_content":"Enim ad minim veniam, quis nostrud exercitation ullamco laboris nisi ut aliquip ex ea commodo conse quat. Duis aute irure dolor in reprehenderit in voluptate.","testimoni_image":{"url":"http:\/\/jthemes.org\/wp\/xooapp\/wp-content\/plugins\/xooapp-master\/assets\/images\/review-author-4.jpg"},"testimonial_rating":"<i class=\"fa fa-star\"><\/i><i class=\"fa fa-star\"><\/i><i class=\"fa fa-star\"><\/i><i class=\"fa fa-star\"><\/i><i class=\"fa fa-star-o\"><\/i>","_id":"fb14771"},{"title":"Jake Margin","designation":"Marketing","testimoni_content_title":"Nice Person","testimoni_content":"Enim ad minim veniam, quis nostrud exercitation ullamco laboris nisi ut aliquip ex ea commodo conse quat. Duis aute irure dolor in reprehenderit in voluptate.","testimoni_image":{"url":"http:\/\/jthemes.org\/wp\/xooapp\/wp-content\/plugins\/xooapp-master\/assets\/images\/review-author-5.jpg"},"testimonial_rating":"<i class=\"fa fa-star\"><\/i><i class=\"fa fa-star\"><\/i><i class=\"fa fa-star\"><\/i><i class=\"fa fa-star\"><\/i><i class=\"fa fa-star\"><\/i>","_id":"c3eda0f"}],"content_typography_typography":"custom","content_typography_font_weight":"300","bg_color":"rgba(255,255,255,0)","item_center_bg_color":"rgba(255,255,255,0)"},"elements":[],"isInner":false,"widgetType":"xooapp-testimonials","elType":"widget"}],"isInner":true,"elType":"column"}],"isInner":true,"elType":"section"}],"isInner":false,"elType":"column"}],"isInner":false,"elType":"section"},{"id":"6dceeb0b","settings":{"background_background":"classic","background_overlay_background":"classic","background_overlay_color":"rgba(38,38,38,0.93)","background_attachment":"fixed","padding":{"unit":"px","top":"","right":"","bottom":"","left":"","isLinked":false},"html_tag":"div","gap":"no","content_position":"middle","background_position":"center center","text_align":"center","background_overlay_image":{"url":"http:\/\/jthemes.org\/wp\/xooapp\/wp-content\/uploads\/2018\/11\/world-map.png","id":954},"background_overlay_opacity":{"unit":"px","size":1},"margin":{"unit":"px","top":"0","right":0,"bottom":"70","left":0,"isLinked":false}},"elements":[{"id":"741134ee","settings":{"_column_size":100},"elements":[{"id":"47a6eb7e","settings":{"structure":"22","content_position":"middle","html_tag":"div","text_align":"left","gap":"no"},"elements":[{"id":"169da0b5","settings":{"_column_size":66,"_inline_size":33.72500000000000142108547152020037174224853515625},"elements":[{"id":"66699eb2","settings":{"image":{"url":"http:\/\/jthemes.org\/wp\/xooapp\/wp-content\/uploads\/2018\/10\/image-10.png","id":66},"_margin":{"unit":"px","top":"-60","right":"0","bottom":"-60","left":"0","isLinked":false},"hide_mobile":"hidden-phone","_animation":"fadeInLeft","animation_duration":"slow","_padding":{"unit":"px","top":"0","right":"40","bottom":"0","left":"0","isLinked":false},"_margin_mobile":{"unit":"px","top":"0","right":"0","bottom":"0","left":"0","isLinked":false},"_padding_mobile":{"unit":"px","top":"0","right":"0","bottom":"0","left":"0","isLinked":false},"_padding_tablet":{"unit":"px","top":"0","right":"0","bottom":"0","left":"0","isLinked":false}},"elements":[],"isInner":false,"widgetType":"image","elType":"widget"}],"isInner":true,"elType":"column"},{"id":"1e7823a5","settings":{"_column_size":33,"_inline_size":66.2740000000000009094947017729282379150390625,"padding":{"unit":"px","top":"0","right":"0","bottom":"0","left":"95","isLinked":false}},"elements":[{"id":"18aa3ec0","settings":{"title":"It\u2019s perfect time to join XooApp","align":"left","subheading_title":"Feugiat eros, ac tincidunt ligula massa in faucibus orci luctus posuere cubilia curae integer congue leo metus\n","title_color":"#ffffff","sub_title_color":"#ffffff","sub_typography_typography":"custom","_padding":{"unit":"px","top":"0","right":"0","bottom":"0","left":"0","isLinked":false},"typography_typography":"custom","typography_line_height":{"unit":"em","size":0.90000000000000002220446049250313080847263336181640625},"text_shadow_text_shadow_type":"yes","title_margin":{"unit":"px","top":"0","right":"0","bottom":"10","left":"0","isLinked":false},"sub_typography_line_height":{"unit":"em","size":1.3000000000000000444089209850062616169452667236328125},"_margin":{"unit":"px","top":"0","right":"0","bottom":"0","left":"0","isLinked":false},"align_mobile":"center","_margin_mobile":{"unit":"px","top":"0","right":"0","bottom":"0","left":"0","isLinked":false},"_padding_mobile":{"unit":"px","top":"0","right":"0","bottom":"0","left":"0","isLinked":false},"title_margin_tablet":{"unit":"px","top":"0","right":"0","bottom":"0","left":"0","isLinked":false},"title_margin_mobile":{"unit":"px","top":"0","right":"0","bottom":"0","left":"0","isLinked":false},"subtitle_margin":{"unit":"px","top":"0","right":"0","bottom":"0","left":"0","isLinked":false},"subtitle_padding":{"unit":"px","top":"0","right":"0","bottom":"0","left":"0","isLinked":false},"section_margin":{"unit":"px","top":"0","right":"0","bottom":"0","left":"0","isLinked":false},"section_padding":{"unit":"px","top":"0","right":"0","bottom":"0","left":"0","isLinked":false},"_padding_tablet":{"unit":"px","top":"0","right":"0","bottom":"0","left":"0","isLinked":false},"_animation":"fadeInRight"},"elements":[],"isInner":false,"widgetType":"xooapp-section-heading","elType":"widget"},{"id":"57641ecd","settings":{"app_image_one":{"url":"http:\/\/jthemes.org\/wp\/xooapp\/wp-content\/uploads\/2018\/10\/googleplay-grey.png","id":146},"app_one_link":"#","app_image_two":{"url":"http:\/\/jthemes.org\/wp\/xooapp\/wp-content\/uploads\/2018\/10\/appstore-grey.png","id":143},"app_two_link":"#","_padding":{"unit":"px","top":"0","right":"0","bottom":"0","left":"0","isLinked":false},"_margin_mobile":{"unit":"px","top":"0","right":"0","bottom":"0","left":"0","isLinked":false},"_padding_mobile":{"unit":"px","top":"0","right":"0","bottom":"0","left":"0","isLinked":false},"_animation":"fadeInRight","animation_duration":"slow","_animation_delay":400,"section_margin":{"unit":"px","top":"0","right":"10","bottom":"0","left":"0","isLinked":false}},"elements":[],"isInner":false,"widgetType":"xooapp_app_info","elType":"widget"}],"isInner":true,"elType":"column"}],"isInner":true,"elType":"section"}],"isInner":false,"elType":"column"}],"isInner":false,"elType":"section"},{"id":"20256a1a","settings":{"content_position":"middle","html_tag":"div","background_background":"classic","background_color":"#efefef","padding":{"unit":"px","top":"100","right":"0","bottom":"100","left":"0","isLinked":false},"_element_id":"go_premium","margin_mobile":{"unit":"px","top":"0","right":0,"bottom":"0","left":0,"isLinked":false},"padding_mobile":{"unit":"px","top":"0","right":"0","bottom":"0","left":"0","isLinked":false}},"elements":[{"id":"726c9311","settings":{"_column_size":100},"elements":[{"id":"6c44eb21","settings":{"title":"Go Premium. Be Happy","subheading_title":"Aliquam a augue suscipit, luctus neque purus ipsum neque dolor <br> primis libero tempus, tempor posuere ligula varius","sub_typography_typography":"custom","title_margin":{"unit":"px","top":"0","right":"0","bottom":"0","left":"0","isLinked":false},"section_padding":{"unit":"px","top":"0","right":"0","bottom":"0","left":"0","isLinked":true}},"elements":[],"isInner":false,"widgetType":"xooapp-section-heading","elType":"widget"},{"id":"4177f319","settings":{"content_width":{"unit":"px","size":732},"structure":"20","html_tag":"div","gap":"extended"},"elements":[{"id":"3534439e","settings":{"_column_size":50,"_inline_size":null},"elements":[{"id":"22759b6b","settings":{"title":"<div class=\"pricing-plan m-bottom-10\"><h4 class=\"h4-md\">XooApp Free<\/h4><p><span class=\"price\">Free<\/span><\/p><\/div>","view":"","icon_list":[{"text":"20 Users Tasks","icon":"fa fa-check","_id":"dede0fa","link":{"url":"","is_external":"","nofollow":""}},{"text":"5 GB of Storage","icon":"fa fa-check","_id":"efce0d6","link":{"url":"","is_external":"","nofollow":""}},{"text":"Theme Customization","icon":"fa fa-dot-circle-o","_id":"f988f9e","link":{"url":"","is_external":"","nofollow":""}},{"text":"Free Email Support","icon":"fa fa-dot-circle-o","_id":"b4cc90b","link":{"url":"","is_external":"","nofollow":""}},{"text":"Security Suite","icon":"fa fa-dot-circle-o","_id":"6ea43db","link":{"url":"","is_external":"","nofollow":""}}],"button_text":"Get Started","space_between":{"unit":"px","size":15},"icon_size":{"unit":"px","size":21}},"elements":[],"isInner":false,"widgetType":"pricing-table","elType":"widget"}],"isInner":true,"elType":"column"},{"id":"d2f8a93","settings":{"_column_size":50,"_inline_size":null,"margin_mobile":{"unit":"px","top":"0","right":"0","bottom":"-60","left":"0","isLinked":false},"padding_mobile":{"unit":"px","top":"0","right":"0","bottom":"0","left":"0","isLinked":false}},"elements":[{"id":"7c6e9512","settings":{"title":"<div class=\"pricing-plan m-bottom-10\"><h4 class=\"h4-md\">XooApp <strong>Pro<\/strong><\/h4><p><span class=\"price\">20$<\/span><sup class=\"validity\"> \/ monthly<\/sup><\/p><\/div>","icon_list":[{"text":"20 Users Tasks","icon":"fa fa-check","_id":"dede0fa","link":{"url":"","is_external":"","nofollow":""}},{"text":"5 GB of Storage","icon":"fa fa-check","_id":"efce0d6","link":{"url":"","is_external":"","nofollow":""}},{"text":"Theme Customization","icon":"fa fa-dot-circle-o","_id":"f988f9e","link":{"url":"","is_external":"","nofollow":""}},{"text":"Free Email Support","icon":"fa fa-dot-circle-o","_id":"b4cc90b","link":{"url":"","is_external":"","nofollow":""}},{"text":"Security Suite","icon":"fa fa-dot-circle-o","_id":"6ea43db","link":{"url":"","is_external":"","nofollow":""}}],"button_text":"Upgrade to PRO","space_between":{"unit":"px","size":16},"icon_size":{"unit":"px","size":19},"text_color":"#0c0c0c","icon_typography_typography":"custom","icon_typography_line_height":{"unit":"em","size":1},"button_style":"btn-lightblue"},"elements":[],"isInner":false,"widgetType":"pricing-table","elType":"widget"}],"isInner":true,"elType":"column"}],"isInner":true,"elType":"section"}],"isInner":false,"elType":"column"}],"isInner":false,"elType":"section"},{"id":"3693b9ff","settings":{"padding":{"unit":"px","top":"100","right":"0","bottom":"100","left":"0","isLinked":false},"html_tag":"div","background_background":"classic","background_overlay_background":"classic","background_overlay_image":{"url":"http:\/\/jthemes.org\/wp\/xooapp\/wp-content\/uploads\/2018\/10\/tra-waves.png","id":99},"background_overlay_position":"bottom center","_element_id":"faqs"},"elements":[{"id":"2ecb4835","settings":{"_column_size":100},"elements":[{"id":"455ba5ea","settings":{"title":"Troubles with XooApp?\n","subheading_title":"Aliquam a augue suscipit, luctus neque purus ipsum neque dolor primis libero tempus, tempor posuere ligula varius","typography_typography":"custom","typography_font_size":{"unit":"px","size":60},"sub_typography_typography":"custom","title_margin":{"unit":"px","top":"0","right":"0","bottom":"0","left":"0","isLinked":false}},"elements":[],"isInner":false,"widgetType":"xooapp-section-heading","elType":"widget"},{"id":"54907650","settings":{"structure":"20"},"elements":[{"id":"53ae6402","settings":{"_column_size":50,"_inline_size":null,"padding":{"unit":"px","top":"0","right":"45","bottom":"0","left":"45","isLinked":false}},"elements":[{"id":"6993d2d","settings":{"editor":"<div class=\"question animated fadeInUp visible\" data-animation=\"fadeInUp\" data-animation-delay=\"300\"><h5 class=\"h5-sm\">Lobortis sit magna ornare magna egestas?<\/h5><p>Etiam sit amet mauris suscipit sit amet in odio. Integer congue leo metus. Vitae arcu mollis blandit ultrice ligula egestas magna suscipit lectus magna suscipit luctus undo blandit vitae purus laoreet<\/p><\/div><div class=\"question animated fadeInUp visible\" data-animation=\"fadeInUp\" data-animation-delay=\"400\"><h5 class=\"h5-sm\">Placeat axime facere omnis volute?<\/h5><p>An augue egestas an ipsum vitae emo ligula volute ante ipsum primis in faucibus sit ametn in odio. Integer congue leo metus, eu mollis lorem viverra suscipit lectus magna<\/p><\/div><div class=\"question animated fadeInUp visible\" data-animation=\"fadeInUp\" data-animation-delay=\"500\"><h5 class=\"h5-sm\">An interdum lobortis pretium ornare?<\/h5><p>Feugiat eros, ac tincidunt ligula massa in faucibus orci luctus et ultrices posuere cubilia curae<\/p><\/div><div class=\"question animated fadeInUp visible\" data-animation=\"fadeInUp\" data-animation-delay=\"600\"><h5 class=\"h5-sm\">Interdum lobortis pretium ornare?<\/h5><p>Praesent semper, lacus sed cursus porta, odio augue ligula massa risus laoreet. Laoreet auctor massa varius egestas amet mauris suscipit semper lacus sed cursus porta feugiat primis<\/p><\/div>","typography_typography":"custom","typography_font_size":{"unit":"px","size":16}},"elements":[],"isInner":false,"widgetType":"text-editor","elType":"widget"}],"isInner":true,"elType":"column"},{"id":"4bffd67","settings":{"_column_size":50,"_inline_size":null,"padding":{"unit":"px","top":"0","right":"45","bottom":"0","left":"45","isLinked":false}},"elements":[{"id":"4f32b9b6","settings":{"editor":"<div class=\"question animated fadeInUp visible\" data-animation=\"fadeInUp\" data-animation-delay=\"300\"><h5 class=\"h5-sm\">Aliquam dapibus pretium ornare?<\/h5><p>Feugiat eros ligula massa lipsum primis in orci luctus et ultrices posuere cubilia curae congue lorem. ante ipsum primis in faucibus bibendum sit amet in odio<\/p><\/div><div class=\"question animated fadeInUp visible\" data-animation=\"fadeInUp\" data-animation-delay=\"400\"><h5 class=\"h5-sm\">Pretium purus lacus tempor an ipsum vitae augue egestas emo ligula?<\/h5><p>Praesent semper lacus sed cursus porta, feugiat primis in orci luctus ligula eros ac ligula massa in faucibus orci luctus et ultrices posuere ante ipsum primis in faucibus bibendum sit amet in odio.<\/p><\/div><div class=\"question animated fadeInUp visible\" data-animation=\"fadeInUp\" data-animation-delay=\"500\"><h5 class=\"h5-sm\">Dapibus lobortis pretium ornare?<\/h5><p>Praesent semper, lacus sed cursus porta,feugiat primis in faucibus orci luctus tincidunt ligula ultrice sapien egestas lobortis magna<\/p><\/div><div class=\"question animated fadeInUp visible\" data-animation=\"fadeInUp\" data-animation-delay=\"600\"><h5 class=\"h5-sm\">Interdum lobortis pretium ornare?<\/h5><p>Feugiat eros, ac tincidunt ligula massa in faucibus orci luctus et ultrices posuere cubilia curae integer congue leo metus, eu mollis lorem primis in orci<\/p><\/div>"},"elements":[],"isInner":false,"widgetType":"text-editor","elType":"widget"}],"isInner":true,"elType":"column"}],"isInner":true,"elType":"section"},{"id":"3b768e55","settings":{"title":"Didn't find what you're looking for?\n","align":"center","typography_typography":"custom","typography_font_size":{"unit":"px","size":26},"typography_font_weight":"500","_margin":{"unit":"px","top":"0","right":"0","bottom":"0","left":"0","isLinked":false},"_padding":{"unit":"px","top":"50","right":"0","bottom":"0","left":"0","isLinked":false}},"elements":[],"isInner":false,"widgetType":"heading","elType":"widget"},{"id":"5568c20","settings":{"text":"Ask Your Question Here","align":"center","size":"md","background_color":"#42a5f5"},"elements":[],"isInner":false,"widgetType":"button","elType":"widget"}],"isInner":false,"elType":"column"}],"isInner":false,"elType":"section"},{"id":"74a2ce37","settings":{"background_background":"classic","background_color":"#ececec","padding":{"unit":"px","top":"100","right":"0","bottom":"100","left":"0","isLinked":false},"content_position":"middle","text_align":"center","html_tag":"div","_element_id":"press_about_us"},"elements":[{"id":"327faa9f","settings":{"_column_size":100},"elements":[{"id":"cbcee9","settings":{"title":"Press About XooApp","subheading_title":"Aliquam a augue suscipit, luctus neque purus ipsum neque dolor <br> primis libero tempus, tempor posuere ligula varius","typography_typography":"custom","sub_typography_typography":"custom","title_margin":{"unit":"px","top":"0","right":"0","bottom":"0","left":"0","isLinked":false},"subtitle_margin":{"unit":"px","top":"0","right":"0","bottom":"0","left":"0","isLinked":false},"subtitle_padding":{"unit":"px","top":"0","right":"0","bottom":"0","left":"0","isLinked":false}},"elements":[],"isInner":false,"widgetType":"xooapp-section-heading","elType":"widget"},{"id":"2ebbf40b","settings":{"structure":"40","html_tag":"div","gap":"extended"},"elements":[{"id":"79f49357","settings":{"_column_size":25,"_inline_size":null,"_inline_size_tablet":50,"margin_tablet":{"unit":"px","top":"0","right":"0","bottom":"20","left":"0","isLinked":false},"padding_tablet":{"unit":"px","top":"0","right":"0","bottom":"0","left":"0","isLinked":false}},"elements":[{"id":"3229c581","settings":{"title_text":"","description_text":"","image":{"url":"http:\/\/jthemes.org\/wp\/xooapp\/wp-content\/uploads\/2018\/10\/press-1.png","id":82},"image_space":{"unit":"px","size":0},"image_size":{"unit":"%","size":80},"hover_animation":"grow","css_filters_css_filter":"custom","css_filters_hover_css_filter":"custom","_padding":{"unit":"px","top":"40","right":"40","bottom":"40","left":"40","isLinked":true},"_background_background":"classic","_background_color":"#ffffff","_box_shadow_box_shadow_type":"yes","_box_shadow_box_shadow":{"horizontal":0,"vertical":0,"blur":17,"spread":3,"color":"rgba(0,0,0,0.13)"},"_margin_mobile":{"unit":"px","top":"0","right":"0","bottom":"30","left":"0","isLinked":false}},"elements":[],"isInner":false,"widgetType":"image-box","elType":"widget"}],"isInner":true,"elType":"column"},{"id":"320749e5","settings":{"_column_size":25,"_inline_size":null,"_inline_size_tablet":50,"margin_tablet":{"unit":"px","top":"0","right":"0","bottom":"20","left":"0","isLinked":false}},"elements":[{"id":"45bbf3e3","settings":{"title_text":"","description_text":"","image":{"url":"http:\/\/jthemes.org\/wp\/xooapp\/wp-content\/uploads\/2018\/10\/press-2.png","id":83},"image_space":{"unit":"px","size":0},"image_size":{"unit":"%","size":80},"hover_animation":"grow","css_filters_css_filter":"custom","css_filters_hover_css_filter":"custom","_padding":{"unit":"px","top":"40","right":"40","bottom":"40","left":"40","isLinked":true},"_background_background":"classic","_background_color":"#ffffff","_box_shadow_box_shadow_type":"yes","_box_shadow_box_shadow":{"horizontal":0,"vertical":0,"blur":17,"spread":3,"color":"rgba(0,0,0,0.13)"},"_margin_mobile":{"unit":"px","top":"0","right":"0","bottom":"30","left":"0","isLinked":false}},"elements":[],"isInner":false,"widgetType":"image-box","elType":"widget"}],"isInner":true,"elType":"column"},{"id":"1330f266","settings":{"_column_size":25,"_inline_size":null,"_inline_size_tablet":50,"margin_mobile":{"unit":"px","top":"0","right":"0","bottom":"30","left":"0","isLinked":false}},"elements":[{"id":"4ad26852","settings":{"title_text":"","description_text":"","image":{"url":"http:\/\/jthemes.org\/wp\/xooapp\/wp-content\/uploads\/2018\/10\/press-3.png","id":84},"image_space":{"unit":"px","size":0},"image_size":{"unit":"%","size":80},"hover_animation":"grow","css_filters_css_filter":"custom","css_filters_hover_css_filter":"custom","_padding":{"unit":"px","top":"40","right":"40","bottom":"40","left":"40","isLinked":true},"_background_background":"classic","_background_color":"#ffffff","_box_shadow_box_shadow_type":"yes","_box_shadow_box_shadow":{"horizontal":0,"vertical":0,"blur":17,"spread":3,"color":"rgba(0,0,0,0.13)"}},"elements":[],"isInner":false,"widgetType":"image-box","elType":"widget"}],"isInner":true,"elType":"column"},{"id":"dede8f5","settings":{"_column_size":25,"_inline_size":null,"_inline_size_tablet":50},"elements":[{"id":"2f400696","settings":{"title_text":"","description_text":"","image":{"url":"http:\/\/jthemes.org\/wp\/xooapp\/wp-content\/uploads\/2018\/10\/press-4.png","id":85},"image_space":{"unit":"px","size":0},"image_size":{"unit":"%","size":80},"hover_animation":"grow","css_filters_css_filter":"custom","css_filters_hover_css_filter":"custom","_padding":{"unit":"px","top":"40","right":"40","bottom":"40","left":"40","isLinked":true},"_background_background":"classic","_background_color":"#ffffff","_box_shadow_box_shadow_type":"yes","_box_shadow_box_shadow":{"horizontal":0,"vertical":0,"blur":17,"spread":3,"color":"rgba(0,0,0,0.13)"}},"elements":[],"isInner":false,"widgetType":"image-box","elType":"widget"}],"isInner":true,"elType":"column"}],"isInner":true,"elType":"section"},{"id":"6a819238","settings":{"editor":"<p>Semper lacus cursus porta, feugiat primis in luctus ultrice tellus potenti neque dolor primis in<br \/>posuere magna nec augue ipsum primis risus auctor purus pretium ligula rutrum<\/p>","text_color":"#0c0c0c","typography_typography":"custom","typography_font_size":{"unit":"px","size":18},"typography_font_weight":"300","_margin":{"unit":"px","top":"0","right":"0","bottom":"0","left":"0","isLinked":false},"_padding":{"unit":"px","top":"30","right":"0","bottom":"0","left":"0","isLinked":false},"_padding_tablet":{"unit":"px","top":"0","right":"0","bottom":"0","left":"0","isLinked":false},"typography_font_size_mobile":{"unit":"px","size":16}},"elements":[],"isInner":false,"widgetType":"text-editor","elType":"widget"},{"id":"4a17bf59","settings":{"text":"What Our Clients Say","align":"center","background_color":"rgba(0,0,0,0)","text_padding":{"unit":"px","top":"0","right":"0","bottom":"0","left":"0","isLinked":false},"_margin":{"unit":"px","top":"0","right":"0","bottom":"0","left":"0","isLinked":true},"_css_classes":"btn btn-lightgreen"},"elements":[],"isInner":false,"widgetType":"button","elType":"widget"}],"isInner":false,"elType":"column"}],"isInner":false,"elType":"section"},{"id":"1fa5ca20","settings":{"content_position":"middle","background_background":"classic","background_color":"#42a045","background_image":{"url":"http:\/\/jthemes.org\/wp\/xooapp\/wp-content\/uploads\/2018\/10\/tra-bg-2.png","id":98},"background_position":"bottom right","background_attachment":"fixed","background_repeat":"no-repeat","background_size":"cover","padding":{"unit":"px","top":"100","right":"0","bottom":"100","left":"0","isLinked":false},"html_tag":"div","structure":"20","padding_mobile":{"unit":"px","top":"50","right":"0","bottom":"50","left":"0","isLinked":false}},"elements":[{"id":"30bb163c","settings":{"_column_size":50,"_inline_size":52.981999999999999317878973670303821563720703125},"elements":[{"id":"1cbb9867","settings":{"title":"Stay up to date with our news, ideas and updates\n","align":"left","subheading_title":"","title_color":"#ffffff","typography_typography":"custom","typography_font_size":{"unit":"px","size":40},"section_margin":{"unit":"%","top":"","right":"","bottom":"","left":"","isLinked":false},"section_padding":{"unit":"px","top":"0","right":"0","bottom":"0","left":"0","isLinked":false}},"elements":[],"isInner":false,"widgetType":"xooapp-section-heading","elType":"widget"}],"isInner":false,"elType":"column"},{"id":"33a44aaa","settings":{"_column_size":50,"_inline_size":47.018000000000000682121026329696178436279296875},"elements":[{"id":"5d6a4373","settings":{"wp":{"title":""},"_padding":{"unit":"px","top":"0","right":"0","bottom":"0","left":"0","isLinked":false}},"elements":[],"isInner":false,"widgetType":"wp-widget-mc4wp_form_widget","elType":"widget"}],"isInner":false,"elType":"column"}],"isInner":false,"elType":"section"},{"id":"2760e613","settings":{"html_tag":"div","structure":"40","padding":{"unit":"px","top":"100","right":"0","bottom":"30","left":"0","isLinked":false},"background_background":"classic","background_color":"#ffffff","padding_mobile":{"unit":"px","top":"50","right":"0","bottom":"50","left":"0","isLinked":false}},"elements":[{"id":"21e594cd","settings":{"_column_size":25,"_inline_size":38.24600000000000221689333557151257991790771484375},"elements":[{"id":"433b271f","settings":{"banner_desc":"<p>Nemo ipsam egestas volute turpis dolores ut aliquam quaerat sodales sapien undo euismod blandit vitae arcu. Aenean blandit non nulla at sodales mollis in eget velit aliquam quaerat sodales sapien undo ongue\u00a0<\/p>","logo_size_tablet":{"unit":"px","size":130}},"elements":[],"isInner":false,"widgetType":"xooapp_logo","elType":"widget"}],"isInner":false,"elType":"column"},{"id":"b6ecaa2","settings":{"_column_size":25,"_inline_size":20.876999999999998891553332214243710041046142578125,"margin_mobile":{"unit":"px","top":"0","right":"0","bottom":"30","left":"0","isLinked":false}},"elements":[{"id":"2b2e3465","settings":{"wp":{"title":"Support","nav_menu":"12"}},"elements":[],"isInner":false,"widgetType":"wp-widget-nav_menu","elType":"widget"}],"isInner":false,"elType":"column"},{"id":"579ba4c1","settings":{"_column_size":25,"_inline_size":20.43900000000000005684341886080801486968994140625},"elements":[{"id":"366875bb","settings":{"wp":{"title":"Useful Links","nav_menu":"13"}},"elements":[],"isInner":false,"widgetType":"wp-widget-nav_menu","elType":"widget"}],"isInner":false,"elType":"column"},{"id":"5962957d","settings":{"_column_size":25,"_inline_size":20.437999999999998834709913353435695171356201171875},"elements":[{"id":"36ae527","settings":{"app_image_one":{"url":"http:\/\/jthemes.org\/wp\/xooapp\/wp-content\/uploads\/2018\/10\/header-googleplay.png","id":141},"app_image_two":{"url":"http:\/\/jthemes.org\/wp\/xooapp\/wp-content\/uploads\/2018\/10\/appstore.png","id":138},"_padding":{"unit":"px","top":"50","right":"0","bottom":"5","left":"0","isLinked":false}},"elements":[],"isInner":false,"widgetType":"xooapp_app_info","elType":"widget"}],"isInner":false,"elType":"column"}],"isInner":false,"elType":"section"}],"page_settings":{"background_background":"classic","background_color":"#f0f0f0"}}