{"version":"0.4","title":"Home 3","type":"page","content":[{"id":"52f3929e","settings":{"layout":"full_width","html_tag":"div","gap":"no"},"elements":[{"id":"1a8738c9","settings":{"_column_size":100},"elements":[{"id":"7c9c706c","settings":{"nav_item_lists":[{"nav":"About","link":"#about","_id":"5daaa12","show_dropdown":"yes","sub_nav":"Why XooApp\nHow It Works\nReviews\nWatch Video\n<div class=\"dropdown-divider\"><\/div>\nPress About Us","priority":""},{"nav":"Screens","link":"#screens","_id":"af97ee3","show_dropdown":"","sub_nav":"","priority":""},{"nav":"Go Premium","link":"#go_premium","_id":"da5de6f","show_dropdown":"","sub_nav":"","priority":"yes"},{"nav":"FAQs","link":"#faqs","_id":"a43d409","show_dropdown":"","sub_nav":"","priority":""},{"nav":"Blog","link":"#blog","_id":"1288006","show_dropdown":"","sub_nav":"","priority":""}],"social_icon_list":[{"social":"","_id":"ed67b2a","social_link":{"url":"","is_external":"","nofollow":""}}],"banner_bg_img":{"id":2153,"url":"http:\/\/jthemes.org\/wp\/xooapp\/wp-content\/uploads\/2018\/12\/logo.png"},"banner_bg_img2":{"id":2153,"url":"http:\/\/jthemes.org\/wp\/xooapp\/wp-content\/uploads\/2018\/12\/logo.png"},"app_img":{"id":"","url":""},"item_color":"#1e1e1e","title_typography_typography":"custom","title_typography_font_weight":"500","title_typography_line_height":{"unit":"em","size":1.5}},"elements":[],"isInner":false,"widgetType":"xooapp_header","elType":"widget"}],"isInner":false,"elType":"column"}],"isInner":false,"elType":"section"},{"id":"6d1c391e","settings":{"html_tag":"div","background_background":"classic","background_color":"#ffffff","background_image":{"url":"http:\/\/jthemes.org\/wp\/xooapp\/wp-content\/uploads\/2018\/10\/bg-dotted.png","id":19},"background_position":"bottom center","structure":"20","background_repeat":"no-repeat","padding":{"unit":"px","top":"220","right":"0","bottom":"100","left":"0","isLinked":false},"margin_mobile":{"unit":"px","top":"0","right":0,"bottom":"0","left":0,"isLinked":false},"padding_mobile":{"unit":"px","top":"50","right":"0","bottom":"0","left":"0","isLinked":false}},"elements":[{"id":"219611f7","settings":{"_column_size":50,"_inline_size":null},"elements":[{"id":"75624213","settings":{"image":{"url":"http:\/\/jthemes.org\/wp\/xooapp\/wp-content\/uploads\/2018\/10\/hero-logo.png","id":57},"image_size":"custom","image_custom_dimension":{"width":"125","height":"125"},"align":"left","align_mobile":"center","_margin_mobile":{"unit":"px","top":"50","right":"0","bottom":"0","left":"0","isLinked":false},"_padding_mobile":{"unit":"px","top":"0","right":"0","bottom":"0","left":"0","isLinked":false}},"elements":[],"isInner":false,"widgetType":"image","elType":"widget"},{"id":"36981eae","settings":{"title":"Take control of the details","align":"left","subheading_title":"Feugiat primis ligula risus auctor rhoncus risus in ultrice purus ligula pretium sapien gravida donec enim","typography_typography":"custom","typography_font_size":{"unit":"px","size":60},"sub_typography_typography":"custom","sub_typography_font_size":{"unit":"px","size":18},"_margin":{"unit":"px","top":"0","right":"0","bottom":"0","left":"0","isLinked":true},"title_margin":{"unit":"px","top":"0","right":"0","bottom":"0","left":"0","isLinked":false},"subtitle_margin":{"unit":"px","top":"0","right":"0","bottom":"0","left":"0","isLinked":false},"subtitle_padding":{"unit":"px","top":"0","right":"0","bottom":"0","left":"0","isLinked":false},"section_padding":{"unit":"px","top":"0","right":"0","bottom":"0","left":"0","isLinked":false},"align_mobile":"center","title_margin_mobile":{"unit":"px","top":"0","right":"0","bottom":"0","left":"0","isLinked":false},"section_margin_mobile":{"unit":"px","top":"0","right":"0","bottom":"0","left":"0","isLinked":false},"section_padding_mobile":{"unit":"px","top":"0","right":"0","bottom":"0","left":"0","isLinked":false},"_margin_mobile":{"unit":"px","top":"0","right":"0","bottom":"0","left":"0","isLinked":false},"_padding_mobile":{"unit":"px","top":"0","right":"0","bottom":"0","left":"0","isLinked":false},"_margin_tablet":{"unit":"px","top":"0","right":"0","bottom":"0","left":"0","isLinked":false},"_padding_tablet":{"unit":"px","top":"0","right":"0","bottom":"0","left":"0","isLinked":false}},"elements":[],"isInner":false,"widgetType":"xooapp-section-heading","elType":"widget"},{"id":"316dc64e","settings":{"app_image_one":{"url":"http:\/\/jthemes.org\/wp\/xooapp\/wp-content\/uploads\/2018\/10\/appstore.png","id":138},"app_image_two":{"url":"http:\/\/jthemes.org\/wp\/xooapp\/wp-content\/uploads\/2018\/10\/googleplay.png","id":139},"_margin_mobile":{"unit":"%","top":"0","right":"5","bottom":"0","left":"10","isLinked":false},"_padding_mobile":{"unit":"px","top":"0","right":"0","bottom":"0","left":"0","isLinked":false}},"elements":[],"isInner":false,"widgetType":"xooapp_app_info","elType":"widget"}],"isInner":false,"elType":"column"},{"id":"426b9883","settings":{"_column_size":50,"_inline_size":null},"elements":[{"id":"68483766","settings":{"image":{"url":"http:\/\/jthemes.org\/wp\/xooapp\/wp-content\/uploads\/2018\/10\/hero-3-img.png","id":39},"hide_mobile":"hidden-phone"},"elements":[],"isInner":false,"widgetType":"image","elType":"widget"}],"isInner":false,"elType":"column"}],"isInner":false,"elType":"section"},{"id":"4f889d2f","settings":{"structure":"30","background_color":"#ffffff","background_color_stop":{"unit":"%","size":22},"background_gradient_angle":{"unit":"deg","size":160},"html_tag":"div","padding":{"unit":"px","top":"100","right":"0","bottom":"40","left":"0","isLinked":false},"gap":"extended","_element_id":"why_xooapp"},"elements":[{"id":"39c1a340","settings":{"_column_size":33,"_inline_size":null},"elements":[{"id":"6bbe2e27","settings":{"title_text":"Totaly Optimized","description_text":"Semper lacus cursus porta, feugiat primis ultrice in ligula risus auctor tempus feugiat dolor, felis lacinia risus porta","icon":"pe-7s-helm","title_size":"h5","secondary_color":"#ffffff","icon_space":{"unit":"px","size":0},"_animation":"fadeInUp","_animation_delay":300,"icon_size":{"unit":"px","size":80},"view":"framed","primary_color":"#ff4444","icon_padding":{"unit":"px","size":0},"position":"left","text_align":"center","title_bottom_space":{"unit":"px","size":10},"description_color":"#0c0c0c","description_typography_typography":"custom","shape":"square","border_width":{"unit":"px","top":"0","right":"0","bottom":"0","left":"0","isLinked":true},"description_typography_font_family":"Roboto","description_typography_font_weight":"300","font_gradient_primary_color":"#029c09","font_gradient_secondary_color":"#02ce0b","title_typography_typography":"custom","title_typography_font_weight":"700"},"elements":[],"isInner":false,"widgetType":"feature-box","elType":"widget"}],"isInner":false,"elType":"column"},{"id":"175d6ec","settings":{"_column_size":33,"_inline_size":null},"elements":[{"id":"2899787b","settings":{"title_text":"Powerful Features","description_text":"Semper lacus cursus porta, feugiat primis ultrice in ligula risus auctor tempus feugiat dolor, felis lacinia risus porta","icon":"pe-7s-tools","title_size":"h5","secondary_color":"#ffffff","icon_space":{"unit":"px","size":0},"_animation":"fadeInUp","_animation_delay":300,"icon_size":{"unit":"px","size":80},"view":"framed","primary_color":"#ff4444","icon_padding":{"unit":"px","size":0},"position":"left","text_align":"center","title_bottom_space":{"unit":"px","size":10},"description_color":"#0c0c0c","description_typography_typography":"custom","shape":"square","border_width":{"unit":"px","top":"0","right":"0","bottom":"0","left":"0","isLinked":true},"description_typography_font_family":"Roboto","description_typography_font_weight":"300","font_gradient_primary_color":"#029c09","font_gradient_secondary_color":"#02ce0b","title_typography_typography":"custom"},"elements":[],"isInner":false,"widgetType":"feature-box","elType":"widget"}],"isInner":false,"elType":"column"},{"id":"25efb40f","settings":{"_column_size":33,"_inline_size":null},"elements":[{"id":"48007379","settings":{"title_text":"Worldwide Support","description_text":"Semper lacus cursus porta, feugiat primis ultrice in ligula risus auctor tempus feugiat dolor, felis lacinia risus porta","icon":"pe-7s-global","title_size":"h5","secondary_color":"#ffffff","icon_space":{"unit":"px","size":0},"_animation":"fadeInUp","_animation_delay":300,"icon_size":{"unit":"px","size":80},"view":"framed","primary_color":"#ff4444","icon_padding":{"unit":"px","size":0},"position":"left","text_align":"center","title_bottom_space":{"unit":"px","size":10},"description_color":"#0c0c0c","description_typography_typography":"custom","shape":"square","border_width":{"unit":"px","top":"0","right":"0","bottom":"0","left":"0","isLinked":true},"description_typography_font_family":"Roboto","description_typography_font_weight":"300","font_gradient_primary_color":"#029c09","font_gradient_secondary_color":"#02ce0b","title_typography_typography":"custom"},"elements":[],"isInner":false,"widgetType":"feature-box","elType":"widget"}],"isInner":false,"elType":"column"}],"isInner":false,"elType":"section"},{"id":"4047cfcb","settings":{"html_tag":"div","content_position":"middle","structure":"30","background_background":"classic","background_color":"#783bb1","background_image":{"url":"http:\/\/jthemes.org\/wp\/xooapp\/wp-content\/uploads\/2018\/10\/tra-bg-1.png","id":97},"background_position":"center center","background_attachment":"fixed","background_repeat":"no-repeat","background_size":"cover","margin":{"unit":"px","top":"80","right":0,"bottom":"80","left":0,"isLinked":true},"padding":{"unit":"px","top":"0","right":"10","bottom":"0","left":"10","isLinked":false},"margin_mobile":{"unit":"%","top":"","right":0,"bottom":"","left":0,"isLinked":true}},"elements":[{"id":"655ba8b6","settings":{"_column_size":33,"_inline_size":null},"elements":[{"id":"389f8d92","settings":{"icon":"pe-7s-photo-gallery","title_text":"Multiple Widgets","description_text":"Purus ipsum neque primis libero tempor posuere in ligula varius ipsum\n\n","font_gradient_primary_color":"#ffffff","font_gradient_secondary_color":"#ffffff","text_align":"right","title_color":"#ffffff","description_color":"#ffffff","_padding":{"unit":"px","top":"0","right":"30","bottom":"0","left":"0","isLinked":false},"_animation":"fadeInLeft","_animation_delay":400,"text_align_mobile":"center","content_vertical_alignment":"middle","_margin_tablet":{"unit":"px","top":"0","right":"0","bottom":"0","left":"0","isLinked":false},"_margin_mobile":{"unit":"px","top":"0","right":"0","bottom":"0","left":"0","isLinked":false},"_padding_tablet":{"unit":"px","top":"0","right":"0","bottom":"0","left":"0","isLinked":false},"_padding_mobile":{"unit":"px","top":"0","right":"0","bottom":"0","left":"0","isLinked":false}},"elements":[],"isInner":false,"widgetType":"feature-box","elType":"widget"},{"id":"1ffa7442","settings":{"icon":"pe-7s-exapnd2","title_text":"Cross-Platform","description_text":"Semper a augue suscipit, luctus neque purus ipsum neque primis libero\n","font_gradient_primary_color":"#ffffff","font_gradient_secondary_color":"#ffffff","text_align":"right","title_color":"#ffffff","description_color":"#ffffff","_padding":{"unit":"px","top":"0","right":"30","bottom":"0","left":"0","isLinked":false},"_animation":"fadeInLeft","_animation_delay":600,"text_align_mobile":"center","text_align_tablet":"right","_margin_tablet":{"unit":"px","top":"0","right":"0","bottom":"0","left":"0","isLinked":false},"_margin_mobile":{"unit":"px","top":"0","right":"0","bottom":"0","left":"0","isLinked":false},"_padding_tablet":{"unit":"px","top":"0","right":"0","bottom":"0","left":"0","isLinked":false},"_padding_mobile":{"unit":"px","top":"0","right":"0","bottom":"0","left":"0","isLinked":false}},"elements":[],"isInner":false,"widgetType":"feature-box","elType":"widget"}],"isInner":false,"elType":"column"},{"id":"2c150c82","settings":{"_column_size":33,"_inline_size":null},"elements":[{"id":"190d1fb9","settings":{"video_link":"https:\/\/www.youtube.com\/watch?v=kuceVNBTJio","banner_bg_img":{"url":"http:\/\/jthemes.org\/wp\/xooapp\/wp-content\/uploads\/2018\/10\/image-10.png","id":66},"_margin":{"unit":"px","top":"-80","right":"0","bottom":"-110","left":"0","isLinked":false},"_margin_mobile":{"unit":"px","top":"0","right":"0","bottom":"0","left":"0","isLinked":false},"_padding_mobile":{"unit":"px","top":"0","right":"0","bottom":"0","left":"0","isLinked":false},"video_text":" Watch the Overview"},"elements":[],"isInner":false,"widgetType":"xooapp_video_box","elType":"widget"}],"isInner":false,"elType":"column"},{"id":"46f782b0","settings":{"_column_size":33,"_inline_size":null},"elements":[{"id":"7b971d41","settings":{"icon":"pe-7s-refresh-2","title_text":"Free Updates","description_text":"Semper a augue suscipit, luctus neque purus ipsum neque primis libero\n","font_gradient_primary_color":"#ffffff","font_gradient_secondary_color":"#ffffff","text_align":"left","title_color":"#ffffff","description_color":"#ffffff","_padding":{"unit":"px","top":"0","right":"0","bottom":"0","left":"30","isLinked":false},"_animation":"fadeInRight","_animation_delay":300,"text_align_mobile":"center","_margin_mobile":{"unit":"px","top":"0","right":"0","bottom":"0","left":"0","isLinked":false},"_padding_mobile":{"unit":"px","top":"0","right":"0","bottom":"0","left":"0","isLinked":false}},"elements":[],"isInner":false,"widgetType":"feature-box","elType":"widget"},{"id":"66e4b367","settings":{"icon":"pe-7s-help2","title_text":"Fast Support","description_text":"Luctus neque purus ipsum neque primis libero tempor ligula varius ipsum\n","font_gradient_primary_color":"#ffffff","font_gradient_secondary_color":"#ffffff","text_align":"left","title_color":"#ffffff","description_color":"#ffffff","_padding":{"unit":"px","top":"0","right":"0","bottom":"0","left":"30","isLinked":false},"_animation":"fadeInRight","_animation_delay":500,"text_align_mobile":"center","_margin_mobile":{"unit":"px","top":"0","right":"0","bottom":"0","left":"0","isLinked":false},"_padding_mobile":{"unit":"px","top":"0","right":"0","bottom":"0","left":"0","isLinked":false}},"elements":[],"isInner":false,"widgetType":"feature-box","elType":"widget"}],"isInner":false,"elType":"column"}],"isInner":false,"elType":"section"},{"id":"53333bfe","settings":{"padding":{"unit":"px","top":"100","right":"0","bottom":"60","left":"0","isLinked":false},"_element_id":"how_it_works"},"elements":[{"id":"78f45ccf","settings":{"_column_size":100},"elements":[{"id":"3adb5511","settings":{"title":"We Make You Surprised\n","subheading_title":"Aliquam a augue suscipit, luctus neque purus ipsum neque dolor primis libero tempus, tempor posuere ligula varius volutpat egestas et augue","typography_typography":"custom","typography_font_size":{"unit":"px","size":60},"sub_typography_typography":"custom","title_margin":{"unit":"px","top":"0","right":"0","bottom":"8","left":"0","isLinked":false},"subtitle_margin":{"unit":"%","top":"","right":"","bottom":"","left":"","isLinked":true},"subtitle_padding":{"unit":"%","top":"0","right":"5","bottom":"0","left":"5","isLinked":false}},"elements":[],"isInner":false,"widgetType":"xooapp-section-heading","elType":"widget"},{"id":"7c2ad472","settings":{"tabs":[{"tab_title":"Unique Design","tab_content":"<p>[XOOAPP_ELEMENTOR id=\"314\"]<\/p>","_id":"24c8f5b"},{"tab_title":"Cross-Platform","tab_content":"<p>[XOOAPP_ELEMENTOR id=\"319\"]<\/p>","_id":"fcbce63"},{"tab_title":"Free Update","tab_content":"<p>[XOOAPP_ELEMENTOR id=\"311\"]<\/p>","_id":"0058b71"}],"border_width":{"unit":"px","size":0},"border_color":"#23a455","background_color":"#ffffff","tab_color":"#000000","content_color":"#ffffff","content_typography_typography":"custom","tab_active_color":"#ffffff","tab_typography_typography":"custom","tab_typography_font_size":{"unit":"px","size":17},"tab_typography_font_weight":"300","_margin":{"unit":"%","top":"","right":"","bottom":"","left":"","isLinked":true},"_margin_mobile":{"unit":"px","top":"0","right":"0","bottom":"0","left":"0","isLinked":false},"_padding_mobile":{"unit":"px","top":"0","right":"0","bottom":"0","left":"0","isLinked":false}},"elements":[],"isInner":false,"widgetType":"tabs","elType":"widget"}],"isInner":false,"elType":"column"}],"isInner":false,"elType":"section"},{"id":"72325be","settings":{"content_width":{"unit":"px","size":0},"layout":"full_width","gap":"no","padding":{"unit":"px","top":"90","right":"0","bottom":"100","left":"0","isLinked":false},"html_tag":"div","background_background":"classic","background_color":"#f2f2f2","_element_id":"screens"},"elements":[{"id":"225c0cd6","settings":{"_column_size":100},"elements":[{"id":"37fb74e8","settings":{"title":"Unique App Screens","subheading_title":"Aliquam a augue suscipit, luctus neque purus ipsum neque dolor primis libero tempus, tempor posuere ","align":"center","sub_align":"center","title_color":"#0c0c0c","typography_typography":"custom","sub_title_color":"#0c0c0c","sub_typography_typography":"custom","_padding":{"unit":"px","top":"0","right":"181","bottom":"0","left":"180","isLinked":false},"_margin":{"unit":"px","top":"0","right":"0","bottom":"60","left":"0","isLinked":false},"typography_line_height":{"unit":"em","size":1.6999999999999999555910790149937383830547332763671875},"typography_letter_spacing":{"unit":"px","size":0},"title_margin":{"unit":"px","top":"0","right":"0","bottom":"0","left":"0","isLinked":false},"subtitle_padding":{"unit":"%","top":"","right":"","bottom":"","left":"","isLinked":false},"align_mobile":"center","title_margin_mobile":{"unit":"px","top":"0","right":"0","bottom":"0","left":"0","isLinked":false},"subtitle_margin_mobile":{"unit":"px","top":"0","right":"0","bottom":"0","left":"0","isLinked":false},"subtitle_padding_mobile":{"unit":"px","top":"0","right":"0","bottom":"0","left":"0","isLinked":false},"section_margin_mobile":{"unit":"%","top":"0","right":"0","bottom":"0","left":"0","isLinked":false},"section_padding_mobile":{"unit":"px","top":"0","right":"0","bottom":"0","left":"0","isLinked":false},"_margin_mobile":{"unit":"px","top":"0","right":"0","bottom":"0","left":"0","isLinked":false},"_padding_mobile":{"unit":"px","top":"0","right":"0","bottom":"0","left":"0","isLinked":false},"subtitle_margin":{"unit":"px","top":"0","right":"0","bottom":"0","left":"0","isLinked":false},"section_margin":{"unit":"px","top":"0","right":"0","bottom":"0","left":"0","isLinked":false},"section_padding":{"unit":"px","top":"0","right":"0","bottom":"0","left":"0","isLinked":false}},"elements":[],"isInner":false,"widgetType":"xooapp-section-heading","elType":"widget"},{"id":"6813c681","settings":{"carousel":[{"id":117,"url":"http:\/\/jthemes.org\/wp\/xooapp\/wp-content\/uploads\/2018\/10\/screen-1.jpg"},{"id":118,"url":"http:\/\/jthemes.org\/wp\/xooapp\/wp-content\/uploads\/2018\/10\/screen-2.jpg"},{"id":119,"url":"http:\/\/jthemes.org\/wp\/xooapp\/wp-content\/uploads\/2018\/10\/screen-3.jpg"},{"id":120,"url":"http:\/\/jthemes.org\/wp\/xooapp\/wp-content\/uploads\/2018\/10\/screen-4.jpg"},{"id":121,"url":"http:\/\/jthemes.org\/wp\/xooapp\/wp-content\/uploads\/2018\/10\/screen-5.jpg"},{"id":122,"url":"http:\/\/jthemes.org\/wp\/xooapp\/wp-content\/uploads\/2018\/10\/screen-6.jpg"},{"id":123,"url":"http:\/\/jthemes.org\/wp\/xooapp\/wp-content\/uploads\/2018\/10\/screen-7.jpg"},{"id":124,"url":"http:\/\/jthemes.org\/wp\/xooapp\/wp-content\/uploads\/2018\/10\/screen-8.jpg"}],"thumbnail_size":"full","_margin":{"unit":"px","top":"0","right":"0","bottom":"0","left":"0","isLinked":false},"_margin_mobile":{"unit":"px","top":"0","right":"0","bottom":"0","left":"0","isLinked":false},"_padding_mobile":{"unit":"px","top":"0","right":"0","bottom":"0","left":"0","isLinked":false}},"elements":[],"isInner":false,"widgetType":"app-screenshot-carousel","elType":"widget"}],"isInner":false,"elType":"column"}],"isInner":false,"elType":"section"},{"id":"3b878b49","settings":{"margin":{"unit":"px","top":"","right":0,"bottom":"","left":0,"isLinked":true},"heading_color":"#c9c9c9","color_text":"#848484","html_tag":"div","content_position":"middle","padding":{"unit":"px","top":"100","right":"0","bottom":"100","left":"0","isLinked":false}},"elements":[{"id":"19d48fec","settings":{"_column_size":100},"elements":[{"id":"439f19b4","settings":{"structure":"20","html_tag":"div","content_position":"middle"},"elements":[{"id":"752bdb1c","settings":{"_column_size":50,"_inline_size":null},"elements":[{"id":"485a3bbf","settings":{"image":{"id":41,"url":"http:\/\/jthemes.org\/wp\/xooapp\/wp-content\/uploads\/2018\/10\/hero-5-img.png"},"_animation":"fadeInLeft","animation_duration":"slow","_margin_mobile":{"unit":"px","top":"0","right":"0","bottom":"30","left":"0","isLinked":false}},"elements":[],"isInner":false,"widgetType":"image","elType":"widget"}],"isInner":true,"elType":"column"},{"id":"439d4934","settings":{"_column_size":50,"_inline_size":null},"elements":[{"id":"53d9892e","settings":{"title":"Manage your time easily","size":"xxl","title_color":"#0c0c0c","typography_typography":"custom"},"elements":[],"isInner":false,"widgetType":"xooapp-heading","elType":"widget"},{"id":"76ffb3bc","settings":{"editor":"<p class=\"animated fadeInLeft visible\" data-animation=\"fadeInLeft\" data-animation-delay=\"400\">An enim nullam tempor sapien gravida donec enim ipsum porta justo integer at odio velna vitae auctor integer congue magna at pretium purus pretium ligula rutrum luctus risus<\/p><h5 class=\"h5-md animated fadeInLeft visible\" data-animation=\"fadeInLeft\" data-animation-delay=\"500\">Feature Integration<\/h5><p class=\"animated fadeInLeft visible\" data-animation=\"fadeInLeft\" data-animation-delay=\"600\">An nullam tempor sapien, eget gravida donec enim ipsum porta justo integer at odio velna vitae auctor integer congue<\/p><h5 class=\"h5-md animated fadeInLeft visible\" data-animation=\"fadeInLeft\" data-animation-delay=\"700\">Multiple Discussions<\/h5><p class=\"animated fadeInLeft visible\" data-animation=\"fadeInLeft\" data-animation-delay=\"800\">Justo integer at odio velna vitae auctor integer congue magna undo impedit. Gravida magna lacus odio ac risus<\/p>","typography_typography":"custom"},"elements":[],"isInner":false,"widgetType":"text-editor","elType":"widget"}],"isInner":true,"elType":"column"}],"isInner":true,"elType":"section"}],"isInner":false,"elType":"column"}],"isInner":false,"elType":"section"},{"id":"3dc211ef","settings":{"layout":"full_width","gap":"no","padding":{"unit":"%","top":"","right":"","bottom":"","left":"","isLinked":false},"background_color":"#715fef","html_tag":"div"},"elements":[{"id":"272c580e","settings":{"_column_size":100,"background_background":"classic"},"elements":[{"id":"1ad43a5","settings":{"structure":"20","background_background":"classic","background_color":"#42a045","background_image":{"id":97,"url":"http:\/\/jthemes.org\/wp\/xooapp\/wp-content\/uploads\/2018\/10\/tra-bg-1.png"},"color_text":"#ffffff","padding":{"unit":"px","top":"100","right":"0","bottom":"0","left":"0","isLinked":false},"background_position":"bottom center","content_position":"middle","html_tag":"div","padding_mobile":{"unit":"px","top":"0","right":"0","bottom":"0","left":"0","isLinked":false}},"elements":[{"id":"69b15197","settings":{"_column_size":50,"_inline_size":null,"margin_mobile":{"unit":"px","top":"30","right":"0","bottom":"30","left":"0","isLinked":false},"padding_mobile":{"unit":"px","top":"0","right":"0","bottom":"0","left":"0","isLinked":false}},"elements":[{"id":"6c841965","settings":{"title":"Available On All Your Devices","size":"xxl","align":"left","title_color":"#ffffff","typography_typography":"custom"},"elements":[],"isInner":false,"widgetType":"xooapp-heading","elType":"widget"},{"id":"109a3312","settings":{"editor":"<p>An orci nullam tempor sapien, eget gravida integer donec ipsum porta justo at odio integer congue magna undo auctor gravida velna magna orci lacus odio ac risus auctor faucibus orci ligula massa luctus et ultrices posuere cubilia<\/p>","text_color":"#ffffff","typography_typography":"custom","typography_font_weight":"300"},"elements":[],"isInner":false,"widgetType":"text-editor","elType":"widget"},{"id":"818e317","settings":{"view":"inline","button_list":[{"button_text":"","icon":"fa fa-tablet","_id":"59bea23","link":{"url":"","is_external":"true","nofollow":""},"show_icon":"yes","icon_align":"left","icon_indent":{"unit":"px","size":8},"icon_size":{"unit":"px","size":41},"rotate":{"unit":"deg","size":90},"button_indi_color":"","button_font_color":"#bfbfbf","title_typography_typography":"","title_typography_font_family":"Roboto","title_typography_font_size":{"unit":"px","size":""},"title_typography_font_size_tablet":{"unit":"px","size":""},"title_typography_font_size_mobile":{"unit":"px","size":""},"title_typography_font_weight":"","title_typography_text_transform":"","title_typography_font_style":"","title_typography_text_decoration":"","title_typography_line_height":{"unit":"em","size":""},"title_typography_line_height_tablet":{"unit":"em","size":""},"title_typography_line_height_mobile":{"unit":"em","size":""},"title_typography_letter_spacing":{"unit":"px","size":""},"title_typography_letter_spacing_tablet":{"unit":"px","size":""},"title_typography_letter_spacing_mobile":{"unit":"px","size":""},"button_margin":{"unit":"px","top":"","right":"","bottom":"","left":"","isLinked":true},"border_type":"","border_width":{"unit":"px","top":"","right":"","bottom":"","left":"","isLinked":true},"border_color":"","border_radius":{"unit":"px","top":"","right":"","bottom":"","left":"","isLinked":true},"button_hover_indi_color":"","button_hover_font_color":"","align":"","align_tablet":"","align_mobile":""},{"button_text":"","icon":"fa fa-mobile-phone","_id":"1fddb98","link":{"url":"","is_external":"true","nofollow":""},"show_icon":"yes","icon_align":"left","icon_indent":{"unit":"px","size":8},"icon_size":{"unit":"px","size":43},"rotate":{"unit":"deg","size":0},"button_indi_color":"","button_font_color":"#bfbfbf","title_typography_typography":"","title_typography_font_family":"Roboto","title_typography_font_size":{"unit":"px","size":""},"title_typography_font_size_tablet":{"unit":"px","size":""},"title_typography_font_size_mobile":{"unit":"px","size":""},"title_typography_font_weight":"","title_typography_text_transform":"","title_typography_font_style":"","title_typography_text_decoration":"","title_typography_line_height":{"unit":"em","size":""},"title_typography_line_height_tablet":{"unit":"em","size":""},"title_typography_line_height_mobile":{"unit":"em","size":""},"title_typography_letter_spacing":{"unit":"px","size":""},"title_typography_letter_spacing_tablet":{"unit":"px","size":""},"title_typography_letter_spacing_mobile":{"unit":"px","size":""},"button_margin":{"unit":"px","top":"","right":"","bottom":"","left":"","isLinked":true},"border_type":"","border_width":{"unit":"px","top":"","right":"","bottom":"","left":"","isLinked":true},"border_color":"","border_radius":{"unit":"px","top":"","right":"","bottom":"","left":"","isLinked":true},"button_hover_indi_color":"","button_hover_font_color":"","align":"","align_tablet":"","align_mobile":""},{"button_text":"Available on iPhone, iPad and all <br>Android devices from 5.5","link":{"url":"","is_external":"true","nofollow":""},"show_icon":"No","icon":"","icon_align":"left","icon_indent":{"unit":"px","size":""},"icon_size":{"unit":"px","size":""},"rotate":{"unit":"deg","size":0},"button_indi_color":"","button_font_color":"","title_typography_typography":"custom","title_typography_font_family":"Roboto","title_typography_font_size":{"unit":"px","size":16},"title_typography_font_size_tablet":{"unit":"px","size":""},"title_typography_font_size_mobile":{"unit":"px","size":""},"title_typography_font_weight":"300","title_typography_text_transform":"","title_typography_font_style":"italic","title_typography_text_decoration":"","title_typography_line_height":{"unit":"em","size":1.100000000000000088817841970012523233890533447265625},"title_typography_line_height_tablet":{"unit":"em","size":""},"title_typography_line_height_mobile":{"unit":"em","size":""},"title_typography_letter_spacing":{"unit":"px","size":""},"title_typography_letter_spacing_tablet":{"unit":"px","size":""},"title_typography_letter_spacing_mobile":{"unit":"px","size":""},"button_margin":{"unit":"px","top":"","right":"","bottom":"","left":"","isLinked":true},"border_type":"","border_width":{"unit":"px","top":"","right":"","bottom":"","left":"","isLinked":true},"border_color":"","border_radius":{"unit":"px","top":"","right":"","bottom":"","left":"","isLinked":true},"_id":"fdcc5b8","button_hover_indi_color":"","button_hover_font_color":"","align":"","align_tablet":"","align_mobile":""}],"button_color":"custom","button_secondary_color":"#ffffff"},"elements":[],"isInner":false,"widgetType":"xooapp_button_list","elType":"widget"}],"isInner":true,"elType":"column"},{"id":"6b898196","settings":{"_column_size":50,"_inline_size":null},"elements":[{"id":"657ce752","settings":{"image":{"id":65,"url":"http:\/\/jthemes.org\/wp\/xooapp\/wp-content\/uploads\/2018\/10\/image-09.png"},"image_size":"full","align":"right","_margin":{"unit":"px","top":"0","right":"0","bottom":"-80","left":"0","isLinked":false},"hide_mobile":"hidden-phone"},"elements":[],"isInner":false,"widgetType":"image","elType":"widget"}],"isInner":true,"elType":"column"}],"isInner":true,"elType":"section"}],"isInner":false,"elType":"column"}],"isInner":false,"elType":"section"},{"id":"6ab4ca26","settings":{"margin":{"unit":"px","top":"100","right":0,"bottom":"100","left":0,"isLinked":true},"heading_color":"#c9c9c9","color_text":"#848484","html_tag":"div"},"elements":[{"id":"143ecbab","settings":{"_column_size":100},"elements":[{"id":"750fd997","settings":{"structure":"20","html_tag":"div","content_position":"middle"},"elements":[{"id":"1b0d31ef","settings":{"_column_size":50,"_inline_size":null},"elements":[{"id":"47da4575","settings":{"image":{"id":62,"url":"http:\/\/jthemes.org\/wp\/xooapp\/wp-content\/uploads\/2018\/10\/image-06.png"},"_animation":"fadeInLeft","_margin_mobile":{"unit":"px","top":"0","right":"0","bottom":"30","left":"0","isLinked":false}},"elements":[],"isInner":false,"widgetType":"image","elType":"widget"}],"isInner":true,"elType":"column"},{"id":"1a378f61","settings":{"_column_size":50,"_inline_size":null},"elements":[{"id":"45765410","settings":{"title":"Experienced and Skilled","size":"xxl","title_color":"#0c0c0c","typography_typography":"custom"},"elements":[],"isInner":false,"widgetType":"xooapp-heading","elType":"widget"},{"id":"32f263c","settings":{"editor":"<p class=\"animated fadeInLeft visible\" data-animation=\"fadeInLeft\" data-animation-delay=\"400\">An nullam tempor sapien, eget gravida donec enim ipsum porta justo integer at odio velna vitae auctor integer congue magna undo impedit. Gravida magna lacus odio ac risus auctor tempus dolor feugiat lacinia risus orci auctor purus pretium ligula<\/p>","typography_typography":"custom"},"elements":[],"isInner":false,"widgetType":"text-editor","elType":"widget"},{"id":"22c00761","settings":{"text":"How It Works","link":{"url":"#how_it_works","is_external":"","nofollow":""},"size":"md","background_color":"#41bf2b"},"elements":[],"isInner":false,"widgetType":"button","elType":"widget"}],"isInner":true,"elType":"column"}],"isInner":true,"elType":"section"}],"isInner":false,"elType":"column"}],"isInner":false,"elType":"section"},{"id":"1b320d74","settings":{"background_background":"classic","background_color":"#efefef","html_tag":"div","_element_id":"go_premium","gap":"no","content_position":"middle"},"elements":[{"id":"466576e8","settings":{"_column_size":100,"padding":{"unit":"px","top":"90","right":"0","bottom":"100","left":"0","isLinked":false}},"elements":[{"id":"44ca59fc","settings":{"title":"Go Premium. Be Happy\n","align":"center","subheading_title":"Aliquam a augue suscipit, luctus neque purus ipsum neque dolor primis libero tempus, tempor posuere ligula varius","title_color":"#0c0c0c","sub_typography_typography":"custom","sub_typography_line_height":{"unit":"px","size":""},"sub_text_shadow_text_shadow":{"horizontal":0,"vertical":0,"blur":0,"color":"rgba(0,0,0,0.3)"},"typography_typography":"custom","typography_line_height":{"unit":"em","size":1.600000000000000088817841970012523233890533447265625},"sub_title_color":"#0c0c0c","_padding":{"unit":"px","top":"0","right":"0","bottom":"0","left":"0","isLinked":false},"title_margin":{"unit":"%","top":"","right":"","bottom":"","left":"","isLinked":false},"subtitle_margin":{"unit":"px","top":"","right":"","bottom":"","left":"","isLinked":false},"subtitle_padding":{"unit":"%","top":"","right":"","bottom":"","left":"","isLinked":false},"section_margin":{"unit":"%","top":"","right":"","bottom":"","left":"","isLinked":false},"section_padding":{"unit":"px","top":"","right":"","bottom":"","left":"","isLinked":false},"align_mobile":"center"},"elements":[],"isInner":false,"widgetType":"xooapp-section-heading","elType":"widget"},{"id":"5fb5bffb","settings":{"structure":"20","content_width":{"unit":"px","size":750},"gap":"extended","html_tag":"div"},"elements":[{"id":"3aaab1cb","settings":{"_column_size":50,"_inline_size":null},"elements":[{"id":"341ba209","settings":{"title":"<div class=\"pricing-plan m-bottom-10\"><h4 class=\"h4-md\">XooApp Free<\/h4><p><span class=\"price\">Free<\/span><\/p><\/div>","icon_list":[{"text":"20 Users Tasks","icon":"fa fa-check","_id":"921c0f0","link":{"url":"","is_external":"","nofollow":""}},{"text":"5 GB of Storage","icon":"fa fa-check","_id":"b9b3155","link":{"url":"","is_external":"","nofollow":""}},{"text":"Theme Customization","icon":"fa fa-dot-circle-o","_id":"62eb31a","link":{"url":"","is_external":"","nofollow":""}},{"text":"Free Email Support","icon":"fa fa-dot-circle-o","_id":"5e247d1","link":{"url":"","is_external":"","nofollow":""}},{"text":"Security Suite","icon":"fa fa-dot-circle-o","_id":"fafc4e0","link":{"url":"","is_external":"","nofollow":""}}],"button_text":"Get Started","space_between":{"unit":"px","size":20},"_animation":"fadeInUp","animation_duration":"slow","_animation_delay":300},"elements":[],"isInner":false,"widgetType":"pricing-table","elType":"widget"}],"isInner":true,"elType":"column"},{"id":"36f7e3cc","settings":{"_column_size":50,"_inline_size":null},"elements":[{"id":"15b48d3c","settings":{"title":"<div class=\"pricing-plan m-bottom-10\"><h4 class=\"h4-md\">XooApp <strong>Pro<\/strong><\/h4><p><span class=\"price\">2.99$<\/span><\/p><\/div>","icon_list":[{"text":"20 Users Tasks","icon":"fa fa-check","_id":"921c0f0","link":{"url":"","is_external":"","nofollow":""}},{"text":"5 GB of Storage","icon":"fa fa-check","_id":"b9b3155","link":{"url":"","is_external":"","nofollow":""}},{"text":"Theme Customization","icon":"fa fa-dot-circle-o","_id":"62eb31a","link":{"url":"","is_external":"","nofollow":""}},{"text":"Free Email Support","icon":"fa fa-dot-circle-o","_id":"5e247d1","link":{"url":"","is_external":"","nofollow":""}},{"text":"Security Suite","icon":"fa fa-dot-circle-o","_id":"fafc4e0","link":{"url":"","is_external":"","nofollow":""}}],"button_text":"Get Started","space_between":{"unit":"px","size":20},"icon_size":{"unit":"px","size":""},"button_style":"btn-lightblue","_animation":"fadeInUp","animation_duration":"slow","_animation_delay":400},"elements":[],"isInner":false,"widgetType":"pricing-table","elType":"widget"}],"isInner":true,"elType":"column"}],"isInner":true,"elType":"section"},{"id":"44d9daa1","settings":{"content_width":{"unit":"px","size":738},"html_tag":"div","gap":"no","padding_mobile":{"unit":"em","top":"","right":"","bottom":"","left":"","isLinked":false}},"elements":[{"id":"23c58fa2","settings":{"_column_size":100,"_inline_size":null},"elements":[{"id":"6bb07278","settings":{"title":"<b>Note!<\/b> Prices may vary from location to location due to local taxation laws and conversion rates from U.S. Dollars.","header_size":"p","align":"center","subheading_title":"","title_color":"#0c0c0c","sub_title_color":"#0c0c0c","size":"xl","sub_header_size":"span","typography_typography":"custom","typography_font_weight":"300","sub_typography_typography":"custom","sub_typography_font_size":{"unit":"px","size":18},"typography_font_size":{"unit":"px","size":16},"typography_line_height":{"unit":"em","size":2},"_margin":{"unit":"px","top":"0","right":"0","bottom":"-40","left":"0","isLinked":false},"typography_font_family":"Roboto","title_margin":{"unit":"px","top":"0","right":"0","bottom":"0","left":"0","isLinked":false},"subtitle_margin":{"unit":"px","top":"0","right":"0","bottom":"0","left":"0","isLinked":false},"subtitle_padding":{"unit":"px","top":"0","right":"0","bottom":"0","left":"0","isLinked":false},"section_margin":{"unit":"px","top":"0","right":"0","bottom":"0","left":"0","isLinked":false}},"elements":[],"isInner":false,"widgetType":"xooapp-section-heading","elType":"widget"}],"isInner":true,"elType":"column"}],"isInner":true,"elType":"section"}],"isInner":false,"elType":"column"}],"isInner":false,"elType":"section"},{"id":"50c8a679","settings":{"background_background":"classic","background_color":"#ffffff","padding":{"unit":"px","top":"100","right":"0","bottom":"100","left":"0","isLinked":false},"html_tag":"div","_element_id":"reviews"},"elements":[{"id":"30de9cbf","settings":{"_column_size":100,"_inline_size":null},"elements":[{"id":"7180e68d","settings":{"title":"Customers Feedback\n","subheading_title":"Aliquam a augue suscipit, luctus neque purus ipsum neque dolor primis libero tempus, tempor posuere ligula varius","title_color":"#0c0c0c","sub_title_color":"#0c0c0c","sub_typography_typography":"custom","title_margin":{"unit":"px","top":"0","right":"0","bottom":"0","left":"0","isLinked":false},"section_margin":{"unit":"px","top":"0","right":"0","bottom":"0","left":"0","isLinked":false},"section_padding":{"unit":"%","top":"","right":"","bottom":"","left":"","isLinked":true},"_margin":{"unit":"px","top":"0","right":"0","bottom":"0","left":"0","isLinked":true},"_padding":{"unit":"px","top":"0","right":"0","bottom":"0","left":"0","isLinked":false}},"elements":[],"isInner":false,"widgetType":"xooapp-section-heading","elType":"widget"},{"id":"64e9f039","settings":{"html_tag":"div"},"elements":[{"id":"c8f87d","settings":{"_column_size":100,"_inline_size":null,"margin_tablet":{"unit":"px","top":"-70","right":"0","bottom":"-70","left":"0","isLinked":false},"margin_mobile":{"unit":"px","top":"-75","right":"0","bottom":"0","left":"0","isLinked":false},"padding_mobile":{"unit":"px","top":"0","right":"0","bottom":"0","left":"0","isLinked":false}},"elements":[{"id":"1740e4c3","settings":{"testimonial_option":[{"title":"Jonathan Morgan","designation":"Marketting","testimoni_content_title":"Super Support","testimoni_content":"Enim ad minim veniam, quis nostrud exercitation ullamco laboris nisi ut aliquip ex ea commodo conse quat. Duis aute irure dolor in reprehenderit in voluptate.","testimoni_image":{"url":"http:\/\/jthemes.org\/wp\/xooapp\/wp-content\/plugins\/xooapp-master\/assets\/images\/review-author-1.jpg"},"testimonial_rating":"<i class=\"fa fa-star\"><\/i><i class=\"fa fa-star\"><\/i><i class=\"fa fa-star\"><\/i><i class=\"fa fa-star\"><\/i><i class=\"fa fa-star\"><\/i>","_id":"a83175c"},{"title":"Harsul Hisham","designation":"Engineer","testimoni_content_title":"What a theme!","testimoni_content":"Enim ad minim veniam, quis nostrud exercitation ullamco laboris nisi ut aliquip ex ea commodo conse quat. Duis aute irure dolor in reprehenderit in voluptate.","testimoni_image":{"url":"http:\/\/jthemes.org\/wp\/xooapp\/wp-content\/plugins\/xooapp-master\/assets\/images\/review-author-2.jpg"},"testimonial_rating":"<i class=\"fa fa-star\"><\/i><i class=\"fa fa-star\"><\/i><i class=\"fa fa-star\"><\/i><i class=\"fa fa-star\"><\/i><i class=\"fa fa-star\"><\/i>","_id":"38005a2"},{"title":"Teem Southy","designation":"Developer","testimoni_content_title":"Outstanding Support","testimoni_content":"Enim ad minim veniam, quis nostrud exercitation ullamco laboris nisi ut aliquip ex ea commodo conse quat. Duis aute irure dolor in reprehenderit in voluptate.","testimoni_image":{"url":"http:\/\/jthemes.org\/wp\/xooapp\/wp-content\/plugins\/xooapp-master\/assets\/images\/review-author-3.jpg"},"testimonial_rating":"<i class=\"fa fa-star\"><\/i><i class=\"fa fa-star\"><\/i><i class=\"fa fa-star\"><\/i><i class=\"fa fa-star\"><\/i><i class=\"fa fa-star\"><\/i>","_id":"bb9db2a"},{"title":"Harsul Hisham","designation":"Engineer","testimoni_content_title":"Happy!!","testimoni_content":"Enim ad minim veniam, quis nostrud exercitation ullamco laboris nisi ut aliquip ex ea commodo conse quat. Duis aute irure dolor in reprehenderit in voluptate.","testimoni_image":{"url":"http:\/\/jthemes.org\/wp\/xooapp\/wp-content\/plugins\/xooapp-master\/assets\/images\/review-author-4.jpg"},"testimonial_rating":"<i class=\"fa fa-star\"><\/i><i class=\"fa fa-star\"><\/i><i class=\"fa fa-star\"><\/i><i class=\"fa fa-star\"><\/i><i class=\"fa fa-star-o\"><\/i>","_id":"fb14771"},{"title":"Jake Margin","designation":"Marketing","testimoni_content_title":"Nice Person","testimoni_content":"Enim ad minim veniam, quis nostrud exercitation ullamco laboris nisi ut aliquip ex ea commodo conse quat. Duis aute irure dolor in reprehenderit in voluptate.","testimoni_image":{"url":"http:\/\/jthemes.org\/wp\/xooapp\/wp-content\/plugins\/xooapp-master\/assets\/images\/review-author-5.jpg"},"testimonial_rating":"<i class=\"fa fa-star\"><\/i><i class=\"fa fa-star\"><\/i><i class=\"fa fa-star\"><\/i><i class=\"fa fa-star\"><\/i><i class=\"fa fa-star\"><\/i>","_id":"c3eda0f"}],"content_typography_typography":"custom","content_typography_font_weight":"300"},"elements":[],"isInner":false,"widgetType":"xooapp-testimonials","elType":"widget"}],"isInner":true,"elType":"column"}],"isInner":true,"elType":"section"}],"isInner":false,"elType":"column"}],"isInner":false,"elType":"section"},{"id":"6564a251","settings":{"background_background":"classic","background_color":"#262626","background_image":{"id":98,"url":"http:\/\/jthemes.org\/wp\/xooapp\/wp-content\/uploads\/2018\/10\/tra-bg-2.png"},"background_position":"bottom center","background_attachment":"fixed","background_repeat":"no-repeat","padding":{"unit":"px","top":"100","right":"0","bottom":"150","left":"0","isLinked":false},"html_tag":"div","_element_id":"watch_video"},"elements":[{"id":"138e95f5","settings":{"_column_size":100},"elements":[{"id":"6d737cd","settings":{"title":"How XooApp Works\n","align":"center","subheading_title":"Aliquam a augue suscipit, luctus neque purus ipsum neque dolor primis libero tempus, tempor posuere ligula varius","title_color":"#ffffff","typography_typography":"custom","typography_line_height":{"unit":"em","size":1.5},"sub_title_color":"#ffffff","sub_typography_typography":"custom","_margin":{"unit":"px","top":"","right":"","bottom":"","left":"","isLinked":false},"_padding":{"unit":"px","top":"0","right":"0","bottom":"30","left":"0","isLinked":false}},"elements":[],"isInner":false,"widgetType":"xooapp-section-heading","elType":"widget"},{"id":"50fca58f","settings":{"banner_title":"Modern, Powerful and Creative","banner_button_text":"Discover More","banner_button_link":"#","video_link":"https:\/\/www.youtube.com\/watch?v=kuceVNBTJio","banner_bg_img":{"id":107,"url":"http:\/\/jthemes.org\/wp\/xooapp\/wp-content\/uploads\/2018\/10\/hero-1-img.png"}},"elements":[],"isInner":false,"widgetType":"xooapp_video_content","elType":"widget"}],"isInner":false,"elType":"column"}],"isInner":false,"elType":"section"},{"id":"c26e023","settings":{"padding":{"unit":"px","top":"100","right":"0","bottom":"0","left":"0","isLinked":false},"html_tag":"div","gap":"no","background_background":"classic","background_image":{"url":"http:\/\/jthemes.org\/wp\/xooapp\/wp-content\/uploads\/2018\/10\/tra-waves.png","id":99},"background_position":"bottom center","background_repeat":"no-repeat","_element_id":"faqs"},"elements":[{"id":"2c72e40d","settings":{"_column_size":100},"elements":[{"id":"3502cb00","settings":{"title":"Troubles with XooApp?\n","subheading_title":"Aliquam a augue suscipit, luctus neque purus ipsum neque dolor <br>primis libero tempus, tempor posuere ligula varius","typography_typography":"custom","typography_font_size":{"unit":"px","size":60},"sub_typography_typography":"custom","title_margin":{"unit":"px","top":"0","right":"0","bottom":"0","left":"0","isLinked":false},"subtitle_margin":{"unit":"px","top":"0","right":"0","bottom":"0","left":"0","isLinked":true},"subtitle_padding":{"unit":"px","top":"0","right":"0","bottom":"0","left":"0","isLinked":false},"section_margin":{"unit":"%","top":"","right":"","bottom":"","left":"","isLinked":true}},"elements":[],"isInner":false,"widgetType":"xooapp-section-heading","elType":"widget"},{"id":"2a79bd72","settings":{"structure":"20","layout":"full_width","gap":"no","html_tag":"div","background_position":"bottom center"},"elements":[{"id":"1d4803f","settings":{"_column_size":50,"_inline_size":null,"padding":{"unit":"px","top":"0","right":"45","bottom":"0","left":"45","isLinked":false}},"elements":[{"id":"778de0dd","settings":{"editor":"<div class=\"question animated fadeInUp visible\" data-animation=\"fadeInUp\" data-animation-delay=\"300\"><h5 class=\"h5-sm\">Lobortis sit magna ornare magna egestas?<\/h5><p>Etiam sit amet mauris suscipit sit amet in odio. Integer congue leo metus. Vitae arcu mollis blandit ultrice ligula egestas magna suscipit lectus magna suscipit luctus undo blandit vitae purus laoreet<\/p><\/div><div class=\"question animated fadeInUp visible\" data-animation=\"fadeInUp\" data-animation-delay=\"400\"><h5 class=\"h5-sm\">Placeat axime facere omnis volute?<\/h5><p>An augue egestas an ipsum vitae emo ligula volute ante ipsum primis in faucibus sit ametn in odio. Integer congue leo metus, eu mollis lorem viverra suscipit lectus magna<\/p><\/div><div class=\"question animated fadeInUp visible\" data-animation=\"fadeInUp\" data-animation-delay=\"500\"><h5 class=\"h5-sm\">An interdum lobortis pretium ornare?<\/h5><p>Feugiat eros, ac tincidunt ligula massa in faucibus orci luctus et ultrices posuere cubilia curae<\/p><\/div><div class=\"question animated fadeInUp visible\" data-animation=\"fadeInUp\" data-animation-delay=\"600\"><h5 class=\"h5-sm\">Interdum lobortis pretium ornare?<\/h5><p>Praesent semper, lacus sed cursus porta, odio augue ligula massa risus laoreet. Laoreet auctor massa varius egestas amet mauris suscipit semper lacus sed cursus porta feugiat primis<\/p><\/div>","typography_typography":"custom","typography_font_size":{"unit":"px","size":16}},"elements":[],"isInner":false,"widgetType":"text-editor","elType":"widget"}],"isInner":true,"elType":"column"},{"id":"9ad7f3e","settings":{"_column_size":50,"_inline_size":null,"padding":{"unit":"px","top":"0","right":"45","bottom":"0","left":"45","isLinked":false}},"elements":[{"id":"3c953dcd","settings":{"editor":"<div class=\"question animated fadeInUp visible\" data-animation=\"fadeInUp\" data-animation-delay=\"300\"><h5 class=\"h5-sm\">Aliquam dapibus pretium ornare?<\/h5><p>Feugiat eros ligula massa lipsum primis in orci luctus et ultrices posuere cubilia curae congue lorem. ante ipsum primis in faucibus bibendum sit amet in odio<\/p><\/div><div class=\"question animated fadeInUp visible\" data-animation=\"fadeInUp\" data-animation-delay=\"400\"><h5 class=\"h5-sm\">Pretium purus lacus tempor an ipsum vitae augue egestas emo ligula?<\/h5><p>Praesent semper lacus sed cursus porta, feugiat primis in orci luctus ligula eros ac ligula massa in faucibus orci luctus et ultrices posuere ante ipsum primis in faucibus bibendum sit amet in odio.<\/p><\/div><div class=\"question animated fadeInUp visible\" data-animation=\"fadeInUp\" data-animation-delay=\"500\"><h5 class=\"h5-sm\">Dapibus lobortis pretium ornare?<\/h5><p>Praesent semper, lacus sed cursus porta,feugiat primis in faucibus orci luctus tincidunt ligula ultrice sapien egestas lobortis magna<\/p><\/div><div class=\"question animated fadeInUp visible\" data-animation=\"fadeInUp\" data-animation-delay=\"600\"><h5 class=\"h5-sm\">Interdum lobortis pretium ornare?<\/h5><p>Feugiat eros, ac tincidunt ligula massa in faucibus orci luctus et ultrices posuere cubilia curae integer congue leo metus, eu mollis lorem primis in orci<\/p><\/div>"},"elements":[],"isInner":false,"widgetType":"text-editor","elType":"widget"}],"isInner":true,"elType":"column"}],"isInner":true,"elType":"section"}],"isInner":false,"elType":"column"}],"isInner":false,"elType":"section"},{"id":"3bad5c5","settings":{"background_background":"classic","background_color":"#f0f0f0","padding":{"unit":"px","top":"100","right":"0","bottom":"100","left":"0","isLinked":false},"content_position":"middle","text_align":"center","html_tag":"div"},"elements":[{"id":"78aa9d0f","settings":{"_column_size":100},"elements":[{"id":"344d6988","settings":{"title":"Press About XooApp\n","subheading_title":"Aliquam a augue suscipit, luctus neque purus ipsum neque dolor primis libero tempus, tempor posuere ligula varius","typography_typography":"custom","sub_typography_typography":"custom","title_margin":{"unit":"px","top":"0","right":"0","bottom":"0","left":"0","isLinked":false},"section_margin":{"unit":"%","top":"","right":"","bottom":"","left":"","isLinked":true},"_margin":{"unit":"px","top":"0","right":"0","bottom":"0","left":"0","isLinked":false},"_padding":{"unit":"px","top":"0","right":"0","bottom":"0","left":"0","isLinked":false}},"elements":[],"isInner":false,"widgetType":"xooapp-section-heading","elType":"widget"},{"id":"416eb353","settings":{"structure":"40","html_tag":"div","margin":{"unit":"px","top":"0","right":0,"bottom":"0","left":0,"isLinked":false},"padding":{"unit":"px","top":"0","right":"0","bottom":"0","left":"0","isLinked":false}},"elements":[{"id":"2a05fb59","settings":{"_column_size":25,"_inline_size":null,"margin_mobile":{"unit":"px","top":"0","right":"0","bottom":"20","left":"0","isLinked":false}},"elements":[{"id":"3daa21d5","settings":{"title_text":"","description_text":"","image":{"url":"http:\/\/jthemes.org\/wp\/xooapp\/wp-content\/uploads\/2018\/10\/press-1.png","id":82},"image_space":{"unit":"px","size":0},"image_size":{"unit":"%","size":80},"hover_animation":"grow","css_filters_css_filter":"custom","css_filters_hover_css_filter":"custom","_padding":{"unit":"px","top":"40","right":"40","bottom":"40","left":"40","isLinked":true},"_background_background":"classic","_background_color":"#ffffff","_box_shadow_box_shadow_type":"yes","_box_shadow_box_shadow":{"horizontal":0,"vertical":0,"blur":17,"spread":3,"color":"rgba(0,0,0,0.13)"}},"elements":[],"isInner":false,"widgetType":"image-box","elType":"widget"}],"isInner":true,"elType":"column"},{"id":"199dd0ab","settings":{"_column_size":25,"_inline_size":null,"margin_mobile":{"unit":"px","top":"0","right":"0","bottom":"20","left":"0","isLinked":false}},"elements":[{"id":"6c132ccd","settings":{"title_text":"","description_text":"","image":{"url":"http:\/\/jthemes.org\/wp\/xooapp\/wp-content\/uploads\/2018\/10\/press-2.png","id":83},"image_space":{"unit":"px","size":0},"image_size":{"unit":"%","size":80},"hover_animation":"grow","css_filters_css_filter":"custom","css_filters_hover_css_filter":"custom","_padding":{"unit":"px","top":"40","right":"40","bottom":"40","left":"40","isLinked":true},"_background_background":"classic","_background_color":"#ffffff","_box_shadow_box_shadow_type":"yes","_box_shadow_box_shadow":{"horizontal":0,"vertical":0,"blur":17,"spread":3,"color":"rgba(0,0,0,0.13)"}},"elements":[],"isInner":false,"widgetType":"image-box","elType":"widget"}],"isInner":true,"elType":"column"},{"id":"8667436","settings":{"_column_size":25,"_inline_size":null,"margin_mobile":{"unit":"px","top":"0","right":"0","bottom":"20","left":"0","isLinked":false}},"elements":[{"id":"4e15461b","settings":{"title_text":"","description_text":"","image":{"url":"http:\/\/jthemes.org\/wp\/xooapp\/wp-content\/uploads\/2018\/10\/press-3.png","id":84},"image_space":{"unit":"px","size":0},"image_size":{"unit":"%","size":80},"hover_animation":"grow","css_filters_css_filter":"custom","css_filters_hover_css_filter":"custom","_padding":{"unit":"px","top":"40","right":"40","bottom":"40","left":"40","isLinked":true},"_background_background":"classic","_background_color":"#ffffff","_box_shadow_box_shadow_type":"yes","_box_shadow_box_shadow":{"horizontal":0,"vertical":0,"blur":17,"spread":3,"color":"rgba(0,0,0,0.13)"}},"elements":[],"isInner":false,"widgetType":"image-box","elType":"widget"}],"isInner":true,"elType":"column"},{"id":"1f5616","settings":{"_column_size":25,"_inline_size":null},"elements":[{"id":"2cd5abd6","settings":{"title_text":"","description_text":"","image":{"url":"http:\/\/jthemes.org\/wp\/xooapp\/wp-content\/uploads\/2018\/10\/press-4.png","id":85},"image_space":{"unit":"px","size":0},"image_size":{"unit":"%","size":80},"hover_animation":"grow","css_filters_css_filter":"custom","css_filters_hover_css_filter":"custom","_padding":{"unit":"px","top":"40","right":"40","bottom":"40","left":"40","isLinked":true},"_background_background":"classic","_background_color":"#ffffff","_box_shadow_box_shadow_type":"yes","_box_shadow_box_shadow":{"horizontal":0,"vertical":0,"blur":17,"spread":3,"color":"rgba(0,0,0,0.13)"}},"elements":[],"isInner":false,"widgetType":"image-box","elType":"widget"}],"isInner":true,"elType":"column"}],"isInner":true,"elType":"section"},{"id":"5e67862a","settings":{"title":"","subheading_title":"Semper lacus cursus porta, feugiat primis in luctus ultrice tellus potenti neque dolor primis in posuere magna nec augue ipsum primis risus auctor purus pretium ligula rutrum","typography_typography":"custom","sub_typography_typography":"custom","_padding":{"unit":"px","top":"20","right":"0","bottom":"0","left":"0","isLinked":false},"title_margin":{"unit":"px","top":"0","right":"0","bottom":"0","left":"0","isLinked":false},"subtitle_margin":{"unit":"px","top":"20","right":"0","bottom":"0","left":"0","isLinked":false},"subtitle_padding":{"unit":"px","top":"0","right":"0","bottom":"0","left":"0","isLinked":false},"section_margin":{"unit":"%","top":"","right":"","bottom":"","left":"","isLinked":false},"section_padding":{"unit":"px","top":"","right":"","bottom":"","left":"","isLinked":false},"_margin_mobile":{"unit":"px","top":"0","right":"0","bottom":"0","left":"0","isLinked":false},"_padding_mobile":{"unit":"px","top":"0","right":"0","bottom":"0","left":"0","isLinked":false}},"elements":[],"isInner":false,"widgetType":"xooapp-section-heading","elType":"widget"},{"id":"20e612aa","settings":{"text":"What Our Clients Say","align":"center","background_color":"rgba(0,0,0,0)","text_padding":{"unit":"px","top":"0","right":"0","bottom":"0","left":"0","isLinked":false},"_margin":{"unit":"px","top":"0","right":"0","bottom":"0","left":"0","isLinked":true},"_css_classes":"btn btn-lightgreen"},"elements":[],"isInner":false,"widgetType":"button","elType":"widget"}],"isInner":false,"elType":"column"}],"isInner":false,"elType":"section"},{"id":"60d9b6c2","settings":{"padding":{"unit":"px","top":"100","right":"0","bottom":"100","left":"0","isLinked":false},"html_tag":"div","_element_id":"blog"},"elements":[{"id":"4923050d","settings":{"_column_size":100},"elements":[{"id":"1140c078","settings":{"title":"Our Latest News\n","subheading_title":"Aliquam a augue suscipit, luctus neque purus ipsum neque dolor primis libero tempus, tempor posuere ligula varius","sub_typography_typography":"custom","title_margin":{"unit":"px","top":"0","right":"0","bottom":"0","left":"0","isLinked":false}},"elements":[],"isInner":false,"widgetType":"xooapp-section-heading","elType":"widget"},{"id":"2345f543","settings":{"read_more_text":"More Details","title_typography_typography":"custom","title_typography_font_family":"Montserrat","title_hover_color":"#888888","description_typography_typography":"custom","title_typography_font_weight":"700","title_typography_font_size":{"unit":"px","size":20}},"elements":[],"isInner":false,"widgetType":"xooapp_blog","elType":"widget"}],"isInner":false,"elType":"column"}],"isInner":false,"elType":"section"},{"id":"68353a39","settings":{"html_tag":"div","background_background":"classic","background_color":"#f9f9f9"},"elements":[{"id":"32111a2a","settings":{"_column_size":100,"padding":{"unit":"px","top":"100","right":"0","bottom":"100","left":"0","isLinked":false}},"elements":[{"id":"2bf02503","settings":{"title":"Apps by DSAThemes\n","align":"center","subheading_title":"Aliquam a augue suscipit, luctus neque purus ipsum neque dolor primis libero tempus, tempor posuere ligula varius","title_color":"#0c0c0c","typography_typography":"custom","sub_title_color":"#0c0c0c","sub_typography_typography":"custom","title_margin":{"unit":"px","top":"0","right":"0","bottom":"0","left":"0","isLinked":true}},"elements":[],"isInner":false,"widgetType":"xooapp-section-heading","elType":"widget"},{"id":"7aeb341d","settings":{"structure":"30","content_width":{"unit":"px","size":950},"html_tag":"div"},"elements":[{"id":"63a7d881","settings":{"_column_size":33,"_inline_size":null,"margin_mobile":{"unit":"px","top":"0","right":"0","bottom":"20","left":"0","isLinked":false}},"elements":[{"id":"4db0a4db","settings":{"title_text":"Eventador","description_text":"Aliquam a augue luctus neque purus ipsum neque dolor primis suscipit","text_align":"center","feature_image":{"id":10,"url":"http:\/\/jthemes.org\/wp\/xooapp\/wp-content\/uploads\/2018\/10\/app-logo-1.png"},"sub_title_text":"Productivity","icon_space":{"unit":"px","size":23},"title_bottom_space":{"unit":"px","size":0},"shape":"square","social_list":[{"social_name":"IOS","social_icon":"fa fa-apple","social_link":"#","_id":"cddb6ba"},{"social_name":"Android","social_icon":"fa fa-android","social_link":"#","_id":"abfe8a5"}],"font_gradient_primary_color":"#888888","font_gradient_secondary_color":"#888888","primary_color":"#0c0000","hover_primary_color":"#e2e2e2","description_typography_typography":"custom","description_typography_font_weight":"300"},"elements":[],"isInner":false,"widgetType":"feature-box","elType":"widget"}],"isInner":true,"elType":"column"},{"id":"1870be8a","settings":{"_column_size":33,"_inline_size":null,"margin_mobile":{"unit":"px","top":"0","right":"0","bottom":"20","left":"0","isLinked":false}},"elements":[{"id":"6793b24a","settings":{"title_text":"UniSet","description_text":"Aliquam a augue luctus neque purus ipsum neque dolor primis suscipit","text_align":"center","feature_image":{"id":11,"url":"http:\/\/jthemes.org\/wp\/xooapp\/wp-content\/uploads\/2018\/10\/app-logo-2.png"},"sub_title_text":"Social Networking","icon_space":{"unit":"px","size":23},"title_bottom_space":{"unit":"px","size":0},"font_gradient_primary_color":"#888888","font_gradient_secondary_color":"#888888","primary_color":"#0c0000","social_list":[{"social_name":"Apple","social_icon":"fa fa-apple","social_link":"","_id":"8e215af"},{"social_name":"Android","social_icon":"fa fa-android","social_link":"","_id":"f7a54a4"}],"description_typography_typography":"custom","description_typography_font_weight":"300"},"elements":[],"isInner":false,"widgetType":"feature-box","elType":"widget"}],"isInner":true,"elType":"column"},{"id":"65362307","settings":{"_column_size":33,"_inline_size":null},"elements":[{"id":"3a12d274","settings":{"title_text":"LeekApp","description_text":"Aliquam a augue luctus neque purus ipsum neque dolor primis suscipit","text_align":"center","feature_image":{"id":12,"url":"http:\/\/jthemes.org\/wp\/xooapp\/wp-content\/uploads\/2018\/10\/app-logo-3.png"},"sub_title_text":"Finance","icon_space":{"unit":"px","size":23},"title_bottom_space":{"unit":"px","size":0},"social_list":[{"social_name":"IOS","social_icon":"fa fa-apple","social_link":"#","_id":"8eca15d"},{"social_name":"Android","social_icon":"fa fa-android","social_link":"#","_id":"0f9814e"}],"font_gradient_primary_color":"#888888","font_gradient_secondary_color":"#888888","description_typography_typography":"custom","description_typography_font_size":{"unit":"px","size":15},"description_typography_font_weight":"300"},"elements":[],"isInner":false,"widgetType":"feature-box","elType":"widget"}],"isInner":true,"elType":"column"}],"isInner":true,"elType":"section"}],"isInner":false,"elType":"column"}],"isInner":false,"elType":"section"},{"id":"4ee173f3","settings":{"content_position":"middle","background_background":"classic","background_color":"#42a045","background_image":{"url":"http:\/\/jthemes.org\/wp\/xooapp\/wp-content\/uploads\/2018\/10\/tra-bg-1.png","id":97},"background_position":"center center","background_attachment":"fixed","background_repeat":"no-repeat","background_size":"cover","padding":{"unit":"px","top":"100","right":"0","bottom":"100","left":"0","isLinked":false},"html_tag":"div","content_width":{"unit":"px","size":960}},"elements":[{"id":"6199da27","settings":{"_column_size":100,"_inline_size":null},"elements":[{"id":"b156a46","settings":{"title":"Keep in touch with us for existing offer. Subscribe for Newsletter\n","header_size":"h3","align":"center","subheading_title":"","title_color":"#ffffff","typography_typography":"custom","typography_font_size":{"unit":"px","size":40},"typography_font_size_mobile":{"unit":"px","size":22}},"elements":[],"isInner":false,"widgetType":"xooapp-section-heading","elType":"widget"},{"id":"6f342a2","settings":{"content_position":"middle","html_tag":"div","content_width":{"unit":"px","size":720}},"elements":[{"id":"1ead5684","settings":{"_column_size":100,"_inline_size":null},"elements":[{"id":"76ff65d1","settings":{"wp":{"title":""}},"elements":[],"isInner":false,"widgetType":"wp-widget-mc4wp_form_widget","elType":"widget"}],"isInner":true,"elType":"column"}],"isInner":true,"elType":"section"}],"isInner":false,"elType":"column"}],"isInner":false,"elType":"section"},{"id":"2d534bf9","settings":{"html_tag":"div","structure":"20","padding":{"unit":"px","top":"100","right":"0","bottom":"30","left":"0","isLinked":false},"content_position":"middle"},"elements":[{"id":"51aecff9","settings":{"_column_size":50,"_inline_size":64.4740000000000037516656448133289813995361328125},"elements":[{"id":"3e099b29","settings":{"banner_desc":"<p>Nemo ipsam egestas volute turpis dolores ut aliquam quaerat sodales sapien undo euismod blandit vitae arcu. Aenean blandit non nulla at sodales mollis in eget velit aliquam quaerat sodales sapien undo ongue magna impedit<\/p>","logo_spacing_mobile":{"unit":"px","size":0},"logo_size_mobile":{"unit":"px","size":150}},"elements":[],"isInner":false,"widgetType":"xooapp_logo","elType":"widget"}],"isInner":false,"elType":"column"},{"id":"36761e6c","settings":{"_column_size":50,"_inline_size":35.52600000000000335376171278767287731170654296875},"elements":[{"id":"4732515","settings":{"app_image_one":{"url":"http:\/\/jthemes.org\/wp\/xooapp\/wp-content\/uploads\/2018\/10\/googleplay-1.png","id":139},"app_one_link":"#","app_image_two":{"url":"http:\/\/jthemes.org\/wp\/xooapp\/wp-content\/uploads\/2018\/10\/appstore-1.png","id":138},"app_two_link":"#","section_padding":{"unit":"px","top":"0","right":"0","bottom":"0","left":"0","isLinked":false},"section_margin":{"unit":"px","top":"0","right":"0","bottom":"0","left":"10","isLinked":false},"align":"right"},"elements":[],"isInner":false,"widgetType":"xooapp_app_info","elType":"widget"}],"isInner":false,"elType":"column"}],"isInner":false,"elType":"section"}]}