{"version":"0.4","title":"Home 7","type":"page","content":[{"id":"3d167a5a","settings":{"layout":"full_width","gap":"no","content_position":"middle","html_tag":"div"},"elements":[{"id":"54477eea","settings":{"_column_size":100},"elements":[{"id":"7bd4eb97","settings":{"nav_item_lists":[{"nav":"About","link":"#about","_id":"80ce0b8","show_dropdown":"yes","sub_nav":"Why XooApp\nWatch Video\nHow It Works\nOur Team\n<div class=\"dropdown-divider\"><\/div>\nReview","priority":""},{"nav":"Screens","link":"#screen","_id":"6f21b50","show_dropdown":"","sub_nav":"","priority":""},{"nav":"Features","link":"#features","_id":"5c43ebe","show_dropdown":"","sub_nav":"","priority":""},{"nav":"Go Premium","link":"#go_premium","_id":"0002162","show_dropdown":"","sub_nav":"","priority":"yes"},{"nav":"FAQs","link":"#faqs","_id":"338912a","show_dropdown":"","sub_nav":"","priority":""}],"social_button":"yes","social_icon_list":[{"social":"fa fa-facebook","_id":"bec443c","social_link":{"url":"","is_external":"","nofollow":""}},{"social":"fa fa-twitter","_id":"c3dfe5c","social_link":{"url":"","is_external":"","nofollow":""}},{"social":"fa fa-dribbble","_id":"818892f","social_link":{"url":"","is_external":"","nofollow":""}}],"title_typography_typography":"custom","title_typography_font_size":{"unit":"px","size":16.800000000000000710542735760100185871124267578125},"title_typography_font_weight":"500"},"elements":[],"isInner":false,"widgetType":"xooapp_header","elType":"widget"}],"isInner":false,"elType":"column"}],"isInner":false,"elType":"section"},{"id":"52e6128b","settings":{"content_position":"middle","html_tag":"div","background_background":"classic","background_image":{"url":"http:\/\/jthemes.org\/wp\/xooapp\/wp-content\/uploads\/2018\/10\/hero-7.jpg","id":46},"background_position":"bottom center","padding":{"unit":"px","top":"150","right":"0","bottom":"100","left":"0","isLinked":false},"gap":"no","background_size":"cover","shape_divider_top_width":{"unit":"%","size":100},"text_align":"center","background_repeat":"no-repeat","responsive_background_control_mobile":"top left","xooapp_responsive_background_color_mobile":"#0c0c0c","padding_mobile":{"unit":"px","top":"50","right":"0","bottom":"50","left":"0","isLinked":false}},"elements":[{"id":"3b3e6a57","settings":{"_column_size":100,"_inline_size":null},"elements":[{"id":"10e2c530","settings":{"content_position":"middle","html_tag":"div","structure":"20"},"elements":[{"id":"32fe155f","settings":{"_column_size":50,"_inline_size":null},"elements":[{"id":"59b13e66","settings":{"image":{"url":"http:\/\/jthemes.org\/wp\/xooapp\/wp-content\/uploads\/2018\/10\/hero-7-img.png","id":45},"_margin":{"unit":"%","top":"","right":"","bottom":"","left":"","isLinked":false},"_animation":"fadeInRight","animation_duration":"slow","_animation_delay":300,"align":"left","_margin_mobile":{"unit":"px","top":"60","right":"0","bottom":"30","left":"0","isLinked":false}},"elements":[],"isInner":false,"widgetType":"image","elType":"widget"}],"isInner":true,"elType":"column"},{"id":"47bb3d6b","settings":{"_column_size":50,"_inline_size":null,"text_align":"right","margin_mobile":{"unit":"px","top":"0","right":"0","bottom":"0","left":"0","isLinked":false},"padding_mobile":{"unit":"px","top":"0","right":"0","bottom":"0","left":"0","isLinked":false}},"elements":[{"id":"3b2badc1","settings":{"title":"More than your banking App\n","align":"right","subheading_title":"Orci nullam tempor sapien donec ipsum integer at porta auctor integer congue magna lacus tempus magna\n\n","title_color":"#ffffff","title_margin":{"unit":"px","top":"0","right":"0","bottom":"8","left":"0","isLinked":false},"sub_title_color":"#ffffff","sub_typography_typography":"custom","sub_typography_font_size":{"unit":"px","size":22},"_margin":{"unit":"px","top":"0","right":"0","bottom":"0","left":"0","isLinked":false},"typography_typography":"custom","typography_font_size":{"unit":"px","size":52},"_padding":{"unit":"px","top":"0","right":"0","bottom":"0","left":"0","isLinked":false},"subtitle_margin":{"unit":"px","top":"0","right":"0","bottom":"0","left":"0","isLinked":false},"subtitle_padding":{"unit":"px","top":"0","right":"0","bottom":"0","left":"0","isLinked":false},"section_padding":{"unit":"px","top":"0","right":"0","bottom":"0","left":"0","isLinked":false},"_animation":"fadeInRight","section_margin":{"unit":"px","top":"0","right":"0","bottom":"0","left":"0","isLinked":false},"_animation_delay":300,"align_mobile":"center","title_color_mobile":"#0c0c0c","sub_title_color_mobile":"#0c0c0c"},"elements":[],"isInner":false,"widgetType":"xooapp-section-heading","elType":"widget"},{"id":"c55930f","settings":{"app_image_one":{"url":"http:\/\/jthemes.org\/wp\/xooapp\/wp-content\/uploads\/2018\/10\/googleplay.png","id":139},"app_image_two":{"url":"http:\/\/jthemes.org\/wp\/xooapp\/wp-content\/uploads\/2018\/10\/header-appstore.png","id":140},"_animation":"fadeInRight","_animation_delay":400,"section_padding":{"unit":"px","top":"0","right":"0","bottom":"0","left":"0","isLinked":false},"section_margin":{"unit":"px","top":"0","right":"0","bottom":"0","left":"0","isLinked":false},"align_mobile":"center"},"elements":[],"isInner":false,"widgetType":"xooapp_app_info","elType":"widget"},{"id":"6e3a6bb","settings":{"title":"* Requires iOS 7.0 or higher\n","header_size":"p","align":"right","title_color":"#ffffff","typography_typography":"custom","typography_font_family":"Roboto","typography_font_weight":"300","typography_font_style":"italic","_animation":"fadeInRight","_animation_delay":500},"elements":[],"isInner":false,"widgetType":"heading","elType":"widget"}],"isInner":true,"elType":"column"}],"isInner":true,"elType":"section"}],"isInner":false,"elType":"column"}],"isInner":false,"elType":"section"},{"id":"10461173","settings":{"html_tag":"div","structure":"40","padding":{"unit":"px","top":"0","right":"0","bottom":"0","left":"0","isLinked":false}},"elements":[{"id":"2781c7dc","settings":{"_column_size":25,"_inline_size":null,"_inline_size_mobile":50,"margin_mobile":{"unit":"px","top":"0","right":"0","bottom":"30","left":"0","isLinked":false}},"elements":[{"id":"4ad001f0","settings":{"image":{"url":"http:\/\/jthemes.org\/wp\/xooapp\/wp-content\/uploads\/2018\/10\/brand-1.png","id":20}},"elements":[],"isInner":false,"widgetType":"image","elType":"widget"}],"isInner":false,"elType":"column"},{"id":"226115dd","settings":{"_column_size":25,"_inline_size":null,"_inline_size_mobile":50},"elements":[{"id":"4dbe21a4","settings":{"image":{"url":"http:\/\/jthemes.org\/wp\/xooapp\/wp-content\/uploads\/2018\/10\/brand-2.png","id":21}},"elements":[],"isInner":false,"widgetType":"image","elType":"widget"}],"isInner":false,"elType":"column"},{"id":"30ec1c37","settings":{"_column_size":25,"_inline_size":null,"_inline_size_mobile":50},"elements":[{"id":"2faa9476","settings":{"image":{"url":"http:\/\/jthemes.org\/wp\/xooapp\/wp-content\/uploads\/2018\/10\/brand-3.png","id":22}},"elements":[],"isInner":false,"widgetType":"image","elType":"widget"}],"isInner":false,"elType":"column"},{"id":"6ea1489","settings":{"_column_size":25,"_inline_size":null,"_inline_size_mobile":50},"elements":[{"id":"660d2d56","settings":{"image":{"url":"http:\/\/jthemes.org\/wp\/xooapp\/wp-content\/uploads\/2018\/10\/brand-4.png","id":23}},"elements":[],"isInner":false,"widgetType":"image","elType":"widget"}],"isInner":false,"elType":"column"}],"isInner":false,"elType":"section"},{"id":"2fb75613","settings":{"margin":{"unit":"px","top":"0","right":0,"bottom":"0","left":0,"isLinked":false},"heading_color":"#c9c9c9","color_text":"#848484","html_tag":"div","gap":"no","content_position":"middle","background_background":"classic","background_image":{"url":"http:\/\/jthemes.org\/wp\/xooapp\/wp-content\/uploads\/2018\/10\/tra-waves.png","id":99},"background_position":"bottom center","padding":{"unit":"px","top":"100","right":"0","bottom":"60","left":"0","isLinked":false},"padding_tablet":{"unit":"px","top":"0","right":"0","bottom":"0","left":"0","isLinked":false},"padding_mobile":{"unit":"px","top":"0","right":"0","bottom":"0","left":"0","isLinked":false},"xooapp_hide_mobile_mobile":"hidden-phone","_element_id":"why_xooapp"},"elements":[{"id":"2e13f755","settings":{"_column_size":100},"elements":[{"id":"1a5962a7","settings":{"structure":"20","html_tag":"div","padding":{"unit":"em","top":"0","right":"0","bottom":"0","left":"0","isLinked":false},"content_position":"middle"},"elements":[{"id":"42a29f64","settings":{"_column_size":50,"_inline_size":null,"padding":{"unit":"px","top":"0","right":"45","bottom":"0","left":"45","isLinked":false},"margin_mobile":{"unit":"px","top":"0","right":"0","bottom":"30","left":"0","isLinked":false}},"elements":[{"id":"5771113d","settings":{"title":"Your security is our priority\n","size":"xxl","title_color":"#0c0c0c","typography_typography":"custom","_animation":"fadeInLeft","_animation_delay":300},"elements":[],"isInner":false,"widgetType":"xooapp-heading","elType":"widget"},{"id":"2433660a","settings":{"editor":"An enim nullam tempor sapien gravida donec enim ipsum porta justo integer at odio velna vitae auctor integer congue magna at pretium purus pretium ligula rutrum luctus risus ultrice luctus in ligula blandit congue magna undo impedit\n\n","typography_typography":"custom","typography_font_size":{"unit":"px","size":16},"_animation":"fadeInLeft","_animation_delay":400},"elements":[],"isInner":false,"widgetType":"text-editor","elType":"widget"},{"id":"2c0ed1dd","settings":{"editor":"<blockquote><p>\"Lorem ipsum dolor sit amet, consectetuer adipiscing elit. Aenean magna ligula eget dolor suscipit egestas viverra dolor iaculis luctus magna suscipit egestas \"<\/p><\/blockquote>","typography_typography":"custom","typography_font_size":{"unit":"px","size":16},"_animation":"fadeInLeft","_animation_delay":400},"elements":[],"isInner":false,"widgetType":"text-editor","elType":"widget"},{"id":"1f88373","settings":{"editor":"<div class=\"quote-avatar\"><img class=\"alignnone size-full wp-image-81\" src=\"http:\/\/jthemes.org\/wp\/xooapp\/wp-content\/uploads\/2018\/10\/post-author-3.jpg\" alt=\"\" width=\"60\" height=\"60\" \/><\/div><div class=\"quote-author\"><h5 class=\"h5-xs\">Leslie Serpas<\/h5><p><span class=\"grey-color\">Designer of XooApp<\/span><\/p><\/div>","_animation":"fadeInLeft","_animation_delay":400},"elements":[],"isInner":false,"widgetType":"text-editor","elType":"widget"}],"isInner":true,"elType":"column"},{"id":"31b6f474","settings":{"_column_size":50,"_inline_size":null,"padding":{"unit":"px","top":"0","right":"45","bottom":"0","left":"45","isLinked":false},"padding_tablet":{"unit":"px","top":"0","right":"0","bottom":"0","left":"0","isLinked":false},"padding_mobile":{"unit":"px","top":"0","right":"0","bottom":"0","left":"0","isLinked":false}},"elements":[{"id":"246628a3","settings":{"image":{"id":62,"url":"http:\/\/jthemes.org\/wp\/xooapp\/wp-content\/uploads\/2018\/10\/image-06.png"},"_animation":"fadeInRight","_animation_delay":300},"elements":[],"isInner":false,"widgetType":"image","elType":"widget"}],"isInner":true,"elType":"column"}],"isInner":true,"elType":"section"}],"isInner":false,"elType":"column"}],"isInner":false,"elType":"section"},{"id":"4464560f","settings":{"layout":"full_width","gap":"no","padding":{"unit":"%","top":"","right":"","bottom":"","left":"","isLinked":false},"background_color":"#715fef","html_tag":"div","margin_tablet":{"unit":"px","top":"0","right":0,"bottom":"0","left":0,"isLinked":false},"padding_tablet":{"unit":"px","top":"0","right":"0","bottom":"0","left":"0","isLinked":false}},"elements":[{"id":"3cf8b680","settings":{"_column_size":100,"background_background":"classic"},"elements":[{"id":"2b59aee9","settings":{"structure":"20","background_background":"classic","background_color":"#f0f0f0","color_text":"#ffffff","padding":{"unit":"px","top":"100","right":"0","bottom":"100","left":"0","isLinked":false},"background_position":"bottom center","content_position":"middle","html_tag":"div","gap":"no","margin_tablet":{"unit":"px","top":"0","right":0,"bottom":"0","left":0,"isLinked":false},"margin_mobile":{"unit":"px","top":"0","right":0,"bottom":"0","left":0,"isLinked":false},"padding_tablet":{"unit":"px","top":"0","right":"0","bottom":"0","left":"0","isLinked":false},"padding_mobile":{"unit":"px","top":"0","right":"0","bottom":"0","left":"0","isLinked":false}},"elements":[{"id":"634f953b","settings":{"_column_size":50,"_inline_size":null,"padding":{"unit":"px","top":"0","right":"45","bottom":"0","left":"45","isLinked":false},"padding_tablet":{"unit":"px","top":"0","right":"0","bottom":"0","left":"0","isLinked":false},"padding_mobile":{"unit":"px","top":"0","right":"0","bottom":"0","left":"0","isLinked":false},"margin_mobile":{"unit":"px","top":"0","right":"0","bottom":"30","left":"0","isLinked":false}},"elements":[{"id":"75ed5edd","settings":{"image":{"id":68,"url":"http:\/\/jthemes.org\/wp\/xooapp\/wp-content\/uploads\/2018\/10\/image-12.png"},"image_size":"full","align":"right","_margin":{"unit":"px","top":"0","right":"0","bottom":"0","left":"0","isLinked":false},"_animation":"fadeInRight","_padding_mobile":{"unit":"px","top":"30","right":"0","bottom":"0","left":"0","isLinked":false}},"elements":[],"isInner":false,"widgetType":"image","elType":"widget"}],"isInner":true,"elType":"column"},{"id":"6304e4b3","settings":{"_column_size":50,"_inline_size":null},"elements":[{"id":"d565dcd","settings":{"title":"Experienced and Skilled\n","size":"xxl","align":"left","title_color":"#0c0c0c","typography_typography":"custom","_animation":"fadeInLeft","_animation_delay":300},"elements":[],"isInner":false,"widgetType":"xooapp-heading","elType":"widget"},{"id":"531b05b1","settings":{"editor":"<p>An enim nullam tempor sapien gravida donec enim ipsum porta justo integer at odio velna vitae auctor integer congue magna at pretium purus pretium ligula rutrum luctus risus<\/p><p><br><\/p>\n<h5><strong>Features Never Stop<\/strong><\/h5>","text_color":"#0c0c0c","typography_typography":"custom","typography_font_weight":"300","typography_font_size":{"unit":"px","size":17},"_animation":"fadeInLeft","_animation_delay":400,"_margin":{"unit":"px","top":"0","right":"0","bottom":"0","left":"0","isLinked":false},"_padding":{"unit":"px","top":"0","right":"0","bottom":"0","left":"0","isLinked":false},"align_mobile":"left"},"elements":[],"isInner":false,"widgetType":"text-editor","elType":"widget"},{"id":"2096daeb","settings":{"icon_list":[{"text":"Fringilla risus nec, luctus mauris orci auctor purus euismod pretium purus pretium ligula rutrum tempor sapien","icon":"fa fa-circle-o","_id":"be28755","link":{"url":"","is_external":"","nofollow":""}},{"text":"Muaerat sodales sapien undo euismod purus blandit","icon":"fa fa-circle-o","_id":"630ce1c","link":{"url":"","is_external":"","nofollow":""}},{"text":"Nemo ipsam egestas volute turpis dolores ut aliquam quaerat sodales sapien undo pretium purus","icon":"fa fa-circle-o","_id":"f0061dd","link":{"url":"","is_external":"","nofollow":""}}],"space_between":{"unit":"px","size":10},"icon_color":"#4f4f4f","icon_size":{"unit":"px","size":12},"text_indent":{"unit":"px","size":10},"_animation":"fadeInLeft","_animation_delay":400,"icon_align_mobile":"left","_padding_mobile":{"unit":"px","top":"0","right":"0","bottom":"30","left":"0","isLinked":false}},"elements":[],"isInner":false,"widgetType":"icon-list","elType":"widget"}],"isInner":true,"elType":"column"}],"isInner":true,"elType":"section"}],"isInner":false,"elType":"column"}],"isInner":false,"elType":"section"},{"id":"500d5d94","settings":{"layout":"full_width","gap":"no","padding":{"unit":"%","top":"","right":"","bottom":"","left":"","isLinked":false},"background_color":"#715fef","html_tag":"div","margin_mobile":{"unit":"px","top":"0","right":0,"bottom":"0","left":0,"isLinked":false},"padding_mobile":{"unit":"px","top":"0","right":"0","bottom":"0","left":"0","isLinked":false}},"elements":[{"id":"6bac29da","settings":{"_column_size":100,"background_background":"classic"},"elements":[{"id":"7533dc55","settings":{"structure":"20","background_background":"classic","background_color":"#ffffff","color_text":"#0c0c0c","padding":{"unit":"px","top":"100","right":"0","bottom":"100","left":"0","isLinked":false},"background_position":"bottom center","content_position":"middle","html_tag":"div","gap":"no","margin_mobile":{"unit":"px","top":"0","right":0,"bottom":"0","left":0,"isLinked":false},"padding_mobile":{"unit":"px","top":"0","right":"0","bottom":"0","left":"0","isLinked":false}},"elements":[{"id":"6315b293","settings":{"_column_size":50,"_inline_size":null,"padding":{"unit":"px","top":"0","right":"45","bottom":"0","left":"45","isLinked":false},"padding_tablet":{"unit":"px","top":"0","right":"0","bottom":"0","left":"0","isLinked":false},"padding_mobile":{"unit":"px","top":"0","right":"0","bottom":"0","left":"0","isLinked":false}},"elements":[{"id":"3bdbeed5","settings":{"title":"Available on all your devices\n","_animation":"fadeInLeft","_animation_delay":300,"_margin_mobile":{"unit":"px","top":"0","right":"0","bottom":"0","left":"0","isLinked":false},"_padding_mobile":{"unit":"px","top":"0","right":"0","bottom":"0","left":"0","isLinked":false}},"elements":[],"isInner":false,"widgetType":"xooapp-heading","elType":"widget"},{"id":"377495c5","settings":{"editor":"<p>An enim nullam tempor sapien gravida donec enim ipsum porta justo integer at odio velna vitae auctor integer congue<\/p><h5><strong>Use on any devices<\/strong><\/h5><p>An nullam tempor sapien, eget gravida donec enim ipsum porta justo integer at odio velna vitae auctor integer congue magna undo. Gravida magna lacus odio ac risus auctor<\/p>","typography_typography":"custom","_animation":"fadeInLeft","_animation_delay":400,"text_color":"#0c0c0c","typography_font_weight":"300"},"elements":[],"isInner":false,"widgetType":"text-editor","elType":"widget"},{"id":"33dbbe50","settings":{"wp":{"title":"","content":"<div class=\"app-devices\">\r\n<i class=\"fa fa-tablet f-tablet\"><\/i><i class=\"fa fa-mobile f-phone\"><\/i>\r\n<div class=\"app-devices-desc\">\r\n<p class=\"p-small\">Available on iPhone, iPad and all Android devices from 5.5<\/p>\r\n<\/div>\r\n<\/div>"},"_animation":"fadeInLeft","animation_duration":"slow","_animation_delay":500},"elements":[],"isInner":false,"widgetType":"wp-widget-custom_html","elType":"widget"}],"isInner":true,"elType":"column"},{"id":"698c0f47","settings":{"_column_size":50,"_inline_size":null},"elements":[{"id":"6d1fb739","settings":{"image":{"id":17,"url":"http:\/\/jthemes.org\/wp\/xooapp\/wp-content\/uploads\/2018\/10\/apple-watch.png"},"_animation":"fadeInLeft"},"elements":[],"isInner":false,"widgetType":"image","elType":"widget"}],"isInner":true,"elType":"column"}],"isInner":true,"elType":"section"}],"isInner":false,"elType":"column"}],"isInner":false,"elType":"section"},{"id":"2b559ce1","settings":{"content_width":{"unit":"px","size":0},"layout":"full_width","gap":"no","padding":{"unit":"px","top":"100","right":"0","bottom":"100","left":"0","isLinked":false},"html_tag":"div","background_background":"classic","background_color":"#ffffff","_element_id":"screen","padding_mobile":{"unit":"px","top":"50","right":"0","bottom":"0","left":"0","isLinked":false}},"elements":[{"id":"4c4c220a","settings":{"_column_size":100,"html_tag":"div"},"elements":[{"id":"3247cd36","settings":{"title":"Unique App Screens","subheading_title":"Aliquam a augue suscipit, luctus neque purus ipsum neque dolor primis  libero tempus, tempor posuere ligula varius","align":"center","sub_align":"center","title_color":"#0c0c0c","typography_typography":"custom","sub_title_color":"#0c0c0c","sub_typography_typography":"custom","_padding":{"unit":"em","top":"0","right":"0","bottom":"0","left":"0","isLinked":false},"_margin":{"unit":"px","top":"0","right":"0","bottom":"60","left":"0","isLinked":false},"typography_line_height":{"unit":"em","size":1.6999999999999999555910790149937383830547332763671875},"typography_letter_spacing":{"unit":"px","size":0},"section_margin":{"unit":"px","top":"0","right":"0","bottom":"0","left":"0","isLinked":true},"section_padding":{"unit":"px","top":"0","right":"0","bottom":"0","left":"0","isLinked":false},"title_margin_mobile":{"unit":"px","top":"0","right":"0","bottom":"0","left":"0","isLinked":false},"_margin_mobile":{"unit":"px","top":"0","right":"0","bottom":"0","left":"0","isLinked":false},"_padding_tablet":{"unit":"px","top":"0","right":"0","bottom":"0","left":"0","isLinked":false},"_padding_mobile":{"unit":"px","top":"0","right":"0","bottom":"0","left":"0","isLinked":false}},"elements":[],"isInner":false,"widgetType":"xooapp-section-heading","elType":"widget"},{"id":"8b8638b","settings":{"carousel":[{"id":117,"url":"http:\/\/jthemes.org\/wp\/xooapp\/wp-content\/uploads\/2018\/10\/screen-1.jpg"},{"id":118,"url":"http:\/\/jthemes.org\/wp\/xooapp\/wp-content\/uploads\/2018\/10\/screen-2.jpg"},{"id":119,"url":"http:\/\/jthemes.org\/wp\/xooapp\/wp-content\/uploads\/2018\/10\/screen-3.jpg"},{"id":120,"url":"http:\/\/jthemes.org\/wp\/xooapp\/wp-content\/uploads\/2018\/10\/screen-4.jpg"},{"id":121,"url":"http:\/\/jthemes.org\/wp\/xooapp\/wp-content\/uploads\/2018\/10\/screen-5.jpg"},{"id":122,"url":"http:\/\/jthemes.org\/wp\/xooapp\/wp-content\/uploads\/2018\/10\/screen-6.jpg"},{"id":123,"url":"http:\/\/jthemes.org\/wp\/xooapp\/wp-content\/uploads\/2018\/10\/screen-7.jpg"},{"id":124,"url":"http:\/\/jthemes.org\/wp\/xooapp\/wp-content\/uploads\/2018\/10\/screen-8.jpg"}],"thumbnail_size":"full","_margin":{"unit":"px","top":"60","right":"0","bottom":"0","left":"0","isLinked":false},"frame_select":""},"elements":[],"isInner":false,"widgetType":"app-screenshot-carousel","elType":"widget"}],"isInner":false,"elType":"column"}],"isInner":false,"elType":"section"},{"id":"6415cd80","settings":{"html_tag":"div","content_position":"middle","background_background":"classic","background_color":"#715fef","background_image":{"url":"http:\/\/jthemes.org\/wp\/xooapp\/wp-content\/uploads\/2018\/10\/tra-bg-1.png","id":97},"background_position":"center center","background_attachment":"fixed","background_repeat":"no-repeat","background_size":"cover","margin":{"unit":"%","top":"","right":0,"bottom":"","left":0,"isLinked":false},"padding":{"unit":"px","top":"100","right":"0","bottom":"0","left":"0","isLinked":false},"gap":"no","text_align":"center","padding_mobile":{"unit":"px","top":"50","right":"0","bottom":"50","left":"0","isLinked":false},"_element_id":"watch_video"},"elements":[{"id":"8e8a178","settings":{"_column_size":100,"_inline_size":null},"elements":[{"id":"6abd7b4a","settings":{"title":"Beautiful User Interface","subheading_title":"Gravida donec integer ipsum porta justo at odio velna vitae auctor integer magna at risus <br> auctor purus rutrum primis ultrice ligula luctus impedit magna dolor vitae risus","title_color":"#ffffff","typography_typography":"custom","sub_title_color":"#ffffff","sub_typography_typography":"custom","_margin":{"unit":"px","top":"0","right":"0","bottom":"0","left":"0","isLinked":false},"_padding":{"unit":"px","top":"0","right":"0","bottom":"0","left":"0","isLinked":false},"title_margin":{"unit":"px","top":"0","right":"0","bottom":"0","left":"0","isLinked":true},"subtitle_margin":{"unit":"px","top":"0","right":"0","bottom":"0","left":"0","isLinked":false},"subtitle_padding":{"unit":"px","top":"0","right":"0","bottom":"0","left":"0","isLinked":false},"_margin_mobile":{"unit":"px","top":"0","right":"0","bottom":"0","left":"0","isLinked":false},"_padding_mobile":{"unit":"px","top":"0","right":"0","bottom":"0","left":"0","isLinked":false},"subtitle_margin_mobile":{"unit":"%","top":"","right":"","bottom":"","left":"","isLinked":true}},"elements":[],"isInner":false,"widgetType":"xooapp-section-heading","elType":"widget"},{"id":"791a39c0","settings":{"app_image_one":{"url":"http:\/\/jthemes.org\/wp\/xooapp\/wp-content\/uploads\/2018\/10\/appstore-tra-white.png","id":145},"app_image_two":{"url":"http:\/\/jthemes.org\/wp\/xooapp\/wp-content\/uploads\/2018\/10\/googleplay-tra-white.png","id":148},"_margin":{"unit":"px","top":"0","right":"0","bottom":"0","left":"0","isLinked":false},"_padding":{"unit":"px","top":"0","right":"0","bottom":"40","left":"0","isLinked":false}},"elements":[],"isInner":false,"widgetType":"xooapp_app_info","elType":"widget"},{"id":"3bf2aa99","settings":{"video_link":"https:\/\/www.youtube.com\/watch?v=kuceVNBTJio","banner_bg_img":{"url":"http:\/\/jthemes.org\/wp\/xooapp\/wp-content\/uploads\/2018\/10\/video-1-img.png","id":100},"_margin":{"unit":"px","top":"0","right":"0","bottom":"-40","left":"0","isLinked":false},"video_text":" Watch the Overview"},"elements":[],"isInner":false,"widgetType":"xooapp_video_box","elType":"widget"}],"isInner":false,"elType":"column"}],"isInner":false,"elType":"section"},{"id":"f19c0ef","settings":{"html_tag":"div","margin_mobile":{"unit":"px","top":"0","right":0,"bottom":"0","left":0,"isLinked":false},"padding":{"unit":"px","top":"100","right":"0","bottom":"100","left":"0","isLinked":false},"padding_mobile":{"unit":"px","top":"0","right":"0","bottom":"0","left":"0","isLinked":false},"gap":"no","_element_id":"features"},"elements":[{"id":"72410e24","settings":{"_column_size":100},"elements":[{"id":"1dd1fbab","settings":{"gap":"no","content_position":"middle","html_tag":"div","padding":{"unit":"px","top":"0","right":"0","bottom":"0","left":"0","isLinked":false}},"elements":[{"id":"5835b557","settings":{"_column_size":100,"_inline_size":null,"margin":{"unit":"px","top":"0","right":"0","bottom":"0","left":"0","isLinked":false},"padding":{"unit":"px","top":"0","right":"0","bottom":"0","left":"0","isLinked":false}},"elements":[{"id":"1cee5651","settings":{"title":"Features In This App\n","subheading_title":"Aliquam a augue suscipit, luctus neque purus ipsum neque dolor primis libero tempus, tempor posuere ligula varius","align":"center","sub_align":"center","title_color":"#0c0c0c","typography_typography":"custom","sub_title_color":"#0c0c0c","sub_typography_typography":"custom","_padding":{"unit":"px","top":"0","right":"0","bottom":"0","left":"0","isLinked":false},"typography_font_size":{"unit":"px","size":61},"typography_line_height":{"unit":"em","size":1.399999999999999911182158029987476766109466552734375},"title_margin":{"unit":"px","top":"0","right":"0","bottom":"0","left":"0","isLinked":false},"subtitle_margin":{"unit":"%","top":"","right":"","bottom":"","left":"","isLinked":false},"subtitle_padding":{"unit":"%","top":"","right":"","bottom":"","left":"","isLinked":false},"section_margin":{"unit":"%","top":"0","right":"0","bottom":"0","left":"0","isLinked":false},"section_padding":{"unit":"px","top":"0","right":"0","bottom":"0","left":"0","isLinked":false}},"elements":[],"isInner":false,"widgetType":"xooapp-section-heading","elType":"widget"}],"isInner":true,"elType":"column"}],"isInner":true,"elType":"section"},{"id":"57e9f463","settings":{"gap":"extended","html_tag":"div","structure":"40","margin_mobile":{"unit":"px","top":"0","right":0,"bottom":"0","left":0,"isLinked":false},"padding_mobile":{"unit":"px","top":"0","right":"0","bottom":"0","left":"0","isLinked":false}},"elements":[{"id":"5efdc390","settings":{"_column_size":25,"_inline_size":null,"_inline_size_tablet":50},"elements":[{"id":"28520ea0","settings":{"icon":"pe-7s-piggy","feature_style":"fbox-3 purple-hover","title_text":"Free Trial","description_text":"Ligula risus auctor tempus dolor lacinia","primary_color":"#555555","hover_primary_color":"#783bb1","icon_size":{"unit":"px","size":80},"text_align":"center","title_color":"#0c0c0c","title_typography_typography":"custom","title_typography_font_size":{"unit":"px","size":20},"description_color":"#0c0c0c","_padding":{"unit":"px","top":"0","right":"0","bottom":"0","left":"0","isLinked":false}},"elements":[],"isInner":false,"widgetType":"feature-box","elType":"widget"},{"id":"75035c1d","settings":{"icon":"pe-7s-mail-open-file","feature_style":"fbox-3 purple-hover","title_text":"Mailer Engine","description_text":"Feugiat primis in lacinia risus an auctor","primary_color":"","hover_primary_color":"#783bb1","icon_size":{"unit":"px","size":80},"text_align":"center","title_color":"#0c0c0c","title_typography_typography":"custom","title_typography_font_size":{"unit":"px","size":20},"description_color":"#0c0c0c","_padding":{"unit":"px","top":"0","right":"0","bottom":"0","left":"0","isLinked":false},"shape":"square","font_gradient_primary_color":""},"elements":[],"isInner":false,"widgetType":"feature-box","elType":"widget"}],"isInner":true,"elType":"column"},{"id":"39174c92","settings":{"_column_size":25,"_inline_size":null,"_inline_size_tablet":50},"elements":[{"id":"665225e4","settings":{"icon":"pe-7s-vector","feature_style":"fbox-3 purple-hover","title_text":"Unique Design","description_text":"Dolor feugiat felis lacinia risus an auctor portao.","primary_color":"#0c0c0c","hover_primary_color":"#783bb1","icon_size":{"unit":"px","size":80},"text_align":"center","title_color":"#0c0c0c","title_typography_typography":"custom","title_typography_font_size":{"unit":"px","size":20},"description_color":"#0c0c0c","_padding":{"unit":"px","top":"0","right":"0","bottom":"0","left":"0","isLinked":false}},"elements":[],"isInner":false,"widgetType":"feature-box","elType":"widget"},{"id":"1ba484d9","settings":{"icon":"pe-7s-bell","feature_style":"fbox-3 purple-hover","title_text":"Notifications","description_text":"Semper lacus cursus porta primis ultrice","primary_color":"#0c0c0c","hover_primary_color":"#783bb1","icon_size":{"unit":"px","size":80},"text_align":"center","title_color":"#0c0c0c","title_typography_typography":"custom","title_typography_font_size":{"unit":"px","size":20},"description_color":"#0c0c0c","_padding":{"unit":"px","top":"0","right":"0","bottom":"0","left":"0","isLinked":false}},"elements":[],"isInner":false,"widgetType":"feature-box","elType":"widget"}],"isInner":true,"elType":"column"},{"id":"650913eb","settings":{"_column_size":25,"_inline_size":null,"_inline_size_tablet":50},"elements":[{"id":"b0857f5","settings":{"icon":"pe-7s-target","feature_style":"fbox-3 purple-hover","title_text":"Cross-Platform","description_text":"Ligula auctor tempus unt dolor feugiat felis","primary_color":"#555555","hover_primary_color":"#783bb1","icon_size":{"unit":"px","size":80},"text_align":"center","title_color":"#0c0c0c","title_typography_typography":"custom","title_typography_font_size":{"unit":"px","size":20},"description_color":"#0c0c0c","_padding":{"unit":"px","top":"0","right":"0","bottom":"0","left":"0","isLinked":false}},"elements":[],"isInner":false,"widgetType":"feature-box","elType":"widget"},{"id":"5b9eaabc","settings":{"icon":"pe-7s-refresh-2","feature_style":"fbox-3 purple-hover","title_text":"Free Updates","description_text":"Cursus porta in ultrice risus auctor porta","primary_color":"#555555","hover_primary_color":"#783bb1","icon_size":{"unit":"px","size":80},"text_align":"center","title_color":"#0c0c0c","title_typography_typography":"custom","title_typography_font_size":{"unit":"px","size":20},"description_color":"#0c0c0c","_padding":{"unit":"px","top":"0","right":"0","bottom":"0","left":"0","isLinked":false}},"elements":[],"isInner":false,"widgetType":"feature-box","elType":"widget"}],"isInner":true,"elType":"column"},{"id":"671e755d","settings":{"_column_size":25,"_inline_size":null,"_inline_size_tablet":50},"elements":[{"id":"49a11a16","settings":{"icon":"pe-7s-edit","feature_style":"fbox-3 purple-hover","title_text":"User Friendly","description_text":"Dolor feugiat felis lacinia risus an auctor portao.","primary_color":"#555555","hover_primary_color":"#783bb1","icon_size":{"unit":"px","size":80},"text_align":"center","title_color":"#0c0c0c","title_typography_typography":"custom","title_typography_font_size":{"unit":"px","size":20},"description_color":"#0c0c0c","_padding":{"unit":"px","top":"0","right":"0","bottom":"0","left":"0","isLinked":false}},"elements":[],"isInner":false,"widgetType":"feature-box","elType":"widget"},{"id":"232885df","settings":{"icon":"pe-7s-help2","feature_style":"fbox-3 purple-hover","title_text":"Fast Support","description_text":"Risus auctor dolor feugiat felis an auctor","primary_color":"#555555","hover_primary_color":"#783bb1","icon_size":{"unit":"px","size":80},"text_align":"center","title_color":"#0c0c0c","title_typography_typography":"custom","title_typography_font_size":{"unit":"px","size":20},"description_color":"#0c0c0c","_padding":{"unit":"px","top":"0","right":"0","bottom":"0","left":"0","isLinked":false}},"elements":[],"isInner":false,"widgetType":"feature-box","elType":"widget"}],"isInner":true,"elType":"column"}],"isInner":true,"elType":"section"}],"isInner":false,"elType":"column"}],"isInner":false,"elType":"section"},{"id":"3e3e4a6c","settings":{"content_position":"middle","html_tag":"div","background_background":"classic","background_color":"#f7f7f7","padding":{"unit":"px","top":"100","right":"0","bottom":"100","left":"0","isLinked":false},"_element_id":"go_premium","padding_mobile":{"unit":"px","top":"50","right":"0","bottom":"50","left":"0","isLinked":false}},"elements":[{"id":"3abb1c04","settings":{"_column_size":100},"elements":[{"id":"479671f5","settings":{"title":"Go Premium. Be Happy","subheading_title":"Aliquam a augue suscipit, luctus neque purus ipsum neque dolor primis libero tempus, tempor posuere ligula varius","sub_typography_typography":"custom","title_margin":{"unit":"px","top":"0","right":"0","bottom":"0","left":"0","isLinked":false}},"elements":[],"isInner":false,"widgetType":"xooapp-section-heading","elType":"widget"},{"id":"5bc2597d","settings":{"content_width":{"unit":"px","size":732},"structure":"20","html_tag":"div","gap":"extended"},"elements":[{"id":"f23d882","settings":{"_column_size":50,"_inline_size":null},"elements":[{"id":"653d986","settings":{"title":"<div class=\"pricing-plan m-bottom-10\"><h4 class=\"h4-md\">XooApp Free<\/h4><p><span class=\"price\">Free<\/span><\/p><\/div>","view":"","icon_list":[{"text":"20 Users Tasks","icon":"fa fa-check","_id":"dede0fa","link":{"url":"","is_external":"","nofollow":""}},{"text":"5 GB of Storage","icon":"fa fa-check","_id":"efce0d6","link":{"url":"","is_external":"","nofollow":""}},{"text":"Theme Customization","icon":"fa fa-dot-circle-o","_id":"f988f9e","link":{"url":"","is_external":"","nofollow":""}},{"text":"Free Email Support","icon":"fa fa-dot-circle-o","_id":"b4cc90b","link":{"url":"","is_external":"","nofollow":""}},{"text":"Security Suite","icon":"fa fa-dot-circle-o","_id":"6ea43db","link":{"url":"","is_external":"","nofollow":""}}],"button_text":"Get Started","space_between":{"unit":"px","size":15},"icon_size":{"unit":"px","size":21},"_animation":"fadeInRight"},"elements":[],"isInner":false,"widgetType":"pricing-table","elType":"widget"}],"isInner":true,"elType":"column"},{"id":"66f56b3","settings":{"_column_size":50,"_inline_size":null},"elements":[{"id":"1eef8349","settings":{"title":"<div class=\"pricing-plan m-bottom-10\"><h4 class=\"h4-md\">XooApp <strong>Pro<\/strong><\/h4><p><span class=\"price\">20$<\/span><sup class=\"validity\"> \/ monthly<\/sup><\/p><\/div>","icon_list":[{"text":"20 Users Tasks","icon":"fa fa-check","_id":"dede0fa","link":{"url":"","is_external":"","nofollow":""}},{"text":"5 GB of Storage","icon":"fa fa-check","_id":"efce0d6","link":{"url":"","is_external":"","nofollow":""}},{"text":"Theme Customization","icon":"fa fa-dot-circle-o","_id":"f988f9e","link":{"url":"","is_external":"","nofollow":""}},{"text":"Free Email Support","icon":"fa fa-dot-circle-o","_id":"b4cc90b","link":{"url":"","is_external":"","nofollow":""}},{"text":"Security Suite","icon":"fa fa-dot-circle-o","_id":"6ea43db","link":{"url":"","is_external":"","nofollow":""}}],"button_text":"Upgrade to PRO","space_between":{"unit":"px","size":16},"icon_size":{"unit":"px","size":19},"text_color":"#0c0c0c","icon_typography_typography":"custom","icon_typography_line_height":{"unit":"em","size":1},"button_style":"btn-lightblue","_animation":"fadeInLeft"},"elements":[],"isInner":false,"widgetType":"pricing-table","elType":"widget"}],"isInner":true,"elType":"column"}],"isInner":true,"elType":"section"},{"id":"228cd3c5","settings":{"editor":"<p><strong>Note!<\/strong>\u00a0Prices may vary from location to location due to local taxation laws and conversion rates from U.S. Dollars<\/p>","align":"center","text_color":"#0c0c0c","typography_typography":"custom","typography_font_size":{"unit":"px","size":18},"_padding":{"unit":"%","top":"0","right":"20","bottom":"0","left":"20","isLinked":false},"_padding_mobile":{"unit":"px","top":"0","right":"0","bottom":"0","left":"0","isLinked":false}},"elements":[],"isInner":false,"widgetType":"text-editor","elType":"widget"}],"isInner":false,"elType":"column"}],"isInner":false,"elType":"section"},{"id":"59034161","settings":{"structure":"20","padding":{"unit":"px","top":"100","right":"0","bottom":"100","left":"0","isLinked":false},"html_tag":"div","content_position":"middle","gap":"no","padding_mobile":{"unit":"px","top":"50","right":"0","bottom":"50","left":"0","isLinked":false},"_element_id":"how_it_works"},"elements":[{"id":"38204999","settings":{"_column_size":50,"_inline_size":null},"elements":[{"id":"5e171d07","settings":{"team_name":"Jonathan Barnes","designation":"Founder","social_list":[{"social_name":"Facebook","social_icon":"fa fa-facebook","_id":"a8a8d0f","social_link":"Social Link","list_color":""},{"social_name":"Twitter","social_icon":"fa fa-twitter","_id":"5d33090","social_link":"Social Link","list_color":""},{"social_name":"Dribbble","social_icon":"fa fa-dribbble","_id":"f620987","social_link":"Social Link","list_color":""}],"counter_list":[{"counter_name":"Happy Client","counter_icon":"pe-7s-smile","counter_number":"1154","_id":"570bf68","width":{"unit":"px","top":"0","right":"1","bottom":"1","left":"0","isLinked":false},"color":"#2d2d2d","border_type":"solid","border_width":{"unit":"px","top":"0","right":"1","bottom":"1","left":"0","isLinked":false},"border_color":"#d3d3d3"},{"counter_name":"Tickets Closed","counter_icon":"pe-7s-help2","counter_number":"409","_id":"d1b975c","width":{"unit":"px","top":"","right":"","bottom":"","left":"","isLinked":true},"color":"","border_type":"solid","border_width":{"unit":"px","top":"0","right":"0","bottom":"1","left":"0","isLinked":false},"border_color":"#dddddd"},{"counter_name":"Followers","counter_icon":"pe-7s-users","counter_number":"869","_id":"bf65d72","width":{"unit":"px","top":"","right":"","bottom":"","left":"","isLinked":true},"color":"","border_type":"solid","border_width":{"unit":"px","top":"0","right":"1","bottom":"0","left":"0","isLinked":false},"border_color":"#dddddd"},{"counter_name":"Cups of Coffee","counter_icon":"pe-7s-coffee","counter_number":"901","_id":"e8a2c00","width":{"unit":"px","top":"","right":"","bottom":"","left":"","isLinked":true},"color":"","border_type":"","border_width":{"unit":"px","top":"1","right":"0","bottom":"0","left":"1","isLinked":false},"border_color":"#dddddd"}],"number_color":"#0c0c0c","description_color":"#0c0c0c","description_typography_typography":"custom","font_gradient_primary_color":"#23a455","font_gradient_secondary_color":"#61ce70","icon_font_size_tablet":{"unit":"px","size":30},"description_typography_font_size_tablet":{"unit":"px","size":12}},"elements":[],"isInner":false,"widgetType":"xooapp-counter","elType":"widget"}],"isInner":false,"elType":"column"},{"id":"15a22ecc","settings":{"_column_size":50,"_inline_size":null},"elements":[{"id":"6f6bfbb1","settings":{"image":{"url":"http:\/\/jthemes.org\/wp\/xooapp\/wp-content\/uploads\/2018\/10\/image-06.png","id":62}},"elements":[],"isInner":false,"widgetType":"image","elType":"widget"}],"isInner":false,"elType":"column"}],"isInner":false,"elType":"section"},{"id":"47825b5d","settings":{"background_background":"classic","background_color":"#ffffff","padding":{"unit":"px","top":"100","right":"0","bottom":"100","left":"0","isLinked":false},"html_tag":"div","padding_mobile":{"unit":"px","top":"50","right":"0","bottom":"50","left":"0","isLinked":false},"_element_id":"review"},"elements":[{"id":"37e372e6","settings":{"_column_size":100,"_inline_size":null},"elements":[{"id":"2b4d9dce","settings":{"title":"Customers Feedback\n","subheading_title":"Aliquam a augue suscipit, luctus neque purus ipsum neque dolor primis libero tempus, tempor posuere ligula varius","title_color":"#0c0c0c","sub_title_color":"#0c0c0c","sub_typography_typography":"custom","_margin":{"unit":"px","top":"0","right":"0","bottom":"0","left":"0","isLinked":true}},"elements":[],"isInner":false,"widgetType":"xooapp-section-heading","elType":"widget"},{"id":"22656260","settings":{"html_tag":"div"},"elements":[{"id":"1ca42749","settings":{"_column_size":100,"_inline_size":null},"elements":[{"id":"5e75d807","settings":{"testimonial_option":[{"title":"Jonathan Morgan","designation":"Marketting","testimoni_content_title":"Super Support","testimoni_content":"Enim ad minim veniam, quis nostrud exercitation ullamco laboris nisi ut aliquip ex ea commodo conse quat. Duis aute irure dolor in reprehenderit in voluptate.","testimoni_image":{"url":"http:\/\/jthemes.org\/wp\/xooapp\/wp-content\/plugins\/xooapp-master\/assets\/images\/review-author-1.jpg"},"testimonial_rating":"<i class=\"fa fa-star\"><\/i><i class=\"fa fa-star\"><\/i><i class=\"fa fa-star\"><\/i><i class=\"fa fa-star\"><\/i><i class=\"fa fa-star\"><\/i>","_id":"a83175c"},{"title":"Harsul Hisham","designation":"Engineer","testimoni_content_title":"What a theme!","testimoni_content":"Enim ad minim veniam, quis nostrud exercitation ullamco laboris nisi ut aliquip ex ea commodo conse quat. Duis aute irure dolor in reprehenderit in voluptate.","testimoni_image":{"url":"http:\/\/jthemes.org\/wp\/xooapp\/wp-content\/plugins\/xooapp-master\/assets\/images\/review-author-2.jpg"},"testimonial_rating":"<i class=\"fa fa-star\"><\/i><i class=\"fa fa-star\"><\/i><i class=\"fa fa-star\"><\/i><i class=\"fa fa-star\"><\/i><i class=\"fa fa-star\"><\/i>","_id":"38005a2"},{"title":"Teem Southy","designation":"Developer","testimoni_content_title":"Outstanding Support","testimoni_content":"Enim ad minim veniam, quis nostrud exercitation ullamco laboris nisi ut aliquip ex ea commodo conse quat. Duis aute irure dolor in reprehenderit in voluptate.","testimoni_image":{"url":"http:\/\/jthemes.org\/wp\/xooapp\/wp-content\/plugins\/xooapp-master\/assets\/images\/review-author-3.jpg"},"testimonial_rating":"<i class=\"fa fa-star\"><\/i><i class=\"fa fa-star\"><\/i><i class=\"fa fa-star\"><\/i><i class=\"fa fa-star\"><\/i><i class=\"fa fa-star\"><\/i>","_id":"bb9db2a"},{"title":"Harsul Hisham","designation":"Engineer","testimoni_content_title":"Happy!!","testimoni_content":"Enim ad minim veniam, quis nostrud exercitation ullamco laboris nisi ut aliquip ex ea commodo conse quat. Duis aute irure dolor in reprehenderit in voluptate.","testimoni_image":{"url":"http:\/\/jthemes.org\/wp\/xooapp\/wp-content\/plugins\/xooapp-master\/assets\/images\/review-author-4.jpg"},"testimonial_rating":"<i class=\"fa fa-star\"><\/i><i class=\"fa fa-star\"><\/i><i class=\"fa fa-star\"><\/i><i class=\"fa fa-star\"><\/i><i class=\"fa fa-star-o\"><\/i>","_id":"fb14771"},{"title":"Jake Margin","designation":"Marketing","testimoni_content_title":"Nice Person","testimoni_content":"Enim ad minim veniam, quis nostrud exercitation ullamco laboris nisi ut aliquip ex ea commodo conse quat. Duis aute irure dolor in reprehenderit in voluptate.","testimoni_image":{"url":"http:\/\/jthemes.org\/wp\/xooapp\/wp-content\/plugins\/xooapp-master\/assets\/images\/review-author-5.jpg"},"testimonial_rating":"<i class=\"fa fa-star\"><\/i><i class=\"fa fa-star\"><\/i><i class=\"fa fa-star\"><\/i><i class=\"fa fa-star\"><\/i><i class=\"fa fa-star\"><\/i>","_id":"c3eda0f"}],"content_typography_typography":"custom","content_typography_font_weight":"300","_background_background":"classic","_background_color":"#ffffff","_margin_mobile":{"unit":"px","top":"-30","right":"0","bottom":"-60","left":"0","isLinked":false}},"elements":[],"isInner":false,"widgetType":"xooapp-testimonials","elType":"widget"}],"isInner":true,"elType":"column"}],"isInner":true,"elType":"section"}],"isInner":false,"elType":"column"}],"isInner":false,"elType":"section"},{"id":"8cbd1fc","settings":{"background_background":"classic","background_color":"#efefef","html_tag":"div","padding_mobile":{"unit":"px","top":"50","right":"0","bottom":"50","left":"0","isLinked":false},"_element_id":"our_team"},"elements":[{"id":"7322a66e","settings":{"_column_size":100,"padding":{"unit":"px","top":"90","right":"0","bottom":"100","left":"0","isLinked":false}},"elements":[{"id":"7f59eb4d","settings":{"title":"Our Executive Team","align":"center","subheading_title":"Aliquam a augue suscipit, luctus neque purus ipsum neque dolor primis \nlibero tempus, tempor posuere ligula varius","title_color":"#0c0c0c","sub_typography_typography":"custom","sub_typography_line_height":{"unit":"px","size":""},"sub_text_shadow_text_shadow":{"horizontal":0,"vertical":0,"blur":0,"color":"rgba(0,0,0,0.3)"},"typography_typography":"custom","typography_line_height":{"unit":"em","size":1.600000000000000088817841970012523233890533447265625},"sub_title_color":"#0c0c0c","_padding":{"unit":"px","top":"0","right":"0","bottom":"0","left":"0","isLinked":false},"title_margin":{"unit":"px","top":"0","right":"0","bottom":"0","left":"0","isLinked":false},"subtitle_margin":{"unit":"%","top":"","right":"","bottom":"","left":"","isLinked":false},"subtitle_padding":{"unit":"%","top":"","right":"","bottom":"","left":"","isLinked":false},"section_padding":{"unit":"%","top":"","right":"","bottom":"","left":"","isLinked":false}},"elements":[],"isInner":false,"widgetType":"xooapp-section-heading","elType":"widget"},{"id":"6b16bbb7","settings":{"structure":"40","html_tag":"div"},"elements":[{"id":"65c47a5f","settings":{"_column_size":25,"_inline_size":null},"elements":[{"id":"6cf03b27","settings":{"team_image":{"id":93,"url":"http:\/\/jthemes.org\/wp\/xooapp\/wp-content\/uploads\/2018\/10\/team-1.jpg"},"team_name":"Jonathan Barnes","designation":"Founder","social_list":[{"social_name":"Facebook","social_icon":"fa fa-facebook","_id":"480bfe2","social_link":"#","list_color":""},{"social_name":"Twitter","social_icon":"fa fa-twitter","_id":"2b96165","social_link":"#","list_color":""},{"social_name":"Dribbble","social_icon":"fa fa-dribbble","_id":"c4b3cd3","social_link":"#","list_color":""}],"primary_color":"#ffffff"},"elements":[],"isInner":false,"widgetType":"xooapp-team","elType":"widget"}],"isInner":true,"elType":"column"},{"id":"510114f4","settings":{"_column_size":25,"_inline_size":null},"elements":[{"id":"1c577c75","settings":{"team_image":{"id":94,"url":"http:\/\/jthemes.org\/wp\/xooapp\/wp-content\/uploads\/2018\/10\/team-2.jpg"},"team_name":"Hannah Harper","designation":"Project Manager","social_list":[{"social_name":"Facebook","social_icon":"fa fa-facebook","_id":"480bfe2","social_link":"#","list_color":"#c4c4c4"},{"social_name":"Twitter","social_icon":"fa fa-twitter","_id":"2b96165","social_link":"#","list_color":""},{"social_name":"Dribbble","social_icon":"fa fa-dribbble","_id":"c4b3cd3","social_link":"#","list_color":""}],"primary_color":"#ffffff"},"elements":[],"isInner":false,"widgetType":"xooapp-team","elType":"widget"}],"isInner":true,"elType":"column"},{"id":"5b45ac23","settings":{"_column_size":25,"_inline_size":null},"elements":[{"id":"1b69a565","settings":{"team_image":{"id":95,"url":"http:\/\/jthemes.org\/wp\/xooapp\/wp-content\/uploads\/2018\/10\/team-3.jpg"},"team_name":"Matthew Anderson","designation":"Programmer","social_list":[{"social_name":"Facebook","social_icon":"fa fa-facebook","_id":"480bfe2","social_link":"#","list_color":"#606060"},{"social_name":"Twitter","social_icon":"fa fa-twitter","_id":"2b96165","social_link":"#","list_color":""},{"social_name":"Dribbble","social_icon":"fa fa-dribbble","_id":"c4b3cd3","social_link":"#","list_color":""}],"primary_color":"#ffffff"},"elements":[],"isInner":false,"widgetType":"xooapp-team","elType":"widget"}],"isInner":true,"elType":"column"},{"id":"62992101","settings":{"_column_size":25,"_inline_size":null},"elements":[{"id":"4cfb105c","settings":{"team_image":{"id":96,"url":"http:\/\/jthemes.org\/wp\/xooapp\/wp-content\/uploads\/2018\/10\/team-4.jpg"},"team_name":"Megan Coleman","designation":"Graphic Designer","social_list":[{"social_name":"Facebook","social_icon":"fa fa-facebook","_id":"480bfe2","social_link":"#","list_color":""},{"social_name":"Twitter","social_icon":"fa fa-twitter","_id":"2b96165","social_link":"#","list_color":""},{"social_name":"Dribbble","social_icon":"fa fa-dribbble","_id":"c4b3cd3","social_link":"#","list_color":""}],"primary_color":"#ffffff"},"elements":[],"isInner":false,"widgetType":"xooapp-team","elType":"widget"}],"isInner":true,"elType":"column"}],"isInner":true,"elType":"section"},{"id":"12ef4903","settings":{"html_tag":"div"},"elements":[{"id":"738c6db7","settings":{"_column_size":100,"_inline_size":null},"elements":[{"id":"4a08436","settings":{"title":"<strong>We Are Hiring!<\/strong> Become part of our talented team","align":"center","subheading_title":"Gravida enim tempor sapien eget gravida donec enim ipsum porta justo at odio velna auctor <br \/>congue vitae magna at risus enim ipsum porta justo integer","title_color":"#0c0c0c","sub_title_color":"#0c0c0c","size":"xl","sub_header_size":"span","typography_typography":"custom","typography_font_weight":"400","sub_typography_typography":"custom","sub_typography_font_size":{"unit":"px","size":18},"typography_font_size":{"unit":"px","size":30},"typography_line_height":{"unit":"em","size":2},"_margin":{"unit":"px","top":"0","right":"0","bottom":"0","left":"0","isLinked":false},"title_margin":{"unit":"%","top":"","right":"","bottom":"","left":"","isLinked":false},"section_margin":{"unit":"px","top":"0","right":"0","bottom":"0","left":"0","isLinked":false},"section_padding":{"unit":"px","top":"0","right":"0","bottom":"0","left":"0","isLinked":false}},"elements":[],"isInner":false,"widgetType":"xooapp-section-heading","elType":"widget"},{"id":"7c833a74","settings":{"text":"Join Our Team","align":"center","size":"md"},"elements":[],"isInner":false,"widgetType":"button","elType":"widget"}],"isInner":true,"elType":"column"}],"isInner":true,"elType":"section"}],"isInner":false,"elType":"column"}],"isInner":false,"elType":"section"},{"id":"3f5b05ec","settings":{"html_tag":"div","padding_mobile":{"unit":"px","top":"50","right":"0","bottom":"50","left":"0","isLinked":false}},"elements":[{"id":"3e8c912c","settings":{"_column_size":100,"padding":{"unit":"px","top":"100","right":"0","bottom":"100","left":"0","isLinked":false}},"elements":[{"id":"16aa6bdc","settings":{"title":"Apps by DSAThemes\n","align":"center","subheading_title":"Aliquam a augue suscipit, luctus neque purus ipsum neque dolor primis libero tempus, tempor posuere ligula varius","title_color":"#0c0c0c","typography_typography":"custom","sub_title_color":"#0c0c0c","sub_typography_typography":"custom","title_margin":{"unit":"px","top":"0","right":"0","bottom":"10","left":"0","isLinked":false},"title_margin_tablet":{"unit":"px","top":"0","right":"0","bottom":"0","left":"0","isLinked":false},"title_margin_mobile":{"unit":"px","top":"0","right":"0","bottom":"0","left":"0","isLinked":false},"subtitle_margin":{"unit":"px","top":"0","right":"0","bottom":"0","left":"0","isLinked":false},"subtitle_padding":{"unit":"%","top":"","right":"","bottom":"","left":"","isLinked":false}},"elements":[],"isInner":false,"widgetType":"xooapp-section-heading","elType":"widget"},{"id":"48349f88","settings":{"structure":"30","content_width":{"unit":"px","size":950},"html_tag":"div"},"elements":[{"id":"20f165c6","settings":{"_column_size":33,"_inline_size":null,"margin_mobile":{"unit":"px","top":"0","right":"0","bottom":"30","left":"0","isLinked":false}},"elements":[{"id":"30d4809f","settings":{"title_text":"Eventador","description_text":"Aliquam a augue luctus neque purus ipsum neque dolor primis suscipit","text_align":"center","feature_image":{"id":10,"url":"http:\/\/jthemes.org\/wp\/xooapp\/wp-content\/uploads\/2018\/10\/app-logo-1.png"},"sub_title_text":"Productivity","icon_space":{"unit":"px","size":23},"title_bottom_space":{"unit":"px","size":0},"shape":"square","social_list":[{"social_name":"IOS","social_icon":"fa fa-apple","social_link":"#","_id":"cddb6ba"},{"social_name":"Android","social_icon":"fa fa-android","social_link":"#","_id":"abfe8a5"}],"font_gradient_primary_color":"#888888","font_gradient_secondary_color":"#888888","primary_color":"#0c0000","hover_primary_color":"#e2e2e2","description_typography_typography":"custom","description_typography_font_weight":"300","_animation":"fadeInUp"},"elements":[],"isInner":false,"widgetType":"feature-box","elType":"widget"}],"isInner":true,"elType":"column"},{"id":"41d62a13","settings":{"_column_size":33,"_inline_size":null,"margin_mobile":{"unit":"px","top":"0","right":"0","bottom":"30","left":"0","isLinked":false}},"elements":[{"id":"2f150567","settings":{"title_text":"UniSet","description_text":"Aliquam a augue luctus neque purus ipsum neque dolor primis suscipit","text_align":"center","feature_image":{"id":11,"url":"http:\/\/jthemes.org\/wp\/xooapp\/wp-content\/uploads\/2018\/10\/app-logo-2.png"},"sub_title_text":"Social Networking","icon_space":{"unit":"px","size":23},"title_bottom_space":{"unit":"px","size":0},"font_gradient_primary_color":"#888888","font_gradient_secondary_color":"#888888","primary_color":"#0c0000","social_list":[{"social_name":"Apple","social_icon":"fa fa-apple","social_link":"","_id":"8e215af"},{"social_name":"Android","social_icon":"fa fa-android","social_link":"","_id":"f7a54a4"}],"description_typography_typography":"custom","description_typography_font_weight":"300","_animation":"fadeInUp"},"elements":[],"isInner":false,"widgetType":"feature-box","elType":"widget"}],"isInner":true,"elType":"column"},{"id":"5e706697","settings":{"_column_size":33,"_inline_size":null},"elements":[{"id":"6a1a1cf4","settings":{"title_text":"LeekApp","description_text":"Aliquam a augue luctus neque purus ipsum neque dolor primis suscipit","text_align":"center","feature_image":{"id":12,"url":"http:\/\/jthemes.org\/wp\/xooapp\/wp-content\/uploads\/2018\/10\/app-logo-3.png"},"sub_title_text":"Finance","icon_space":{"unit":"px","size":23},"title_bottom_space":{"unit":"px","size":0},"social_list":[{"social_name":"IOS","social_icon":"fa fa-apple","social_link":"#","_id":"8eca15d"},{"social_name":"Android","social_icon":"fa fa-android","social_link":"#","_id":"0f9814e"}],"font_gradient_primary_color":"#888888","font_gradient_secondary_color":"#888888","description_typography_typography":"custom","description_typography_font_size":{"unit":"px","size":15},"description_typography_font_weight":"300","_animation":"fadeInUp"},"elements":[],"isInner":false,"widgetType":"feature-box","elType":"widget"}],"isInner":true,"elType":"column"}],"isInner":true,"elType":"section"}],"isInner":false,"elType":"column"}],"isInner":false,"elType":"section"},{"id":"4de06","settings":{"background_background":"classic","background_overlay_color":"rgba(38,38,38,0.93)","background_image":{"id":27,"url":"http:\/\/jthemes.org\/wp\/xooapp\/wp-content\/uploads\/2018\/10\/download-3.jpg"},"background_attachment":"fixed","padding":{"unit":"em","top":"","right":"","bottom":"","left":"","isLinked":true},"html_tag":"div","gap":"no","content_position":"middle","background_position":"bottom center","text_align":"center","margin":{"unit":"%","top":"","right":0,"bottom":"","left":0,"isLinked":false}},"elements":[{"id":"25f9ee44","settings":{"_column_size":100},"elements":[{"id":"57757703","settings":{"structure":"22","content_position":"middle","html_tag":"div","text_align":"left"},"elements":[{"id":"15a6be3","settings":{"_column_size":66,"_inline_size":29.56099999999999994315658113919198513031005859375},"elements":[{"id":"7068c850","settings":{"image":{"url":"http:\/\/jthemes.org\/wp\/xooapp\/wp-content\/uploads\/2018\/10\/image-14.png","id":70},"_margin":{"unit":"px","top":"-60","right":"0","bottom":"-60","left":"0","isLinked":false},"hide_mobile":"hidden-phone","_animation":"fadeInLeft","animation_duration":"slow","_margin_mobile":{"unit":"px","top":"0","right":"0","bottom":"0","left":"0","isLinked":false},"_padding_mobile":{"unit":"px","top":"0","right":"0","bottom":"0","left":"0","isLinked":false}},"elements":[],"isInner":false,"widgetType":"image","elType":"widget"}],"isInner":true,"elType":"column"},{"id":"122a6063","settings":{"_column_size":33,"_inline_size":70.4380000000000023874235921539366245269775390625,"padding":{"unit":"px","top":"0","right":"0","bottom":"0","left":"95","isLinked":false},"padding_tablet":{"unit":"px","top":"0","right":"0","bottom":"0","left":"0","isLinked":false},"padding_mobile":{"unit":"px","top":"0","right":"0","bottom":"0","left":"0","isLinked":false}},"elements":[{"id":"1059721d","settings":{"title":"Track all your money goals in one place\n","align":"left","subheading_title":"Feugiat eros, ac tincidunt ligula massa in faucibus orci luctus posuere cubilia curae integer congue leo metus\n","title_color":"#ffffff","sub_title_color":"#ffffff","sub_typography_typography":"custom","_padding":{"unit":"px","top":"0","right":"0","bottom":"0","left":"0","isLinked":false},"typography_typography":"custom","typography_line_height":{"unit":"em","size":0.90000000000000002220446049250313080847263336181640625},"text_shadow_text_shadow_type":"yes","title_margin":{"unit":"px","top":"0","right":"0","bottom":"10","left":"0","isLinked":false},"sub_typography_line_height":{"unit":"em","size":1.3000000000000000444089209850062616169452667236328125},"_margin":{"unit":"px","top":"0","right":"0","bottom":"0","left":"0","isLinked":false},"align_mobile":"center","_margin_mobile":{"unit":"px","top":"0","right":"0","bottom":"0","left":"0","isLinked":false},"_padding_mobile":{"unit":"px","top":"0","right":"0","bottom":"0","left":"0","isLinked":false},"title_margin_tablet":{"unit":"px","top":"0","right":"0","bottom":"0","left":"0","isLinked":false},"title_margin_mobile":{"unit":"px","top":"0","right":"0","bottom":"0","left":"0","isLinked":false},"subtitle_margin":{"unit":"px","top":"0","right":"0","bottom":"0","left":"0","isLinked":false},"subtitle_padding":{"unit":"px","top":"0","right":"0","bottom":"0","left":"0","isLinked":false},"section_margin":{"unit":"px","top":"0","right":"0","bottom":"0","left":"0","isLinked":false},"section_padding":{"unit":"px","top":"0","right":"0","bottom":"0","left":"0","isLinked":false},"_padding_tablet":{"unit":"px","top":"0","right":"0","bottom":"0","left":"0","isLinked":false},"_animation":"fadeInRight"},"elements":[],"isInner":false,"widgetType":"xooapp-section-heading","elType":"widget"},{"id":"765f8367","settings":{"app_image_one":{"url":"http:\/\/jthemes.org\/wp\/xooapp\/wp-content\/uploads\/2018\/10\/googleplay-tra-white.png","id":148},"app_one_link":"#","app_image_two":{"url":"http:\/\/jthemes.org\/wp\/xooapp\/wp-content\/uploads\/2018\/10\/appstore-tra-white.png","id":145},"app_two_link":"#","_padding":{"unit":"px","top":"0","right":"0","bottom":"0","left":"0","isLinked":false},"_margin_mobile":{"unit":"px","top":"0","right":"0","bottom":"0","left":"0","isLinked":false},"_padding_mobile":{"unit":"px","top":"0","right":"0","bottom":"0","left":"0","isLinked":false},"_animation":"fadeInRight","animation_duration":"slow","_animation_delay":400,"_padding_tablet":{"unit":"px","top":"0","right":"0","bottom":"0","left":"0","isLinked":false},"align_mobile":"center"},"elements":[],"isInner":false,"widgetType":"xooapp_app_info","elType":"widget"}],"isInner":true,"elType":"column"}],"isInner":true,"elType":"section"}],"isInner":false,"elType":"column"}],"isInner":false,"elType":"section"},{"id":"1511f802","settings":{"padding":{"unit":"px","top":"100","right":"0","bottom":"100","left":"0","isLinked":false},"html_tag":"div","background_background":"classic","background_image":{"url":"http:\/\/jthemes.org\/wp\/xooapp\/wp-content\/uploads\/2018\/10\/tra-waves.png","id":99},"background_position":"bottom center","xooapp_hide_mobile_mobile":"hidden-phone","padding_mobile":{"unit":"px","top":"50","right":"0","bottom":"50","left":"0","isLinked":false},"background_repeat":"no-repeat","_element_id":"faqs"},"elements":[{"id":"2f735b16","settings":{"_column_size":100},"elements":[{"id":"260dc05c","settings":{"title":"Troubles with XooApp?\n","subheading_title":"Aliquam a augue suscipit, luctus neque purus ipsum neque dolor primis libero tempus, tempor posuere ligula varius","typography_typography":"custom","typography_font_size":{"unit":"px","size":60},"sub_typography_typography":"custom","title_margin":{"unit":"px","top":"0","right":"0","bottom":"0","left":"0","isLinked":false}},"elements":[],"isInner":false,"widgetType":"xooapp-section-heading","elType":"widget"},{"id":"6eb22602","settings":{"structure":"20"},"elements":[{"id":"6165bc93","settings":{"_column_size":50,"_inline_size":null,"padding":{"unit":"px","top":"0","right":"45","bottom":"0","left":"45","isLinked":false}},"elements":[{"id":"2d901da4","settings":{"editor":"<div class=\"question animated fadeInUp visible\" data-animation=\"fadeInUp\" data-animation-delay=\"300\"><h5 class=\"h5-sm\">Lobortis sit magna ornare magna egestas?<\/h5><p>Etiam sit amet mauris suscipit sit amet in odio. Integer congue leo metus. Vitae arcu mollis blandit ultrice ligula egestas magna suscipit lectus magna suscipit luctus undo blandit vitae purus laoreet<\/p><\/div><div class=\"question animated fadeInUp visible\" data-animation=\"fadeInUp\" data-animation-delay=\"400\"><h5 class=\"h5-sm\">Placeat axime facere omnis volute?<\/h5><p>An augue egestas an ipsum vitae emo ligula volute ante ipsum primis in faucibus sit ametn in odio. Integer congue leo metus, eu mollis lorem viverra suscipit lectus magna<\/p><\/div><div class=\"question animated fadeInUp visible\" data-animation=\"fadeInUp\" data-animation-delay=\"500\"><h5 class=\"h5-sm\">An interdum lobortis pretium ornare?<\/h5><p>Feugiat eros, ac tincidunt ligula massa in faucibus orci luctus et ultrices posuere cubilia curae<\/p><\/div><div class=\"question animated fadeInUp visible\" data-animation=\"fadeInUp\" data-animation-delay=\"600\"><h5 class=\"h5-sm\">Interdum lobortis pretium ornare?<\/h5><p>Praesent semper, lacus sed cursus porta, odio augue ligula massa risus laoreet. Laoreet auctor massa varius egestas amet mauris suscipit semper lacus sed cursus porta feugiat primis<\/p><\/div>","typography_typography":"custom","typography_font_size":{"unit":"px","size":16}},"elements":[],"isInner":false,"widgetType":"text-editor","elType":"widget"}],"isInner":true,"elType":"column"},{"id":"44ecfbe2","settings":{"_column_size":50,"_inline_size":null,"padding":{"unit":"px","top":"0","right":"45","bottom":"0","left":"45","isLinked":false}},"elements":[{"id":"322478a9","settings":{"editor":"<div class=\"question animated fadeInUp visible\" data-animation=\"fadeInUp\" data-animation-delay=\"300\"><h5 class=\"h5-sm\">Aliquam dapibus pretium ornare?<\/h5><p>Feugiat eros ligula massa lipsum primis in orci luctus et ultrices posuere cubilia curae congue lorem. ante ipsum primis in faucibus bibendum sit amet in odio<\/p><\/div><div class=\"question animated fadeInUp visible\" data-animation=\"fadeInUp\" data-animation-delay=\"400\"><h5 class=\"h5-sm\">Pretium purus lacus tempor an ipsum vitae augue egestas emo ligula?<\/h5><p>Praesent semper lacus sed cursus porta, feugiat primis in orci luctus ligula eros ac ligula massa in faucibus orci luctus et ultrices posuere ante ipsum primis in faucibus bibendum sit amet in odio.<\/p><\/div><div class=\"question animated fadeInUp visible\" data-animation=\"fadeInUp\" data-animation-delay=\"500\"><h5 class=\"h5-sm\">Dapibus lobortis pretium ornare?<\/h5><p>Praesent semper, lacus sed cursus porta,feugiat primis in faucibus orci luctus tincidunt ligula ultrice sapien egestas lobortis magna<\/p><\/div><div class=\"question animated fadeInUp visible\" data-animation=\"fadeInUp\" data-animation-delay=\"600\"><h5 class=\"h5-sm\">Interdum lobortis pretium ornare?<\/h5><p>Feugiat eros, ac tincidunt ligula massa in faucibus orci luctus et ultrices posuere cubilia curae integer congue leo metus, eu mollis lorem primis in orci<\/p><\/div>"},"elements":[],"isInner":false,"widgetType":"text-editor","elType":"widget"}],"isInner":true,"elType":"column"}],"isInner":true,"elType":"section"},{"id":"5f4ef27a","settings":{"title":"Didn't find what you're looking for?\n","align":"center","typography_typography":"custom","typography_font_size":{"unit":"px","size":26},"typography_font_weight":"500","_margin":{"unit":"px","top":"0","right":"0","bottom":"0","left":"0","isLinked":false},"_padding":{"unit":"px","top":"50","right":"0","bottom":"0","left":"0","isLinked":false},"_margin_mobile":{"unit":"%","top":"","right":"","bottom":"","left":"","isLinked":false},"_padding_mobile":{"unit":"px","top":"0","right":"0","bottom":"0","left":"0","isLinked":false}},"elements":[],"isInner":false,"widgetType":"heading","elType":"widget"},{"id":"617c0d33","settings":{"text":"Ask Your Question Here","align":"center","size":"md","background_color":"#42a5f5"},"elements":[],"isInner":false,"widgetType":"button","elType":"widget"}],"isInner":false,"elType":"column"}],"isInner":false,"elType":"section"},{"id":"6296dd93","settings":{"html_tag":"div","background_background":"classic","background_color":"#f2f2f2","background_image":{"url":"http:\/\/jthemes.org\/wp\/xooapp\/wp-content\/uploads\/2018\/10\/tra-waves.png","id":99},"background_position":"bottom center","background_repeat":"no-repeat","padding":{"unit":"px","top":"100","right":"0","bottom":"100","left":"0","isLinked":false},"content_width":{"unit":"px","size":760},"padding_mobile":{"unit":"px","top":"50","right":"0","bottom":"50","left":"0","isLinked":false}},"elements":[{"id":"1d8116c5","settings":{"_column_size":100},"elements":[{"id":"4ce28ef1","settings":{"title":"Looking For Support?","subheading_title":"Got a Question? We'd love to hear from you. Send us a message and  we will respond you as soon as possible","typography_typography":"custom","typography_font_size":{"unit":"px","size":60},"sub_typography_typography":"custom","sub_typography_font_size":{"unit":"px","size":20},"title_margin":{"unit":"px","top":"0","right":"0","bottom":"8","left":"0","isLinked":false},"subtitle_margin":{"unit":"px","top":"0","right":"0","bottom":"0","left":"0","isLinked":false},"subtitle_padding":{"unit":"%","top":"0","right":"8","bottom":"0","left":"8","isLinked":false},"subtitle_padding_tablet":{"unit":"px","top":"0","right":"0","bottom":"0","left":"0","isLinked":false},"subtitle_padding_mobile":{"unit":"px","top":"0","right":"0","bottom":"0","left":"0","isLinked":false},"section_margin":{"unit":"px","top":"0","right":"0","bottom":"60","left":"0","isLinked":false},"section_padding":{"unit":"px","top":"0","right":"0","bottom":"0","left":"0","isLinked":false},"_margin":{"unit":"px","top":"0","right":"0","bottom":"0","left":"0","isLinked":false},"_padding":{"unit":"px","top":"0","right":"0","bottom":"0","left":"0","isLinked":false}},"elements":[],"isInner":false,"widgetType":"xooapp-section-heading","elType":"widget"},{"id":"2dd212bb","settings":{"wp":{"title":"","content":"[contact-form-7 id=\"5\" title=\"Contact form 1\"]"}},"elements":[],"isInner":false,"widgetType":"wp-widget-custom_html","elType":"widget"}],"isInner":false,"elType":"column"}],"isInner":false,"elType":"section"},{"id":"3206989","settings":{"content_position":"middle","background_background":"classic","background_color":"#42a045","background_image":{"url":"http:\/\/jthemes.org\/wp\/xooapp\/wp-content\/uploads\/2018\/10\/tra-bg-2.png","id":98},"background_position":"bottom right","background_attachment":"fixed","background_repeat":"no-repeat","background_size":"cover","padding":{"unit":"px","top":"100","right":"0","bottom":"100","left":"0","isLinked":false},"html_tag":"div","structure":"20","padding_mobile":{"unit":"px","top":"50","right":"0","bottom":"50","left":"0","isLinked":false}},"elements":[{"id":"4676d833","settings":{"_column_size":50,"_inline_size":50},"elements":[{"id":"1699a49f","settings":{"title":"Stay up to date with our news, ideas and updates\n","align":"left","subheading_title":"","title_color":"#ffffff","typography_typography":"custom","typography_font_size":{"unit":"px","size":35},"title_margin":{"unit":"px","top":"0","right":"0","bottom":"0","left":"0","isLinked":false},"subtitle_margin":{"unit":"px","top":"0","right":"0","bottom":"0","left":"0","isLinked":false},"subtitle_padding":{"unit":"px","top":"0","right":"0","bottom":"0","left":"0","isLinked":false},"section_margin":{"unit":"%","top":"","right":"","bottom":"","left":"","isLinked":true},"section_padding":{"unit":"px","top":"0","right":"0","bottom":"0","left":"0","isLinked":false},"_padding":{"unit":"px","top":"0","right":"50","bottom":"0","left":"0","isLinked":false}},"elements":[],"isInner":false,"widgetType":"xooapp-section-heading","elType":"widget"}],"isInner":false,"elType":"column"},{"id":"70ad5982","settings":{"_column_size":50,"_inline_size":50},"elements":[{"id":"20b81cda","settings":{"wp":{"title":""},"_padding":{"unit":"px","top":"0","right":"0","bottom":"0","left":"0","isLinked":false}},"elements":[],"isInner":false,"widgetType":"wp-widget-mc4wp_form_widget","elType":"widget"}],"isInner":false,"elType":"column"}],"isInner":false,"elType":"section"},{"id":"291223c5","settings":{"html_tag":"div","structure":"20","padding":{"unit":"px","top":"100","right":"0","bottom":"30","left":"0","isLinked":false}},"elements":[{"id":"7ecc75a9","settings":{"_column_size":50,"_inline_size":64.4740000000000037516656448133289813995361328125},"elements":[{"id":"4693f006","settings":{"banner_desc":"<p>Nemo ipsam egestas volute turpis dolores ut aliquam quaerat sodales sapien undo euismod blandit vitae arcu. Aenean blandit non nulla at sodales mollis in eget velit aliquam quaerat sodales sapien undo ongue magna impedit<\/p>","logo_size":{"unit":"px","size":190}},"elements":[],"isInner":false,"widgetType":"xooapp_logo","elType":"widget"}],"isInner":false,"elType":"column"},{"id":"42af1ff","settings":{"_column_size":50,"_inline_size":35.52600000000000335376171278767287731170654296875},"elements":[{"id":"82fe014","settings":{"social_icon_list":[{"social":"fa fa-facebook","_id":"3b18d7e","link":{"url":"","is_external":"true","nofollow":""},"show_icon":""},{"social":"fa fa-twitter","_id":"02f8544","link":{"url":"","is_external":"true","nofollow":""},"show_icon":""},{"social":"fa fa-instagram","_id":"dff109a","link":{"url":"","is_external":"true","nofollow":""},"show_icon":""},{"social":"fa fa-dribbble","link":{"url":"","is_external":"true","nofollow":""},"show_icon":"","_id":"8936156"}]},"elements":[],"isInner":false,"widgetType":"xooapp_social_list","elType":"widget"}],"isInner":false,"elType":"column"}],"isInner":false,"elType":"section"}]}